timestamp,cpu,memory,disk,temperature
2025-12-19T20:39:21.451722,12.4,65.5,68.1,
2025-12-19T20:39:22.966887,1.0,65.5,68.1,
2025-12-19T20:39:28.883340,14.0,65.2,68.1,
2025-12-19T20:39:30.401615,7.6,65.2,68.1,
2025-12-19T20:39:36.267664,15.6,65.1,68.1,
2025-12-19T20:39:37.780538,0.6,65.1,68.1,
2025-12-19T20:39:43.671669,14.5,64.9,68.1,
2025-12-19T20:39:45.192834,0.0,64.9,68.1,
2025-12-19T20:39:51.083697,14.2,65.0,68.1,
2025-12-19T20:39:52.595326,1.0,65.0,68.1,
2025-12-19T20:39:58.510020,11.4,65.0,68.1,
2025-12-19T20:40:10.528469,14.1,65.1,68.1,
2025-12-19T20:40:12.047922,2.2,65.1,68.1,
2025-12-19T20:40:17.896586,15.0,65.1,68.1,
2025-12-19T20:40:19.418111,0.4,65.1,68.1,
2025-12-22T12:43:07.303339,1.0,50.0,69.1,
2025-12-22T12:43:08.850755,4.1,50.0,69.1,
2025-12-22T12:43:18.443094,1.0,50.0,69.1,
2025-12-22T12:43:19.960097,2.7,50.1,69.1,
2025-12-22T12:43:29.577608,1.0,50.1,69.1,
2025-12-22T12:43:31.097827,6.9,50.1,69.1,
2025-12-22T12:43:40.759071,1.4,50.1,69.1,
2025-12-22T12:43:42.275983,2.3,50.1,69.1,
2025-12-22T12:43:51.890068,4.9,50.1,69.1,
2025-12-22T12:43:53.404782,2.3,50.1,69.1,
2025-12-22T12:44:03.044929,0.6,50.2,69.1,
2025-12-22T12:44:04.562097,0.6,50.1,69.1,
2025-12-22T12:44:14.187064,1.0,50.2,69.1,
2025-12-22T12:44:15.709540,1.8,50.1,69.1,
2025-12-22T12:44:25.323956,5.7,50.1,69.1,
2025-12-22T12:44:26.841731,2.3,50.2,69.1,
2025-12-22T12:44:36.510922,6.7,50.3,69.1,
2025-12-22T12:44:38.032598,2.1,50.5,69.1,
2025-12-22T12:44:47.703298,4.6,50.9,69.1,
2025-12-22T12:44:49.223516,5.6,50.9,69.1,
2025-12-22T12:44:58.852929,0.6,50.9,69.1,
2025-12-22T12:45:15.776311,0.2,55.3,69.2,
2025-12-22T12:45:17.296784,1.8,55.3,69.2,
2025-12-22T12:45:26.911252,2.8,55.3,69.2,
2025-12-22T12:57:45.674015,5.7,54.5,69.2,
2025-12-22T12:57:47.189610,2.8,54.5,69.2,
2025-12-22T12:57:56.842793,1.4,54.1,69.2,
2025-12-22T13:09:33.463194,4.3,50.9,69.1,
2025-12-22T13:09:34.980425,2.9,50.9,69.1,
2025-12-22T13:09:44.628346,2.2,50.0,69.1,
2025-12-22T13:09:46.145465,0.2,50.0,69.1,
2025-12-22T13:09:55.796485,3.1,50.0,69.1,
2025-12-22T13:09:57.310927,3.0,50.0,69.1,
2025-12-22T13:10:06.911156,0.8,50.0,69.1,
2025-12-22T13:10:08.423835,2.4,49.9,69.1,
2025-12-22T13:10:18.106272,0.6,49.7,69.1,
2025-12-22T13:10:19.622803,2.4,49.7,69.1,
2025-12-22T13:10:29.239633,0.2,49.7,69.1,
2025-12-22T13:10:30.753570,2.0,49.7,69.1,
2025-12-22T13:10:40.389044,2.2,49.9,69.1,
2025-12-22T13:10:41.907933,2.3,50.8,69.1,
2025-12-22T13:10:51.545354,0.6,50.4,69.1,
2025-12-22T13:10:53.068951,0.0,50.4,69.1,
2025-12-22T13:11:02.679864,2.1,50.8,69.1,
2025-12-22T13:11:04.197916,1.0,50.7,69.1,
2025-12-22T13:11:13.825148,0.6,50.4,69.1,
2025-12-22T13:11:15.343768,0.0,50.4,69.1,
2025-12-22T13:11:24.960408,0.0,49.3,69.1,
2025-12-22T13:11:26.478139,1.0,49.3,69.1,
2025-12-22T13:11:36.141718,0.4,49.4,69.1,
2025-12-22T13:11:37.653917,0.6,49.5,69.1,
2025-12-22T13:11:47.283632,5.0,49.5,69.1,
2025-12-22T13:11:48.797536,1.0,49.5,69.1,
2025-12-22T13:11:58.432747,0.6,49.4,69.1,
2025-12-22T13:11:59.946336,4.5,49.1,69.1,
2025-12-22T13:12:09.579206,1.4,49.2,69.1,
2025-12-22T13:12:11.098716,0.4,49.2,69.1,
2025-12-22T13:12:20.727414,1.2,49.2,69.1,
2025-12-22T13:12:35.964025,0.4,53.7,69.2,
2025-12-22T13:12:37.488991,2.3,53.8,69.2,
2025-12-22T13:12:47.111275,0.0,53.8,69.2,
2025-12-22T13:12:48.636754,1.4,53.7,69.2,
2025-12-22T13:12:58.266257,1.4,53.5,69.2,
2025-12-22T13:12:59.775639,1.8,53.5,69.2,
2025-12-22T13:13:09.417394,11.0,53.4,69.2,
2025-12-22T13:13:10.938581,0.4,53.4,69.2,
2025-12-22T13:13:20.604471,0.8,54.1,69.2,
2025-12-22T13:13:22.121293,0.8,54.1,69.2,
2025-12-22T13:13:31.785289,0.4,49.6,69.1,
2025-12-22T13:13:33.305572,0.4,49.6,69.1,
2025-12-22T13:13:42.951695,1.0,49.6,69.1,
2025-12-22T13:13:44.467536,1.8,49.4,69.1,
2025-12-22T13:13:54.107762,1.4,49.5,69.1,
2025-12-22T13:13:55.620657,0.2,49.5,69.1,
2025-12-22T13:14:05.263219,1.6,49.5,69.2,
2025-12-22T13:14:06.783171,0.2,49.6,69.2,
2025-12-22T13:14:16.422974,0.4,49.5,69.2,
2025-12-22T13:14:17.939516,0.6,49.5,69.2,
2025-12-22T13:14:27.593922,1.6,49.5,69.2,
2025-12-22T13:14:29.121314,0.4,49.5,69.2,
2025-12-22T13:14:38.739532,0.6,49.5,69.2,
2025-12-22T13:14:40.254199,1.0,49.5,69.2,
2025-12-22T13:14:49.930400,3.9,49.5,69.2,
2025-12-22T13:14:51.444242,1.2,49.6,69.2,
2025-12-22T13:15:01.114522,2.1,49.6,69.2,
2025-12-22T13:15:02.634837,1.6,49.6,69.2,
2025-12-22T13:15:12.266227,2.6,49.7,69.2,
2025-12-22T13:15:13.789712,0.8,49.7,69.2,
2025-12-22T13:15:23.428509,0.2,49.6,69.2,
2025-12-22T14:05:19.469478,14.6,65.5,69.3,
2025-12-22T14:05:20.990219,1.6,65.4,69.3,
2025-12-22T14:05:26.854507,14.5,65.4,69.3,
2025-12-22T14:05:28.379803,0.2,65.4,69.3,
2025-12-22T14:05:34.244015,10.3,65.0,69.3,
2025-12-22T14:05:35.759511,0.6,65.0,69.3,
2025-12-22T14:10:06.054408,12.5,60.2,69.3,
2025-12-22T14:10:41.000103,12.8,60.2,69.3,
2025-12-22T14:10:42.521134,1.0,60.3,69.3,
2025-12-22T14:10:48.364470,10.8,60.2,69.3,
2025-12-22T14:14:23.353224,14.9,60.7,69.3,
2025-12-22T14:14:24.867218,2.0,60.7,69.3,
2025-12-22T14:14:30.717587,11.0,60.7,69.3,
2025-12-22T14:14:32.243204,0.8,60.7,69.3,
2025-12-22T14:14:38.126337,10.4,60.7,69.3,
2025-12-22T14:14:39.636363,0.8,60.7,69.3,
2025-12-22T14:14:55.222470,11.9,60.3,69.3,
2025-12-22T14:14:56.741168,2.9,60.3,69.3,
2025-12-22T14:15:02.663360,8.0,60.2,69.3,
2025-12-22T14:15:04.174346,1.3,60.2,69.3,
2025-12-22T14:15:10.052924,12.1,60.3,69.3,
2025-12-22T14:15:11.570978,0.2,60.3,69.3,
2025-12-22T14:15:17.447322,10.9,60.3,69.3,
2025-12-22T14:15:29.097128,10.8,60.3,69.3,
2025-12-22T14:15:30.611631,1.8,60.3,69.3,
2025-12-22T14:15:36.502436,8.8,60.3,69.3,
2025-12-22T14:15:38.025319,0.6,60.3,69.3,
2025-12-22T14:15:43.922164,12.4,60.4,69.3,
2025-12-22T14:15:45.438578,0.8,60.4,69.3,
2025-12-22T14:15:51.369297,12.0,60.3,69.3,
2025-12-22T14:17:11.277988,11.0,60.6,69.3,
2025-12-22T14:17:12.789786,1.0,60.6,69.3,
2025-12-22T14:17:18.631479,10.8,60.6,69.3,
2025-12-22T14:32:43.309198,10.1,60.7,69.3,
2025-12-22T14:32:44.826509,0.0,60.7,69.3,
2025-12-22T14:32:50.750255,10.6,60.6,69.3,
2025-12-22T14:32:52.260276,2.0,60.7,69.3,
2025-12-22T14:32:58.202162,11.2,60.6,69.3,
2025-12-22T14:32:59.714847,0.2,60.6,69.3,
2025-12-22T14:33:05.640240,13.7,60.5,69.3,
2025-12-22T14:33:07.161722,1.2,60.5,69.3,
2025-12-22T14:33:13.105885,15.0,61.1,69.3,
2025-12-22T14:33:14.628653,0.2,61.1,69.3,
2025-12-22T14:33:20.503074,11.5,61.0,69.3,
2025-12-22T14:33:22.012560,0.2,61.1,69.3,
2025-12-22T14:45:19.865776,12.3,57.9,69.3,
2025-12-22T14:45:21.388335,2.7,57.8,69.3,
2025-12-22T14:45:27.286233,12.4,58.2,69.3,
2025-12-22T14:46:05.432874,10.9,57.8,69.3,
2025-12-22T14:46:06.954415,1.4,57.8,69.3,
2025-12-22T14:46:12.840913,12.7,57.8,69.3,
2025-12-22T14:46:14.361084,2.0,57.7,69.3,
2025-12-22T14:46:20.236012,12.9,57.8,69.3,
2025-12-22T14:46:21.743157,0.2,57.8,69.3,
2025-12-22T14:46:27.666360,12.1,57.8,69.3,
2025-12-22T14:46:29.186712,1.6,57.8,69.3,
2025-12-22T14:46:35.068385,12.7,57.8,69.3,
2025-12-22T14:46:36.578152,0.2,57.8,69.3,
2025-12-22T14:46:42.483230,10.5,57.8,69.3,
2025-12-22T14:46:44.000890,0.2,57.8,69.3,
2025-12-22T14:46:49.890334,14.8,57.8,69.3,
2025-12-22T14:46:51.411173,2.3,57.8,69.3,
2025-12-22T14:46:57.324641,10.5,53.7,69.3,
2025-12-22T14:47:15.241218,11.7,58.0,69.3,
2025-12-22T14:47:16.755440,1.7,58.1,69.3,
2025-12-22T14:47:26.390647,1.6,58.4,69.3,
2025-12-22T14:47:27.907254,0.4,58.4,69.3,
2025-12-22T14:47:37.517487,1.2,58.7,69.3,
2025-12-22T14:47:39.035303,1.2,58.7,69.3,
2025-12-22T14:47:48.676262,2.4,57.3,69.3,
2025-12-22T14:47:50.182153,0.8,57.3,69.3,
2025-12-22T14:47:59.816893,7.3,61.8,69.3,
2025-12-22T14:48:01.337320,2.9,63.1,69.3,
2025-12-22T14:48:10.937220,4.1,63.6,69.3,
2025-12-22T14:48:12.448905,2.7,63.6,69.3,
2025-12-22T14:48:22.049579,1.6,63.0,69.3,
2025-12-22T14:48:23.562399,1.8,63.0,69.3,
2025-12-22T14:48:33.181871,1.6,62.8,69.3,
2025-12-22T14:48:34.698127,0.2,62.9,69.3,
2025-12-22T14:48:44.315925,5.5,62.8,69.3,
2025-12-22T14:48:45.831324,2.9,62.8,69.3,
2025-12-22T14:48:55.482739,3.9,62.7,69.3,
2025-12-22T14:48:56.993910,1.4,62.8,69.3,
2025-12-22T14:49:06.644959,9.6,63.3,69.3,
2025-12-22T14:49:08.162870,3.9,63.3,69.3,
2025-12-22T14:49:17.730459,5.8,58.8,69.3,
2025-12-22T14:49:19.242532,0.2,58.8,69.3,
2025-12-22T14:49:28.877075,1.2,58.3,69.3,
2025-12-22T14:49:30.393656,1.8,58.4,69.3,
2025-12-22T14:49:40.026928,1.0,58.3,69.3,
2025-12-22T14:49:41.544063,3.6,59.7,69.3,
2025-12-22T14:49:51.176426,2.3,61.9,69.3,
2025-12-22T14:49:52.688053,2.4,61.9,69.3,
2025-12-22T14:50:02.323047,1.9,61.8,69.3,
2025-12-22T14:50:03.838523,0.2,61.9,69.3,
2025-12-22T14:50:13.471280,1.0,61.5,69.3,
2025-12-22T14:50:14.985920,0.0,61.5,69.3,
2025-12-22T14:50:24.606102,1.9,61.7,69.3,
2025-12-22T14:50:26.121381,1.2,61.8,69.3,
2025-12-22T14:50:35.732278,1.2,60.6,69.3,
2025-12-22T14:50:37.252937,0.4,60.5,69.3,
2025-12-22T14:50:46.870956,3.7,61.7,69.3,
2025-12-22T14:50:48.380408,0.2,61.8,69.3,
2025-12-22T14:50:56.743822,16.3,62.2,69.3,
2025-12-22T14:50:58.265108,0.2,62.2,69.3,
2025-12-22T14:51:04.170320,10.0,62.2,69.3,
2025-12-22T14:51:05.682615,0.2,62.3,69.3,
2025-12-22T14:51:11.612677,12.5,62.1,69.3,
2025-12-22T14:51:13.118256,0.4,62.0,69.3,
2025-12-22T14:51:22.715703,3.1,55.0,69.3,
2025-12-22T14:51:24.226417,2.9,55.0,69.3,
2025-12-22T14:51:33.910102,1.2,55.1,69.3,
2025-12-22T14:51:35.428318,0.4,55.0,69.3,
2025-12-22T14:51:45.026671,1.6,55.1,69.3,
2025-12-22T14:51:46.543906,0.0,55.1,69.3,
2025-12-22T14:51:55.362377,14.8,51.2,69.3,
2025-12-22T14:51:56.872845,0.2,51.2,69.3,
2025-12-22T14:52:00.576126,13.4,51.3,69.3,
2025-12-22T14:52:02.094244,2.0,51.3,69.3,
2025-12-22T14:52:03.611363,1.4,51.3,69.3,
2025-12-22T14:52:06.322229,11.8,54.0,69.3,
2025-12-22T14:52:07.839906,0.2,54.0,69.3,
2025-12-22T14:52:13.759091,19.8,55.4,69.3,
2025-12-22T14:52:15.275257,5.4,53.9,69.3,
2025-12-22T14:52:21.171423,15.9,53.9,69.3,
2025-12-22T14:52:22.687317,0.6,53.9,69.3,
2025-12-22T14:52:28.611071,11.4,53.9,69.3,
2025-12-22T14:52:30.121252,0.0,53.9,69.3,
2025-12-22T14:52:36.119023,17.7,56.8,69.3,
2025-12-22T14:52:37.638264,4.6,57.5,69.3,
2025-12-22T14:52:43.556537,12.0,57.7,69.3,
2025-12-22T14:52:45.070784,0.4,57.7,69.3,
2025-12-22T14:52:50.988417,13.8,57.1,69.3,
2025-12-22T14:52:52.503679,1.6,57.0,69.3,
2025-12-22T14:52:58.435913,15.3,57.2,69.3,
2025-12-22T14:52:59.951761,1.1,57.1,69.3,
2025-12-22T14:53:05.850239,12.5,57.0,69.3,
2025-12-22T14:53:07.370873,1.2,57.0,69.3,
2025-12-22T14:53:13.329918,11.9,56.8,69.3,
2025-12-22T14:53:14.852442,1.6,56.8,69.3,
2025-12-22T14:53:20.756385,13.4,56.8,69.3,
2025-12-22T14:53:22.269803,7.7,57.0,69.3,
2025-12-22T14:53:28.233817,15.6,57.2,69.3,
2025-12-22T14:53:29.752243,2.9,57.2,69.3,
2025-12-22T14:53:35.668178,13.4,57.2,69.3,
2025-12-22T14:53:37.184888,0.2,57.2,69.3,
2025-12-22T14:53:43.143721,11.2,56.8,69.3,
2025-12-22T14:53:44.666563,0.4,56.8,69.3,
2025-12-22T14:53:50.595173,13.3,56.6,69.3,
2025-12-22T14:53:52.113532,0.2,56.7,69.3,
2025-12-22T14:53:58.041478,16.2,56.6,69.3,
2025-12-22T14:53:59.562700,0.0,56.6,69.3,
2025-12-22T14:54:05.453863,17.5,57.1,69.3,
2025-12-22T14:54:06.961895,10.6,57.7,69.3,
2025-12-22T14:54:12.927233,11.5,57.5,69.3,
2025-12-22T14:54:14.446191,0.4,57.5,69.3,
2025-12-22T14:54:20.355079,13.8,57.1,69.3,
2025-12-22T14:54:21.861308,6.1,56.7,69.3,
2025-12-22T14:54:27.784635,11.9,56.4,69.3,
2025-12-22T14:54:29.294923,0.2,56.4,69.3,
2025-12-22T14:54:35.160107,20.3,56.4,69.3,
2025-12-22T14:54:36.676818,0.6,56.4,69.3,
2025-12-22T14:54:42.576406,14.4,56.4,69.3,
2025-12-22T14:54:44.097263,1.6,56.4,69.3,
2025-12-22T14:54:49.980855,16.4,56.5,69.3,
2025-12-22T14:54:51.490698,2.8,56.5,69.3,
2025-12-22T14:54:57.384529,12.7,56.4,69.3,
2025-12-22T14:54:58.892770,0.0,56.4,69.3,
2025-12-22T14:55:04.815825,11.3,56.4,69.3,
2025-12-22T14:55:06.324699,1.2,56.3,69.3,
2025-12-22T14:55:12.254325,13.3,56.3,69.3,
2025-12-22T14:55:13.769506,1.4,56.3,69.3,
2025-12-22T14:55:17.457565,12.3,56.3,69.3,
2025-12-22T14:55:18.963747,3.6,52.1,69.3,
2025-12-22T14:55:22.083657,12.6,52.1,69.3,
2025-12-22T14:55:23.590194,5.9,52.2,69.3,
2025-12-22T14:55:29.493810,14.1,51.9,69.3,
2025-12-22T14:55:31.006389,0.0,51.9,69.3,
2025-12-22T14:55:36.864035,13.6,51.9,69.3,
2025-12-22T14:55:38.376090,0.0,51.9,69.3,
2025-12-22T14:55:44.296230,15.4,51.9,69.3,
2025-12-22T14:55:45.807475,0.0,51.9,69.3,
2025-12-22T14:55:51.687783,15.0,52.0,69.3,
2025-12-22T14:55:53.196749,0.0,52.0,69.3,
2025-12-22T14:55:59.075122,13.3,52.0,69.3,
2025-12-22T14:56:00.584762,0.0,52.0,69.3,
2025-12-22T14:56:06.450374,15.7,52.2,69.3,
2025-12-22T14:56:07.965367,0.0,52.3,69.3,
2025-12-22T14:56:13.792659,11.0,52.6,69.3,
2025-12-22T14:56:15.300693,8.2,52.7,69.3,
2025-12-22T14:56:21.274186,13.2,56.1,69.3,
2025-12-22T14:56:22.785198,0.0,55.8,69.3,
2025-12-22T14:56:28.708106,16.6,54.9,69.3,
2025-12-22T14:56:30.220755,7.5,56.4,69.3,
2025-12-22T14:56:36.140535,19.1,56.7,69.3,
2025-12-22T14:56:37.661502,3.7,56.6,69.3,
2025-12-22T14:56:43.601989,11.8,61.1,69.3,
2025-12-22T14:56:45.114202,2.2,61.3,69.3,
2025-12-22T14:56:51.043540,12.5,60.4,69.3,
2025-12-22T14:56:52.559371,2.6,60.4,69.3,
2025-12-22T14:56:58.515138,14.0,60.4,69.3,
2025-12-22T14:57:00.029542,2.2,60.4,69.3,
2025-12-22T14:57:05.990925,13.1,60.4,69.3,
2025-12-22T14:57:07.511455,0.0,60.4,69.3,
2025-12-22T14:57:13.401059,13.1,60.0,69.3,
2025-12-22T14:57:14.923009,0.6,60.0,69.3,
2025-12-22T14:57:20.823822,16.3,60.0,69.3,
2025-12-22T14:57:22.344761,1.0,60.0,69.3,
2025-12-22T14:57:28.262320,15.2,60.0,69.3,
2025-12-22T14:57:29.783498,0.4,59.9,69.3,
2025-12-22T14:57:35.680652,13.8,59.9,69.3,
2025-12-22T14:57:37.189907,1.0,59.9,69.3,
2025-12-22T14:57:43.121836,17.0,60.4,69.3,
2025-12-22T14:57:44.660991,4.7,60.4,69.3,
2025-12-22T14:57:50.547358,13.2,55.9,69.3,
2025-12-22T14:57:52.056225,2.6,55.9,69.3,
2025-12-22T14:57:57.999021,11.7,55.8,69.3,
2025-12-22T14:57:59.506577,0.2,55.8,69.3,
2025-12-22T14:58:05.402343,13.4,55.8,69.3,
2025-12-22T14:58:06.921365,1.2,55.8,69.3,
2025-12-22T14:58:12.825665,5.5,55.8,69.3,
2025-12-22T14:58:14.336542,0.2,55.8,69.3,
2025-12-22T14:58:18.060181,11.3,55.8,69.3,
2025-12-22T14:58:19.568537,0.0,55.8,69.3,
2025-12-22T14:58:23.070620,14.5,55.8,69.3,
2025-12-22T14:58:24.585626,1.8,55.8,69.3,
2025-12-22T14:58:30.471860,17.2,55.4,69.3,
2025-12-22T14:58:31.985553,3.8,55.5,69.3,
2025-12-22T14:58:37.919617,11.1,55.5,69.3,
2025-12-22T14:58:39.433517,1.2,55.5,69.3,
2025-12-22T14:58:45.360021,18.3,55.5,69.3,
2025-12-22T14:58:46.869992,7.0,55.6,69.3,
2025-12-22T14:58:52.818301,18.9,55.9,69.3,
2025-12-22T14:58:54.329728,0.0,55.9,69.3,
2025-12-22T14:59:00.251874,15.2,55.4,69.3,
2025-12-22T14:59:01.765916,5.3,55.8,69.3,
2025-12-22T14:59:07.729635,12.2,55.7,69.3,
2025-12-22T14:59:09.248113,1.6,55.7,69.3,
2025-12-22T14:59:15.189631,12.0,55.6,69.3,
2025-12-22T14:59:16.698284,1.6,55.6,69.3,
2025-12-22T14:59:22.625724,13.9,55.6,69.3,
2025-12-22T14:59:24.148746,0.8,55.6,69.3,
2025-12-22T14:59:30.143699,13.4,60.4,69.3,
2025-12-22T14:59:31.657441,1.4,60.3,69.3,
2025-12-22T14:59:37.594439,13.2,60.5,69.3,
2025-12-22T14:59:39.112270,1.0,60.6,69.3,
2025-12-22T14:59:45.067208,12.0,61.1,69.3,
2025-12-22T14:59:46.588726,0.8,60.9,69.3,
2025-12-22T14:59:52.515082,12.7,60.4,69.3,
2025-12-22T14:59:54.028306,1.2,60.2,69.3,
2025-12-22T14:59:59.928134,12.1,60.2,69.3,
2025-12-22T15:00:01.443287,0.6,60.2,69.3,
2025-12-22T15:00:07.387443,14.0,60.1,69.3,
2025-12-22T15:00:08.892649,0.2,60.1,69.3,
2025-12-22T15:00:14.821666,13.6,59.9,69.3,
2025-12-22T15:00:16.328934,1.6,59.9,69.3,
2025-12-22T15:00:22.262718,9.1,59.8,69.3,
2025-12-22T15:00:23.768914,1.8,59.7,69.3,
2025-12-22T15:00:29.729130,11.4,59.7,69.3,
2025-12-22T15:00:31.240720,1.0,59.7,69.3,
2025-12-22T15:00:37.210706,13.8,59.7,69.3,
2025-12-22T15:00:38.724296,0.0,59.7,69.3,
2025-12-22T15:00:44.659003,15.4,56.3,69.3,
2025-12-22T15:00:46.169485,1.2,59.9,69.3,
2025-12-22T15:00:52.051251,13.4,59.6,69.3,
2025-12-22T15:00:53.563406,2.0,60.0,69.3,
2025-12-22T15:00:59.498026,14.4,60.3,69.3,
2025-12-22T15:01:01.014288,0.4,60.5,69.3,
2025-12-22T15:01:06.933528,13.8,61.1,69.3,
2025-12-22T15:01:08.454276,2.9,61.1,69.3,
2025-12-22T15:01:14.340257,10.9,61.0,69.3,
2025-12-22T15:01:15.855152,2.0,60.7,69.3,
2025-12-22T15:01:19.551330,12.8,60.7,69.3,
2025-12-22T15:01:21.067285,0.6,60.7,69.3,
2025-12-22T15:01:24.572214,10.4,60.7,69.3,
2025-12-22T15:01:26.083591,0.6,60.7,69.3,
2025-12-22T15:01:31.990318,11.3,61.0,69.3,
2025-12-22T15:01:33.501193,1.6,60.9,69.3,
2025-12-22T15:01:39.466722,17.7,63.7,69.3,
2025-12-22T15:01:40.977993,2.8,62.0,69.3,
2025-12-22T15:01:46.979522,11.1,63.3,69.3,
2025-12-22T15:01:48.494010,0.0,63.3,69.3,
2025-12-22T15:01:54.488403,11.1,64.6,69.3,
2025-12-22T15:01:56.001347,1.8,64.1,69.3,
2025-12-22T15:02:01.958646,11.5,64.0,69.3,
2025-12-22T15:02:03.471584,0.6,63.8,69.3,
2025-12-22T15:02:09.419842,14.7,63.9,69.3,
2025-12-22T15:02:10.929746,0.6,63.8,69.3,
2025-12-22T15:02:16.882847,14.7,63.6,69.3,
2025-12-22T15:02:18.399803,0.4,63.7,69.3,
2025-12-22T15:02:24.318411,14.3,63.7,69.3,
2025-12-22T15:02:25.826880,1.4,63.7,69.3,
2025-12-22T15:02:31.783445,11.1,63.6,69.3,
2025-12-22T15:02:33.291906,0.4,63.6,69.3,
2025-12-22T15:02:39.210615,12.1,63.7,69.3,
2025-12-22T15:02:40.726538,0.2,63.7,69.3,
2025-12-22T15:02:46.673783,10.7,59.3,69.3,
2025-12-22T15:02:48.183827,0.2,59.3,69.3,
2025-12-22T15:02:54.104563,14.8,59.5,69.3,
2025-12-22T15:02:55.625247,6.2,59.4,69.3,
2025-12-22T15:03:01.561712,14.2,59.5,69.3,
2025-12-22T15:03:03.075161,1.0,59.5,69.3,
2025-12-22T15:03:09.055984,12.0,59.5,69.3,
2025-12-22T15:03:10.575329,0.0,59.4,69.3,
2025-12-22T15:03:16.461838,12.1,59.4,69.3,
2025-12-22T15:03:17.972350,1.0,59.4,69.3,
2025-12-22T15:03:23.944566,15.7,60.4,69.3,
2025-12-22T15:03:25.461190,0.8,60.4,69.3,
2025-12-22T15:03:31.354974,13.3,60.4,69.3,
2025-12-22T15:03:32.862012,1.0,60.4,69.3,
2025-12-22T15:03:38.788965,10.7,60.4,69.3,
2025-12-22T15:03:40.306081,0.8,60.4,69.3,
2025-12-22T15:03:46.252909,13.0,60.3,69.3,
2025-12-22T15:03:47.768671,0.6,60.3,69.3,
2025-12-22T15:03:53.652998,13.3,60.3,69.3,
2025-12-22T15:03:55.169281,2.0,60.3,69.3,
2025-12-22T15:04:01.122246,11.9,60.2,69.3,
2025-12-22T15:04:02.635074,0.6,60.3,69.3,
2025-12-22T15:04:08.588186,11.2,60.2,69.3,
2025-12-22T15:04:10.098906,0.6,60.2,69.3,
2025-12-22T15:04:16.086683,15.0,60.3,69.3,
2025-12-22T15:04:17.594621,0.2,60.4,69.3,
2025-12-22T15:04:21.300829,13.5,60.2,69.3,
2025-12-22T15:04:22.806822,0.4,60.2,69.3,
2025-12-22T15:04:26.316380,13.7,60.2,69.3,
2025-12-22T15:04:27.832533,0.4,60.2,69.3,
2025-12-22T15:04:33.751871,14.5,60.3,69.3,
2025-12-22T15:04:35.258781,7.9,60.3,69.3,
2025-12-22T15:04:41.206956,15.9,60.3,69.3,
2025-12-22T15:04:42.724725,1.8,60.3,69.3,
2025-12-22T15:04:48.686829,20.0,61.0,69.3,
2025-12-22T15:04:50.207410,1.2,61.0,69.3,
2025-12-22T15:04:56.156091,11.2,60.8,69.3,
2025-12-22T15:04:57.674214,1.6,60.5,69.3,
2025-12-22T15:05:03.593433,15.8,60.4,69.3,
2025-12-22T15:05:05.107903,1.6,60.4,69.3,
2025-12-22T15:05:11.033043,12.1,60.8,69.3,
2025-12-22T15:05:12.544914,0.8,61.1,69.3,
2025-12-22T15:05:18.444534,13.0,61.1,69.3,
2025-12-22T15:05:19.960683,1.6,61.0,69.3,
2025-12-22T15:05:25.898811,13.8,61.1,69.3,
2025-12-22T15:05:27.410148,0.6,61.2,69.3,
2025-12-22T15:05:33.318421,13.6,61.3,69.3,
2025-12-22T15:05:34.825739,0.6,61.3,69.3,
2025-12-22T15:05:40.800766,13.0,61.4,69.3,
2025-12-22T15:05:42.322450,0.6,61.4,69.3,
2025-12-22T15:05:48.267838,16.1,61.3,69.3,
2025-12-22T15:05:49.781175,1.0,61.3,69.3,
2025-12-22T15:05:55.707944,13.4,61.1,69.3,
2025-12-22T15:05:57.214388,1.4,61.2,69.3,
2025-12-22T15:06:03.127280,9.9,61.1,69.3,
2025-12-22T15:06:04.642416,0.8,61.1,69.3,
2025-12-22T15:06:10.571591,11.8,61.2,69.3,
2025-12-22T15:06:12.078368,1.0,61.2,69.3,
2025-12-22T15:06:17.989386,15.2,61.2,69.3,
2025-12-22T15:06:19.506424,0.6,61.2,69.3,
2025-12-22T15:06:25.473232,12.3,61.4,69.3,
2025-12-22T15:06:26.981578,0.6,61.4,69.3,
2025-12-22T15:06:32.931737,13.1,61.3,69.3,
2025-12-22T15:06:34.440629,0.0,61.4,69.3,
2025-12-22T15:06:40.361277,11.8,61.3,69.3,
2025-12-22T15:06:41.872258,0.4,61.3,69.3,
2025-12-22T15:06:47.797228,13.5,61.6,69.3,
2025-12-22T15:06:49.302927,1.8,61.7,69.3,
2025-12-22T15:06:55.254373,16.6,61.8,69.3,
2025-12-22T15:06:56.760726,1.5,61.8,69.3,
2025-12-22T15:07:02.710084,9.8,61.8,69.3,
2025-12-22T15:07:04.216628,1.0,61.7,69.3,
2025-12-22T15:07:10.172903,11.2,61.7,69.3,
2025-12-22T15:07:11.686379,2.0,61.7,69.3,
2025-12-22T15:07:17.623921,13.0,61.4,69.3,
2025-12-22T15:07:19.140397,0.2,61.4,69.3,
2025-12-22T15:07:22.888971,14.5,61.9,69.3,
2025-12-22T15:07:24.407491,1.2,61.9,69.3,
2025-12-22T15:07:25.921303,0.0,61.9,69.3,
2025-12-22T15:07:27.440871,0.2,61.7,69.3,
2025-12-22T15:07:28.956689,0.2,61.7,69.3,
2025-12-22T15:07:32.093358,12.4,61.7,69.3,
2025-12-22T15:07:33.603575,1.2,61.8,69.3,
2025-12-22T15:07:39.514798,13.8,61.6,69.3,
2025-12-22T15:07:41.027495,0.0,61.6,69.3,
2025-12-22T15:07:46.948775,14.7,61.6,69.3,
2025-12-22T15:07:48.461779,1.0,61.6,69.3,
2025-12-22T15:07:54.361307,13.2,61.6,69.3,
2025-12-22T15:07:55.870344,0.4,61.6,69.3,
2025-12-22T15:08:01.771058,12.6,61.6,69.3,
2025-12-22T15:08:03.290962,0.2,61.6,69.3,
2025-12-22T15:08:09.211861,11.7,61.5,69.3,
2025-12-22T15:08:10.721728,0.2,61.5,69.3,
2025-12-22T15:08:16.654784,11.2,61.4,69.3,
2025-12-22T15:08:18.174821,0.4,61.4,69.3,
2025-12-22T15:08:24.111799,10.5,61.4,69.3,
2025-12-22T15:08:25.624734,0.4,61.4,69.3,
2025-12-22T15:08:31.579579,12.7,61.4,69.3,
2025-12-22T15:08:33.087234,0.0,61.4,69.3,
2025-12-22T15:08:39.028805,12.4,60.8,69.3,
2025-12-22T15:08:40.538965,0.6,60.8,69.3,
2025-12-22T15:08:46.480739,14.4,60.8,69.3,
2025-12-22T15:08:47.999422,1.0,60.7,69.3,
2025-12-22T15:08:53.940235,12.7,60.8,69.3,
2025-12-22T15:08:55.457815,0.6,60.8,69.3,
2025-12-22T15:09:01.440488,11.6,60.9,69.3,
2025-12-22T15:09:02.947536,0.4,60.8,69.3,
2025-12-22T15:09:08.899826,11.7,60.7,69.3,
2025-12-22T15:09:10.408378,0.0,60.7,69.3,
2025-12-22T15:09:16.338618,11.4,60.7,69.3,
2025-12-22T15:09:17.854723,1.6,60.7,69.3,
2025-12-22T15:09:23.820222,15.3,60.9,69.3,
2025-12-22T15:09:25.339962,0.2,60.9,69.3,
2025-12-22T15:09:31.246215,14.3,60.9,69.3,
2025-12-22T15:09:32.757246,0.4,60.9,69.3,
2025-12-22T15:09:38.680480,12.8,60.8,69.3,
2025-12-22T15:09:40.191403,0.6,60.8,69.3,
2025-12-22T15:09:46.117804,17.8,60.8,69.3,
2025-12-22T15:09:47.635679,0.8,60.8,69.3,
2025-12-22T15:09:53.558488,14.3,60.7,69.3,
2025-12-22T15:09:55.067259,0.2,60.7,69.3,
2025-12-22T15:10:00.949310,13.7,60.7,69.3,
2025-12-22T15:10:02.468275,6.1,60.9,69.3,
2025-12-22T15:10:08.343033,14.3,60.9,69.3,
2025-12-22T15:10:09.853360,0.6,60.9,69.3,
2025-12-22T15:10:15.770180,11.4,61.1,69.3,
2025-12-22T15:10:17.289768,0.6,61.2,69.3,
2025-12-22T15:10:21.026490,12.7,61.1,69.3,
2025-12-22T15:10:22.542783,2.0,61.1,69.3,
2025-12-22T15:10:24.063146,0.8,61.1,69.3,
2025-12-22T15:10:26.813766,13.2,61.1,69.3,
2025-12-22T15:10:28.331383,0.0,61.1,69.3,
2025-12-22T15:10:34.222637,13.3,61.1,69.3,
2025-12-22T15:10:35.731981,1.0,60.9,69.3,
2025-12-22T15:10:41.640789,12.8,60.9,69.3,
2025-12-22T15:10:43.152642,0.6,60.9,69.3,
2025-12-22T15:10:49.107127,15.0,60.7,69.3,
2025-12-22T15:10:50.624800,4.3,60.7,69.3,
2025-12-22T15:10:56.573328,12.1,60.7,69.3,
2025-12-22T15:10:58.080318,0.0,60.7,69.3,
2025-12-22T15:11:04.022343,13.3,60.6,69.3,
2025-12-22T15:11:05.539592,0.8,60.7,69.3,
2025-12-22T15:11:11.434632,9.3,60.7,69.3,
2025-12-22T15:11:12.941786,2.5,60.7,69.3,
2025-12-22T15:11:18.933661,11.2,60.8,69.3,
2025-12-22T15:11:20.440797,1.8,60.9,69.3,
2025-12-22T15:11:26.393930,13.7,60.8,69.3,
2025-12-22T15:11:27.914126,0.8,60.8,69.3,
2025-12-22T15:11:33.834815,12.0,60.8,69.3,
2025-12-22T15:11:35.347205,0.4,60.9,69.3,
2025-12-22T15:11:41.260149,12.8,60.9,69.3,
2025-12-22T15:11:42.779561,1.0,60.9,69.3,
2025-12-22T15:11:48.727700,9.7,60.8,69.3,
2025-12-22T15:11:50.245725,0.6,60.8,69.3,
2025-12-22T15:11:56.172295,14.7,61.0,69.3,
2025-12-22T15:11:57.689151,1.0,61.1,69.3,
2025-12-22T15:12:03.592105,13.1,61.1,69.3,
2025-12-22T15:12:05.101517,1.2,61.0,69.3,
2025-12-22T15:12:11.037255,15.7,60.9,69.3,
2025-12-22T15:12:12.558880,0.2,60.9,69.3,
2025-12-22T15:12:18.482817,12.6,60.8,69.3,
2025-12-22T15:12:19.998433,0.0,60.8,69.3,
2025-12-22T15:12:25.929911,14.1,60.9,69.3,
2025-12-22T15:12:27.443789,3.7,60.6,69.3,
2025-12-22T15:12:33.338930,14.7,60.7,69.3,
2025-12-22T15:12:34.852339,0.8,60.7,69.3,
2025-12-22T15:12:40.781243,9.2,60.6,69.3,
2025-12-22T15:12:42.287785,0.6,60.6,69.3,
2025-12-22T15:12:48.174299,11.5,60.6,69.3,
2025-12-22T15:12:49.692055,0.2,60.6,69.3,
2025-12-22T15:12:55.622472,10.8,60.6,69.3,
2025-12-22T15:12:57.130885,5.4,60.6,69.3,
2025-12-22T15:13:03.062950,10.7,60.6,69.3,
2025-12-22T15:13:04.576914,0.2,60.6,69.3,
2025-12-22T15:13:10.515835,12.5,60.2,69.3,
2025-12-22T15:13:12.027014,0.4,60.2,69.3,
2025-12-22T15:13:17.983692,14.5,60.4,69.3,
2025-12-22T15:13:19.500987,0.2,60.5,69.3,
2025-12-22T15:13:23.197771,15.7,60.5,69.3,
2025-12-22T15:13:24.708505,0.6,60.4,69.3,
2025-12-22T15:13:28.230142,15.6,60.4,69.3,
2025-12-22T15:13:29.737580,0.4,60.4,69.3,
2025-12-22T15:13:35.673823,12.2,60.5,69.3,
2025-12-22T15:13:37.180851,0.0,60.6,69.3,
2025-12-22T15:13:43.111133,13.1,60.5,69.3,
2025-12-22T15:13:44.619122,0.6,60.5,69.3,
2025-12-22T15:13:50.516099,11.2,60.9,69.3,
2025-12-22T15:13:52.025132,0.0,60.9,69.3,
2025-12-22T15:13:57.969978,13.8,60.9,69.3,
2025-12-22T15:13:59.482199,0.6,60.9,69.3,
2025-12-22T15:14:05.410624,12.8,61.0,69.3,
2025-12-22T15:14:06.916820,1.2,60.9,69.3,
2025-12-22T15:14:12.874032,14.2,60.7,69.3,
2025-12-22T15:14:14.388382,1.2,60.7,69.3,
2025-12-22T15:14:20.322192,16.0,60.5,69.3,
2025-12-22T15:14:21.832220,6.9,60.6,69.3,
2025-12-22T15:14:27.775621,14.5,61.2,69.3,
2025-12-22T15:14:29.290981,5.0,61.1,69.3,
2025-12-22T15:14:35.216404,24.1,60.9,69.3,
2025-12-22T15:14:36.728529,0.6,60.9,69.3,
2025-12-22T15:14:42.633225,14.4,61.3,69.3,
2025-12-22T15:14:44.143833,0.6,61.2,69.3,
2025-12-22T15:14:50.027207,12.5,61.2,69.3,
2025-12-22T15:14:51.537762,0.6,61.1,69.3,
2025-12-22T15:14:57.434174,12.9,61.2,69.3,
2025-12-22T15:14:58.943398,0.4,61.1,69.3,
2025-12-22T15:15:04.847764,15.1,61.3,69.3,
2025-12-22T15:15:06.364499,1.4,61.3,69.3,
2025-12-22T15:15:12.227559,12.9,61.2,69.3,
2025-12-22T15:15:13.738474,0.6,61.3,69.3,
2025-12-22T15:15:19.683989,13.6,61.2,69.3,
2025-12-22T15:15:21.194465,1.9,61.2,69.3,
2025-12-22T15:15:27.151759,14.8,61.2,69.3,
2025-12-22T15:15:28.662966,6.1,61.1,69.3,
2025-12-22T15:15:34.597179,10.8,61.0,69.3,
2025-12-22T15:15:36.115047,4.1,61.2,69.3,
2025-12-22T15:15:42.033046,9.8,61.3,69.3,
2025-12-22T15:15:43.547225,0.8,61.3,69.3,
2025-12-22T15:15:49.502590,11.1,60.9,69.3,
2025-12-22T15:15:51.015813,2.5,60.9,69.3,
2025-12-22T15:15:56.919409,11.4,60.8,69.3,
2025-12-22T15:15:58.426485,3.1,60.8,69.3,
2025-12-22T15:16:04.375538,12.5,61.0,69.3,
2025-12-22T15:16:05.888177,0.0,61.1,69.3,
2025-12-22T15:16:11.817563,14.1,60.9,69.3,
2025-12-22T15:16:13.337989,0.4,60.9,69.3,
2025-12-22T15:16:19.233979,12.0,60.9,69.3,
2025-12-22T15:16:20.755514,0.6,60.9,69.3,
2025-12-22T15:16:24.452824,16.2,60.9,69.3,
2025-12-22T15:16:25.974775,1.6,61.0,69.3,
2025-12-22T15:16:29.510780,14.5,60.9,69.3,
2025-12-22T15:16:31.021513,1.8,60.9,69.3,
2025-12-22T15:16:36.956512,13.5,61.1,69.3,
2025-12-22T15:16:38.469075,0.6,61.1,69.3,
2025-12-22T15:16:44.402447,15.4,61.0,69.3,
2025-12-22T15:16:45.918058,3.4,61.0,69.3,
2025-12-22T15:16:51.878663,13.1,61.0,69.3,
2025-12-22T15:16:53.385985,0.8,61.0,69.3,
2025-12-22T15:16:59.361146,14.5,61.1,69.3,
2025-12-22T15:17:00.869533,1.8,61.0,69.3,
2025-12-22T15:17:06.808947,11.8,61.0,69.3,
2025-12-22T15:17:08.318654,2.3,60.9,69.3,
2025-12-22T15:17:14.260725,12.5,60.9,69.3,
2025-12-22T15:17:15.768035,0.2,60.9,69.3,
2025-12-22T15:17:21.702460,11.9,60.9,69.3,
2025-12-22T15:17:23.220880,0.2,60.9,69.3,
2025-12-22T15:17:29.227212,12.8,60.7,69.3,
2025-12-22T15:17:30.734820,0.4,60.7,69.3,
2025-12-22T15:17:36.685610,11.0,60.8,69.3,
2025-12-22T15:17:38.198299,0.6,60.6,69.3,
2025-12-22T15:17:44.106017,15.0,60.6,69.3,
2025-12-22T15:17:45.626902,0.4,60.6,69.3,
2025-12-22T15:17:51.539735,15.8,60.4,69.3,
2025-12-22T15:17:53.049928,0.4,60.4,69.3,
2025-12-22T15:17:58.981321,13.2,60.5,69.3,
2025-12-22T15:18:00.494578,1.4,60.6,69.3,
2025-12-22T15:18:06.422758,12.7,60.5,69.3,
2025-12-22T15:18:07.939927,0.0,60.5,69.3,
2025-12-22T15:18:13.843928,13.7,60.4,69.3,
2025-12-22T15:18:15.367674,1.3,60.3,69.3,
2025-12-22T15:18:21.289112,9.9,60.4,69.3,
2025-12-22T15:18:22.810121,1.2,60.3,69.3,
2025-12-22T15:18:28.742977,11.6,60.3,69.3,
2025-12-22T15:18:30.253900,2.1,60.6,69.3,
2025-12-22T15:18:36.153041,15.6,60.6,69.3,
2025-12-22T15:18:37.660810,7.0,60.6,69.3,
2025-12-22T15:18:43.622514,13.8,60.6,69.3,
2025-12-22T15:18:45.140750,5.3,60.6,69.3,
2025-12-22T15:18:51.078636,14.2,60.6,69.3,
2025-12-22T15:18:52.599255,0.6,60.5,69.3,
2025-12-22T15:18:58.473879,12.8,60.5,69.3,
2025-12-22T15:18:59.994776,0.4,60.5,69.3,
2025-12-22T15:19:05.903374,13.6,60.7,69.3,
2025-12-22T15:19:07.414119,3.4,60.6,69.3,
2025-12-22T15:19:13.295889,14.0,60.5,69.3,
2025-12-22T15:19:14.816321,1.0,60.5,69.3,
2025-12-22T15:19:18.519898,13.9,60.5,69.3,
2025-12-22T15:19:20.039174,0.8,60.5,69.3,
2025-12-22T15:19:23.553060,10.1,60.6,69.3,
2025-12-22T15:19:25.064034,0.0,60.5,69.3,
2025-12-22T15:19:31.035949,15.2,60.4,69.3,
2025-12-22T15:19:32.553677,2.1,60.4,69.3,
2025-12-22T15:19:38.444764,13.6,60.5,69.3,
2025-12-22T15:19:39.954315,2.3,60.5,69.3,
2025-12-22T15:19:45.874539,10.2,60.5,69.3,
2025-12-22T15:19:47.392645,1.4,60.5,69.3,
2025-12-22T15:19:53.314284,12.5,60.5,69.3,
2025-12-22T15:19:54.831994,3.1,59.9,69.3,
2025-12-22T15:20:00.733377,11.3,59.7,69.3,
2025-12-22T15:20:02.248914,2.0,59.8,69.3,
2025-12-22T15:20:08.196567,10.3,59.7,69.3,
2025-12-22T15:20:09.710855,0.2,59.6,69.3,
2025-12-22T15:20:15.689332,12.9,59.6,69.3,
2025-12-22T15:20:17.196798,0.2,59.6,69.3,
2025-12-22T15:20:23.160202,13.3,60.1,69.3,
2025-12-22T15:20:24.666223,0.4,60.1,69.3,
2025-12-22T15:20:30.538967,12.6,60.1,69.3,
2025-12-22T15:20:32.053417,0.0,60.1,69.3,
2025-12-22T15:20:37.980256,12.9,60.1,69.3,
2025-12-22T15:20:39.499568,1.2,60.1,69.3,
2025-12-22T15:20:45.429926,13.6,60.1,69.3,
2025-12-22T15:20:46.939845,0.2,60.0,69.3,
2025-12-22T15:20:52.860791,13.7,60.4,69.3,
2025-12-22T15:20:54.375649,1.9,60.4,69.3,
2025-12-22T15:21:00.257612,16.4,60.4,69.3,
2025-12-22T15:21:01.773028,1.6,60.4,69.3,
2025-12-22T15:21:07.701523,11.4,60.4,69.3,
2025-12-22T15:21:09.215570,0.6,60.4,69.3,
2025-12-22T15:21:15.188799,13.1,56.1,69.3,
2025-12-22T15:21:16.701101,0.8,56.2,69.3,
2025-12-22T15:21:22.655959,12.5,56.0,69.3,
2025-12-22T15:21:24.170484,0.4,56.0,69.3,
2025-12-22T15:21:30.083414,12.8,56.1,69.3,
2025-12-22T15:21:31.592672,0.6,56.1,69.3,
2025-12-22T15:21:37.491926,14.1,56.2,69.3,
2025-12-22T15:21:39.013456,0.4,56.1,69.3,
2025-12-22T15:21:44.917888,13.4,56.2,69.3,
2025-12-22T15:21:46.436687,3.3,56.2,69.3,
2025-12-22T15:21:52.389901,14.7,56.4,69.3,
2025-12-22T15:21:53.906470,1.0,56.3,69.3,
2025-12-22T15:21:59.837478,13.4,56.3,69.3,
2025-12-22T15:22:01.353431,3.7,56.4,69.3,
2025-12-22T15:22:07.290956,14.0,56.3,69.3,
2025-12-22T15:22:08.806340,1.6,56.4,69.3,
2025-12-22T15:22:14.749456,13.2,56.4,69.3,
2025-12-22T15:22:16.262092,0.4,56.5,69.3,
2025-12-22T15:22:20.007010,9.7,56.5,69.3,
2025-12-22T15:22:21.526314,2.9,56.5,69.3,
2025-12-22T15:22:25.025072,15.3,56.5,69.3,
2025-12-22T15:22:26.540567,0.6,56.5,69.3,
2025-12-22T15:22:32.483165,11.0,56.5,69.3,
2025-12-22T15:22:33.988734,0.8,56.5,69.3,
2025-12-22T15:22:39.930333,13.1,56.6,69.3,
2025-12-22T15:22:41.446932,0.8,56.5,69.3,
2025-12-22T15:22:47.343623,15.8,56.5,69.3,
2025-12-22T15:22:48.850429,1.4,56.5,69.3,
2025-12-22T15:22:54.762212,14.5,56.7,69.3,
2025-12-22T15:22:56.270943,0.4,56.6,69.3,
2025-12-22T15:23:02.231959,10.1,56.6,69.3,
2025-12-22T15:23:03.750641,0.6,56.6,69.3,
2025-12-22T15:23:09.652204,11.4,56.6,69.3,
2025-12-22T15:23:11.169092,0.8,56.6,69.3,
2025-12-22T15:23:17.086557,12.7,56.6,69.3,
2025-12-22T15:23:18.600776,2.5,56.6,69.3,
2025-12-22T15:23:24.492915,12.2,56.6,69.3,
2025-12-22T15:23:26.006590,0.6,56.6,69.3,
2025-12-22T15:23:31.903220,13.7,56.5,69.3,
2025-12-22T15:23:33.409068,0.6,56.6,69.3,
2025-12-22T15:23:39.267338,12.2,56.6,69.3,
2025-12-22T15:23:40.783504,2.3,56.6,69.3,
2025-12-22T15:23:46.732245,9.1,56.8,69.3,
2025-12-22T15:23:48.247907,0.0,56.8,69.3,
2025-12-22T15:23:54.097825,11.9,56.7,69.3,
2025-12-22T15:23:55.603400,0.6,56.7,69.3,
2025-12-22T15:24:01.540926,13.2,56.9,69.3,
2025-12-22T15:24:03.061430,1.2,56.8,69.3,
2025-12-22T15:24:08.949285,13.6,56.8,69.3,
2025-12-22T15:24:21.341704,11.8,62.3,69.3,
2025-12-22T15:24:22.852131,1.0,62.4,69.3,
2025-12-22T15:24:28.791091,11.1,62.3,69.3,
2025-12-22T15:24:30.307171,0.6,62.2,69.3,
2025-12-22T15:24:36.193428,16.4,62.1,69.3,
2025-12-22T15:24:37.712947,0.4,62.1,69.3,
2025-12-22T15:24:43.616559,17.9,61.8,69.3,
2025-12-22T15:24:45.127253,0.2,61.8,69.3,
2025-12-22T15:24:51.024275,15.0,61.7,69.3,
2025-12-22T15:24:52.535484,1.6,61.7,69.3,
2025-12-22T15:24:58.481259,12.2,61.5,69.3,
2025-12-22T15:25:00.001770,2.7,61.6,69.3,
2025-12-22T15:25:05.901970,11.3,61.6,69.3,
2025-12-22T15:25:07.411988,0.8,61.6,69.3,
2025-12-22T15:25:13.304880,9.9,57.7,69.3,
2025-12-22T15:25:14.811511,0.0,57.7,69.3,
2025-12-22T15:25:18.551098,12.0,57.6,69.3,
2025-12-22T15:25:20.068521,1.0,57.6,69.3,
2025-12-22T15:25:23.640418,13.6,57.6,69.3,
2025-12-22T15:25:25.150125,7.5,57.7,69.3,
2025-12-22T15:25:31.079335,12.6,57.8,69.3,
2025-12-22T15:25:32.588662,1.2,57.9,69.3,
2025-12-22T15:25:38.520265,12.0,57.8,69.3,
2025-12-22T15:25:40.034623,1.4,57.7,69.3,
2025-12-22T15:25:45.986007,11.0,57.6,69.3,
2025-12-22T15:25:47.497104,1.6,57.6,69.3,
2025-12-22T15:25:53.437148,13.4,57.6,69.3,
2025-12-22T15:25:54.946649,2.4,57.5,69.3,
2025-12-22T15:26:00.878992,15.3,57.5,69.3,
2025-12-22T15:26:02.388438,2.4,57.5,69.3,
2025-12-22T15:26:08.316496,14.7,57.5,69.3,
2025-12-22T15:26:09.825831,2.0,57.5,69.3,
2025-12-22T15:26:15.739535,12.8,57.6,69.3,
2025-12-22T15:26:17.248561,0.6,57.7,69.3,
2025-12-22T15:26:23.176202,11.0,58.1,69.3,
2025-12-22T15:26:24.692459,1.6,58.1,69.3,
2025-12-22T15:26:30.616339,12.1,58.1,69.3,
2025-12-22T15:26:32.123424,6.6,58.3,69.3,
2025-12-22T15:26:38.077331,9.7,58.5,69.3,
2025-12-22T15:26:39.591819,1.9,58.6,69.3,
2025-12-22T15:26:45.559491,11.7,58.5,69.3,
2025-12-22T15:26:47.069405,0.4,58.5,69.3,
2025-12-22T15:26:53.026988,14.5,58.6,69.3,
2025-12-22T15:26:54.539928,0.4,58.5,69.3,
2025-12-22T15:27:00.461649,14.5,58.5,69.3,
2025-12-22T15:27:01.971459,2.4,58.5,69.3,
2025-12-22T15:27:07.899544,12.1,58.6,69.3,
2025-12-22T15:27:09.419881,1.6,58.6,69.3,
2025-12-22T15:27:15.316930,10.9,58.3,69.3,
2025-12-22T15:27:16.829409,0.4,58.3,69.3,
2025-12-22T15:27:22.733324,15.3,58.2,69.3,
2025-12-22T15:27:24.245523,0.2,58.2,69.3,
2025-12-22T15:27:30.144267,16.2,58.3,69.3,
2025-12-22T15:27:31.658779,0.8,58.3,69.3,
2025-12-22T15:27:37.575478,12.1,58.3,69.3,
2025-12-22T15:27:39.095956,0.4,58.3,69.3,
2025-12-22T15:27:45.005119,11.9,58.1,69.3,
2025-12-22T15:27:46.518101,0.6,58.1,69.3,
2025-12-22T15:27:52.458366,15.1,58.6,69.3,
2025-12-22T15:27:53.966363,1.4,58.6,69.3,
2025-12-22T15:27:59.858723,11.6,58.6,69.3,
2025-12-22T15:28:01.376055,2.1,58.7,69.3,
2025-12-22T15:28:07.235794,11.7,58.6,69.3,
2025-12-22T15:28:08.751285,0.8,58.7,69.3,
2025-12-22T15:28:14.702505,10.3,58.6,69.3,
2025-12-22T15:28:16.210832,1.2,58.5,69.3,
2025-12-22T15:28:19.918141,9.7,58.4,69.3,
2025-12-22T15:28:21.427902,0.4,58.5,69.3,
2025-12-22T15:28:24.918359,15.7,58.3,69.3,
2025-12-22T15:28:26.429276,5.1,58.2,69.3,
2025-12-22T15:28:32.302555,13.1,58.2,69.3,
2025-12-22T15:28:33.819878,1.9,58.2,69.3,
2025-12-22T15:28:39.732535,11.8,58.3,69.3,
2025-12-22T15:28:41.249744,7.7,58.2,69.3,
2025-12-22T15:28:47.166948,13.0,58.2,69.3,
2025-12-22T15:28:48.689651,1.4,58.2,69.3,
2025-12-22T15:28:54.580224,13.2,58.3,69.3,
2025-12-22T15:28:56.099612,0.2,58.2,69.3,
2025-12-22T15:29:01.975382,12.9,58.2,69.3,
2025-12-22T15:29:03.492916,1.0,58.2,69.3,
2025-12-22T15:29:09.404117,11.2,58.2,69.3,
2025-12-22T15:29:10.919750,0.2,58.1,69.3,
2025-12-22T15:29:16.826992,14.7,58.1,69.3,
2025-12-22T15:29:18.345910,0.8,58.1,69.3,
2025-12-22T15:29:24.255167,15.1,58.3,69.3,
2025-12-22T15:29:25.767259,0.6,58.2,69.3,
2025-12-22T15:29:31.700205,13.9,58.2,69.3,
2025-12-22T15:29:33.207482,1.4,58.3,69.3,
2025-12-22T15:29:39.078791,13.7,58.3,69.3,
2025-12-22T15:29:40.586592,5.2,58.4,69.3,
2025-12-22T15:29:46.553185,10.8,58.1,69.3,
2025-12-22T15:29:48.067662,0.0,58.2,69.3,
2025-12-22T15:29:53.964933,13.2,58.2,69.3,
2025-12-22T15:29:55.481739,1.2,58.2,69.3,
2025-12-22T15:30:01.394963,9.0,58.3,69.3,
2025-12-22T15:30:02.914421,0.4,58.2,69.3,
2025-12-22T15:30:08.792907,11.7,58.2,69.3,
2025-12-22T15:30:10.303693,3.3,58.1,69.3,
2025-12-22T15:30:16.187272,12.3,58.2,69.3,
2025-12-22T15:30:17.705632,1.0,58.2,69.3,
2025-12-22T15:30:23.613992,13.7,58.2,69.3,
2025-12-22T15:30:25.130674,5.8,58.1,69.4,
2025-12-22T15:30:31.035497,11.7,58.1,69.4,
2025-12-22T15:30:32.552302,4.1,58.2,69.4,
2025-12-22T15:30:38.434495,11.0,58.3,69.4,
2025-12-22T15:30:39.949998,0.2,58.2,69.4,
2025-12-22T15:30:45.857921,14.3,58.2,69.4,
2025-12-22T15:30:47.369858,0.6,58.3,69.4,
2025-12-22T15:30:53.300408,12.5,58.3,69.4,
2025-12-22T15:30:54.809071,0.6,58.3,69.4,
2025-12-22T15:31:00.664262,12.3,58.2,69.4,
2025-12-22T15:31:02.177023,0.6,58.3,69.4,
2025-12-22T15:31:08.077975,12.8,58.3,69.4,
2025-12-22T15:31:09.591359,0.6,58.2,69.4,
2025-12-22T15:31:15.423014,11.0,58.3,69.4,
2025-12-22T15:31:16.938612,0.4,58.3,69.4,
2025-12-22T15:31:20.672831,12.6,58.2,69.4,
2025-12-22T15:31:22.180267,2.8,58.3,69.4,
2025-12-22T15:31:25.656534,13.8,58.5,69.4,
2025-12-22T15:31:27.163637,0.0,58.5,69.4,
2025-12-22T15:31:33.079123,12.3,58.6,69.4,
2025-12-22T15:31:50.856825,12.4,62.1,69.4,
2025-12-22T15:31:52.376780,0.8,62.2,69.4,
2025-12-22T15:31:58.333625,11.4,62.1,69.4,
2025-12-22T15:31:59.848980,0.8,62.1,69.4,
2025-12-22T15:32:05.812781,14.0,62.1,69.4,
2025-12-22T15:32:07.325723,0.4,61.9,69.4,
2025-12-22T15:32:13.312833,13.9,61.8,69.4,
2025-12-22T15:32:14.833968,0.2,61.8,69.4,
2025-12-22T15:32:20.748078,13.4,62.0,69.4,
2025-12-22T15:32:22.265407,6.4,62.0,69.4,
2025-12-22T15:32:28.221770,17.0,62.5,69.4,
2025-12-22T15:32:29.735585,3.8,62.5,69.4,
2025-12-22T15:32:35.687715,13.5,62.5,69.4,
2025-12-22T15:32:37.203838,3.7,62.0,69.4,
2025-12-22T15:32:43.130276,12.4,57.9,69.4,
2025-12-22T15:32:56.669055,13.3,58.1,69.4,
2025-12-22T15:32:58.182725,1.4,58.0,69.4,
2025-12-22T15:33:04.102075,12.5,57.9,69.4,
2025-12-22T15:33:05.612867,0.0,57.9,69.4,
2025-12-22T15:33:11.531984,11.8,57.9,69.4,
2025-12-22T15:33:13.043318,0.4,58.0,69.4,
2025-12-22T15:33:18.956693,12.5,58.0,69.4,
2025-12-22T15:33:20.463295,0.6,58.0,69.4,
2025-12-22T15:33:26.420029,14.1,57.9,69.4,
2025-12-22T15:33:27.934998,0.6,58.0,69.4,
2025-12-22T15:33:33.857429,10.8,58.0,69.4,
2025-12-22T15:33:35.367043,1.0,57.9,69.4,
2025-12-22T15:33:41.313922,10.8,58.0,69.4,
2025-12-22T15:33:42.829125,0.6,58.0,69.4,
2025-12-22T15:33:48.763836,10.8,58.3,69.4,
2025-12-22T15:33:50.276292,0.0,58.2,69.4,
2025-12-22T15:33:56.230415,14.6,58.1,69.4,
2025-12-22T15:33:57.741362,0.0,58.1,69.4,
2025-12-22T15:34:03.668054,14.2,58.2,69.4,
2025-12-22T15:34:05.182233,1.0,58.0,69.4,
2025-12-22T15:34:11.066994,11.2,58.2,69.4,
2025-12-22T15:34:12.576700,8.2,58.2,69.4,
2025-12-22T15:34:18.498635,12.0,58.1,69.4,
2025-12-22T15:34:20.015093,0.2,58.1,69.4,
2025-12-22T15:34:23.697006,12.1,58.1,69.4,
2025-12-22T15:34:25.208440,0.6,58.1,69.4,
2025-12-22T15:34:26.715858,1.2,58.1,69.4,
2025-12-22T15:34:29.995528,12.1,58.1,69.4,
2025-12-22T15:34:31.505810,0.0,58.1,69.4,
2025-12-22T15:34:37.463361,14.2,58.2,69.4,
2025-12-22T15:34:38.969548,0.2,58.2,69.4,
2025-12-22T15:34:44.882872,18.1,58.0,69.4,
2025-12-22T15:34:46.400087,6.3,58.1,69.4,
2025-12-22T15:34:52.373194,14.2,58.4,69.4,
2025-12-22T15:34:53.885930,1.6,58.4,69.4,
2025-12-22T15:34:59.818452,11.1,58.9,69.4,
2025-12-22T15:35:01.333234,1.4,58.5,69.4,
2025-12-22T15:35:07.286211,14.0,58.1,69.4,
2025-12-22T15:35:08.796102,4.3,57.9,69.4,
2025-12-22T15:35:14.727522,13.7,58.0,69.4,
2025-12-22T15:35:16.237271,0.2,57.9,69.4,
2025-12-22T15:35:22.172721,11.6,57.9,69.4,
2025-12-22T15:35:23.688411,0.4,57.9,69.4,
2025-12-22T15:35:29.670108,12.0,57.6,69.4,
2025-12-22T15:35:31.187662,0.8,57.6,69.4,
2025-12-22T15:35:37.168523,14.6,57.6,69.4,
2025-12-22T15:35:38.674139,0.0,57.6,69.4,
2025-12-22T15:35:44.565895,11.7,57.6,69.4,
2025-12-22T15:35:46.076122,0.6,57.6,69.4,
2025-12-22T15:35:51.997280,14.3,57.6,69.4,
2025-12-22T15:35:53.514159,1.0,57.6,69.4,
2025-12-22T15:35:59.432320,12.9,57.6,69.4,
2025-12-22T15:36:00.939566,1.4,57.6,69.4,
2025-12-22T15:36:06.901728,16.0,58.0,69.4,
2025-12-22T15:36:08.416126,2.5,58.0,69.4,
2025-12-22T15:36:14.377086,11.8,58.7,69.4,
2025-12-22T15:36:15.897635,0.8,58.7,69.4,
2025-12-22T15:36:21.853432,11.4,58.7,69.4,
2025-12-22T15:36:23.368351,0.4,58.7,69.4,
2025-12-22T15:36:29.305800,17.5,58.2,69.4,
2025-12-22T15:36:30.819002,0.6,58.2,69.4,
2025-12-22T15:36:36.740296,12.8,58.3,69.4,
2025-12-22T15:36:38.249117,0.0,58.3,69.4,
2025-12-22T15:36:44.157741,12.4,58.1,69.4,
2025-12-22T15:36:45.665004,0.6,58.1,69.4,
2025-12-22T15:36:51.637158,19.6,58.1,69.4,
2025-12-22T15:36:53.153972,0.4,58.0,69.4,
2025-12-22T15:36:59.094425,13.6,58.0,69.4,
2025-12-22T15:37:00.600690,1.6,58.0,69.4,
2025-12-22T15:37:06.570491,11.6,58.2,69.4,
2025-12-22T15:37:08.089473,0.8,58.2,69.4,
2025-12-22T15:37:14.005469,11.5,58.1,69.4,
2025-12-22T15:37:15.524228,0.8,58.1,69.4,
2025-12-22T15:37:19.251875,11.5,58.0,69.4,
2025-12-22T15:37:20.757898,0.8,58.0,69.4,
2025-12-22T15:37:24.305536,12.1,58.0,69.4,
2025-12-22T15:37:25.812492,0.4,58.0,69.4,
2025-12-22T15:37:31.781273,13.2,58.2,69.4,
2025-12-22T15:37:33.289598,1.4,58.3,69.4,
2025-12-22T15:37:39.205555,12.5,58.4,69.4,
2025-12-22T15:37:40.722479,0.0,58.4,69.4,
2025-12-22T15:37:46.694855,13.3,58.7,69.4,
2025-12-22T15:37:48.203518,1.2,58.5,69.4,
2025-12-22T15:37:54.151989,12.5,58.7,69.4,
2025-12-22T15:37:55.661964,0.2,58.6,69.4,
2025-12-22T15:38:01.618868,11.6,58.7,69.4,
2025-12-22T15:38:03.131192,0.8,58.7,69.4,
2025-12-22T15:38:09.052161,15.1,58.5,69.4,
2025-12-22T15:38:10.559435,0.8,58.5,69.4,
2025-12-22T15:38:16.520383,14.6,58.4,69.4,
2025-12-22T15:38:18.040616,1.6,58.4,69.4,
2025-12-22T15:38:23.992044,14.3,58.4,69.4,
2025-12-22T15:38:25.502014,2.2,57.5,69.4,
2025-12-22T15:42:12.523295,11.8,57.9,69.4,
2025-12-22T15:42:14.033956,1.0,57.9,69.4,
2025-12-22T15:42:20.012781,17.5,58.0,69.4,
2025-12-22T15:42:21.522585,1.6,58.0,69.4,
2025-12-22T15:42:27.464702,13.9,57.9,69.4,
2025-12-22T15:42:28.975206,2.9,57.9,69.4,
2025-12-22T15:42:34.902278,11.3,58.2,69.4,
2025-12-22T15:42:36.408922,1.4,58.1,69.4,
2025-12-22T15:42:42.342954,12.7,58.3,69.4,
2025-12-22T15:42:43.853667,0.4,58.3,69.4,
2025-12-22T15:42:49.821269,14.0,58.6,69.4,
2025-12-22T15:42:51.333031,2.5,58.6,69.4,
2025-12-22T15:42:57.247508,13.5,58.5,69.4,
2025-12-22T15:42:58.762540,1.4,58.4,69.4,
2025-12-22T15:43:04.694972,11.4,58.7,69.4,
2025-12-22T15:43:06.201490,0.6,58.6,69.4,
2025-12-22T15:43:12.179571,9.7,58.7,69.4,
2025-12-22T15:43:13.687318,0.0,58.7,69.4,
2025-12-22T15:43:19.614862,11.9,58.7,69.4,
2025-12-22T15:43:21.132106,0.4,58.5,69.4,
2025-12-22T15:43:24.844463,10.1,58.7,69.4,
2025-12-22T15:43:26.353115,1.2,58.7,69.4,
2025-12-22T15:43:29.890957,14.7,58.7,69.4,
2025-12-22T15:43:31.398197,0.8,58.8,69.4,
2025-12-22T15:43:37.339230,12.6,58.7,69.4,
2025-12-22T15:43:38.845377,0.4,58.7,69.4,
2025-12-22T15:43:44.757254,12.9,58.6,69.4,
2025-12-22T15:43:46.279019,0.2,58.6,69.4,
2025-12-22T15:43:52.214365,12.7,58.6,69.4,
2025-12-22T15:43:53.733060,1.6,58.6,69.4,
2025-12-22T15:43:59.664983,10.8,58.6,69.4,
2025-12-22T15:44:01.182289,4.7,58.5,69.4,
2025-12-22T15:44:07.140424,13.1,58.5,69.4,
2025-12-22T15:44:08.649784,0.0,58.5,69.4,
2025-12-22T15:44:14.567782,10.4,58.5,69.4,
2025-12-22T15:44:16.085737,0.8,58.5,69.4,
2025-12-22T15:44:22.017423,11.2,58.5,69.4,
2025-12-22T15:44:23.524564,2.0,58.5,69.4,
2025-12-22T15:44:29.468244,13.0,58.5,69.4,
2025-12-22T15:44:30.989348,0.6,58.5,69.4,
2025-12-22T15:44:36.882697,10.4,58.4,69.4,
2025-12-22T15:44:38.390703,0.4,58.4,69.4,
2025-12-22T15:44:44.305889,12.1,58.4,69.4,
2025-12-22T15:44:45.824616,0.6,58.5,69.4,
2025-12-22T15:44:51.782324,12.7,58.4,69.4,
2025-12-22T15:44:53.288836,3.7,58.4,69.4,
2025-12-22T15:44:59.208264,9.4,57.9,69.4,
2025-12-22T15:45:00.726630,0.4,57.9,69.4,
2025-12-22T15:45:06.666192,15.4,57.9,69.4,
2025-12-22T15:45:08.187829,0.2,57.9,69.4,
2025-12-22T15:45:14.094539,12.1,57.9,69.4,
2025-12-22T15:45:15.611647,0.8,57.8,69.4,
2025-12-22T15:45:21.535310,12.4,57.9,69.4,
2025-12-22T15:45:23.053650,1.6,58.0,69.4,
2025-12-22T15:45:28.966125,12.3,58.1,69.4,
2025-12-22T15:45:30.475306,1.0,58.1,69.4,
2025-12-22T15:45:36.496573,13.1,58.5,69.4,
2025-12-22T15:45:38.008993,0.6,58.5,69.4,
2025-12-22T15:45:43.956772,15.9,58.6,69.4,
2025-12-22T15:45:45.467088,1.0,58.6,69.4,
2025-12-22T15:45:51.387880,11.1,58.7,69.4,
2025-12-22T15:45:52.896542,1.8,58.5,69.4,
2025-12-22T15:45:58.807981,10.5,58.4,69.4,
2025-12-22T15:46:00.315483,0.8,58.3,69.4,
2025-12-22T15:46:06.255644,11.3,58.1,69.4,
2025-12-22T15:46:07.768819,1.9,58.1,69.4,
2025-12-22T15:46:13.668480,10.8,58.3,69.4,
2025-12-22T15:46:15.181588,0.8,58.3,69.4,
2025-12-22T15:46:18.890968,10.9,58.4,69.4,
2025-12-22T15:46:20.401804,0.4,58.3,69.4,
2025-12-22T15:46:24.019762,11.7,58.3,69.4,
2025-12-22T15:46:25.538473,1.2,58.3,69.4,
2025-12-22T15:46:31.460789,12.2,58.4,69.4,
2025-12-22T15:46:32.978154,3.7,58.4,69.4,
2025-12-22T15:46:38.977200,12.6,58.4,69.4,
2025-12-22T15:46:40.497725,0.6,58.3,69.4,
2025-12-22T15:46:46.417089,11.2,58.4,69.4,
2025-12-22T15:46:47.934264,8.5,58.4,69.4,
2025-12-22T15:46:53.876886,12.8,58.4,69.4,
2025-12-22T15:46:55.388932,1.6,58.4,69.4,
2025-12-22T15:47:01.311571,14.1,58.1,69.4,
2025-12-22T15:47:02.819025,0.2,58.2,69.4,
2025-12-22T15:47:08.747692,11.9,58.3,69.4,
2025-12-22T15:47:10.256398,0.6,58.3,69.4,
2025-12-22T15:47:16.176253,12.8,58.3,69.4,
2025-12-22T15:47:17.685080,0.4,58.3,69.4,
2025-12-22T15:47:23.608123,15.0,58.4,69.4,
2025-12-22T15:47:25.121070,0.8,58.4,69.4,
2025-12-22T15:47:31.027815,14.8,58.4,69.4,
2025-12-22T15:47:32.535531,1.0,58.4,69.4,
2025-12-22T15:47:38.475118,16.8,58.4,69.4,
2025-12-22T15:47:39.989007,1.0,58.3,69.4,
2025-12-22T15:47:45.917234,16.5,58.5,69.4,
2025-12-22T15:47:47.437685,1.6,58.4,69.4,
2025-12-22T15:47:53.343886,13.8,58.4,69.4,
2025-12-22T15:47:54.863907,0.2,58.4,69.4,
2025-12-22T15:48:00.790661,12.4,58.5,69.4,
2025-12-22T15:48:02.299751,1.2,58.5,69.4,
2025-12-22T15:48:08.242274,15.5,58.2,69.4,
2025-12-22T15:48:09.762300,1.6,58.3,69.4,
2025-12-22T15:48:15.658031,13.1,58.4,69.4,
2025-12-22T15:48:17.170525,0.6,58.4,69.4,
2025-12-22T15:48:23.102581,10.1,59.0,69.4,
2025-12-22T15:48:24.615353,0.2,59.2,69.4,
2025-12-22T15:48:30.550033,12.3,59.3,69.4,
2025-12-22T15:48:32.070816,1.2,59.3,69.4,
2025-12-22T15:48:38.006179,12.6,59.4,69.4,
2025-12-22T15:48:39.516876,1.6,59.3,69.4,
2025-12-22T15:48:45.433872,11.2,59.3,69.4,
2025-12-22T15:48:46.953994,9.5,59.2,69.4,
2025-12-22T15:48:52.849345,14.1,59.2,69.4,
2025-12-22T15:48:54.364782,0.2,59.2,69.4,
2025-12-22T15:49:00.308772,16.3,59.2,69.4,
2025-12-22T15:49:01.817328,5.9,59.3,69.4,
2025-12-22T15:49:07.809094,13.3,59.4,69.4,
2025-12-22T15:49:09.322604,6.1,59.5,69.4,
2025-12-22T15:49:15.260251,18.2,59.5,69.4,
2025-12-22T15:49:16.773616,2.9,59.5,69.4,
2025-12-22T15:49:20.504613,12.1,59.5,69.4,
2025-12-22T15:49:22.023804,0.2,59.5,69.4,
2025-12-22T15:49:25.552085,12.7,58.9,69.4,
2025-12-22T15:49:27.059065,0.4,58.8,69.4,
2025-12-22T15:49:33.016109,11.1,58.6,69.4,
2025-12-22T15:49:34.523450,1.0,58.5,69.4,
2025-12-22T15:49:40.488508,14.6,58.3,69.4,
2025-12-22T15:49:42.006653,7.4,58.6,69.4,
2025-12-22T15:49:48.034473,16.0,58.9,69.4,
2025-12-22T15:49:49.543604,6.8,59.0,69.4,
2025-12-22T15:49:55.486763,9.2,59.3,69.4,
2025-12-22T15:49:56.999525,0.0,59.2,69.4,
2025-12-22T15:50:02.933444,11.3,59.0,69.4,
2025-12-22T15:50:04.448823,0.0,59.0,69.4,
2025-12-22T15:50:10.439558,14.5,58.2,69.4,
2025-12-22T15:50:11.960356,0.6,58.2,69.4,
2025-12-22T15:50:17.867405,14.4,58.2,69.4,
2025-12-22T15:50:19.381344,0.4,58.2,69.4,
2025-12-22T15:50:25.342121,16.5,58.8,69.4,
2025-12-22T15:50:26.862304,5.3,58.9,69.4,
2025-12-22T15:50:32.790952,13.7,59.0,69.4,
2025-12-22T15:50:34.302537,0.2,59.0,69.4,
2025-12-22T15:50:40.237789,13.8,59.3,69.4,
2025-12-22T15:50:41.748515,1.0,59.3,69.4,
2025-12-22T15:50:47.647530,14.1,59.3,69.4,
2025-12-22T15:50:49.165750,0.4,59.4,69.4,
2025-12-22T15:50:55.069252,13.9,59.4,69.4,
2025-12-22T15:50:56.585410,0.6,59.5,69.4,
2025-12-22T15:51:02.448435,12.2,59.5,69.4,
2025-12-22T15:51:03.955480,1.4,59.5,69.4,
2025-12-22T15:51:09.852802,12.9,59.5,69.4,
2025-12-22T15:51:11.362129,0.0,59.5,69.4,
2025-12-22T15:51:17.266147,14.3,59.4,69.4,
2025-12-22T15:51:18.773410,1.2,59.4,69.4,
2025-12-22T15:51:24.628927,15.4,58.5,69.4,
2025-12-22T15:51:26.138249,3.4,58.5,69.4,
2025-12-22T15:51:32.054480,14.4,58.5,69.4,
2025-12-22T15:51:33.567878,0.8,58.6,69.4,
2025-12-22T15:51:39.472134,14.1,58.6,69.4,
2025-12-22T15:51:40.991852,1.2,58.6,69.4,
2025-12-22T15:51:46.833723,12.4,58.6,69.4,
2025-12-22T15:51:48.341186,0.4,58.6,69.4,
2025-12-22T15:51:54.239534,12.3,58.5,69.4,
2025-12-22T15:51:55.757558,4.4,59.5,69.4,
2025-12-22T15:52:01.685137,16.1,60.2,69.4,
2025-12-22T15:52:03.202974,0.6,60.1,69.4,
2025-12-22T15:52:09.110765,14.1,59.2,69.4,
2025-12-22T15:52:10.626163,0.0,59.2,69.4,
2025-12-22T15:52:16.562999,10.4,58.9,69.4,
2025-12-22T15:52:18.074919,0.4,58.9,69.4,
2025-12-22T15:52:21.780821,12.4,59.0,69.4,
2025-12-22T15:52:23.300253,2.6,59.0,69.4,
2025-12-22T15:52:26.873534,14.0,58.9,69.4,
2025-12-22T15:52:28.392725,1.2,58.9,69.4,
2025-12-22T15:52:34.251799,12.5,58.9,69.4,
2025-12-22T15:52:35.767051,0.2,58.9,69.4,
2025-12-22T15:52:41.691959,15.4,59.2,69.4,
2025-12-22T15:52:43.203591,0.2,59.2,69.4,
2025-12-22T15:52:49.111045,12.4,59.1,69.4,
2025-12-22T15:52:50.626264,1.6,59.1,69.4,
2025-12-22T15:52:56.544807,17.2,59.3,69.4,
2025-12-22T15:52:58.061259,0.0,59.3,69.4,
2025-12-22T15:53:04.002837,12.5,59.5,69.4,
2025-12-22T15:53:05.519437,0.8,59.5,69.4,
2025-12-22T15:53:11.468707,14.6,59.5,69.4,
2025-12-22T15:53:12.986033,0.4,59.5,69.4,
2025-12-22T15:53:18.857537,12.2,59.5,69.4,
2025-12-22T15:53:20.370374,0.4,59.5,69.4,
2025-12-22T15:53:26.288441,13.8,59.5,69.4,
2025-12-22T15:53:27.805690,0.0,59.5,69.4,
2025-12-22T15:53:33.746612,12.4,59.7,69.4,
2025-12-22T15:53:35.260861,1.0,59.7,69.4,
2025-12-22T15:53:41.216204,11.6,59.6,69.4,
2025-12-22T15:53:42.723101,0.4,59.6,69.4,
2025-12-22T15:53:48.635937,13.4,59.6,69.4,
2025-12-22T15:53:50.154432,0.4,59.6,69.4,
2025-12-22T15:53:56.061226,14.2,59.6,69.4,
2025-12-22T15:53:57.579678,0.8,59.6,69.4,
2025-12-22T15:54:03.479503,11.7,59.8,69.4,
2025-12-22T15:54:04.993507,2.7,59.8,69.4,
2025-12-22T15:54:10.924986,12.3,59.8,69.4,
2025-12-22T15:54:12.433805,0.4,59.5,69.4,
2025-12-22T15:54:18.291944,12.5,59.6,69.4,
2025-12-22T15:54:19.807724,0.4,59.5,69.4,
2025-12-22T15:54:25.718612,13.9,59.5,69.4,
2025-12-22T15:54:27.235912,3.9,59.5,69.4,
2025-12-22T15:54:33.149211,13.5,59.6,69.4,
2025-12-22T15:54:34.668997,0.8,59.6,69.4,
2025-12-22T15:54:40.532535,15.7,59.5,69.4,
2025-12-22T15:54:42.037743,1.0,59.5,69.4,
2025-12-22T15:54:47.951403,16.0,59.6,69.4,
2025-12-22T15:54:49.464550,0.8,59.5,69.4,
2025-12-22T15:54:55.371312,13.3,59.6,69.4,
2025-12-22T15:54:56.889019,0.8,59.6,69.4,
2025-12-22T15:55:02.756107,11.9,59.5,69.4,
2025-12-22T15:55:04.273120,1.4,59.5,69.4,
2025-12-22T15:55:10.185444,12.0,59.4,69.4,
2025-12-22T15:55:11.705565,0.0,59.3,69.4,
2025-12-22T15:55:17.574142,15.2,59.5,69.4,
2025-12-22T15:55:19.080069,0.6,59.5,69.4,
2025-12-22T15:55:22.830231,10.9,59.4,69.4,
2025-12-22T15:55:24.349285,0.4,59.4,69.4,
2025-12-22T15:55:27.879871,12.0,58.9,69.4,
2025-12-22T15:55:29.393569,0.6,58.9,69.4,
2025-12-22T15:55:35.322246,11.8,58.9,69.4,
2025-12-22T15:55:36.833719,6.1,58.9,69.4,
2025-12-22T15:55:42.777143,14.3,58.9,69.4,
2025-12-22T15:55:44.291693,2.2,58.9,69.4,
2025-12-22T15:55:50.226647,12.5,58.9,69.4,
2025-12-22T15:55:51.732788,1.2,58.8,69.4,
2025-12-22T15:55:57.675804,13.2,58.9,69.4,
2025-12-22T15:55:59.188946,0.2,58.9,69.4,
2025-12-22T15:56:05.103351,14.3,59.0,69.4,
2025-12-22T15:56:06.623866,0.8,59.0,69.4,
2025-12-22T15:56:12.571300,11.0,59.4,69.4,
2025-12-22T15:56:14.088617,0.6,59.4,69.4,
2025-12-22T15:56:20.010502,14.9,59.5,69.4,
2025-12-22T15:56:21.526334,0.8,59.5,69.4,
2025-12-22T15:56:27.434559,13.4,59.4,69.4,
2025-12-22T15:56:28.953205,0.4,59.4,69.4,
2025-12-22T15:56:34.871312,12.5,59.4,69.4,
2025-12-22T15:56:36.382504,0.4,59.3,69.4,
2025-12-22T15:56:42.337502,12.9,59.1,69.4,
2025-12-22T15:56:43.855991,0.2,59.1,69.4,
2025-12-22T15:56:49.780593,12.7,58.9,69.4,
2025-12-22T15:56:51.298504,0.4,58.9,69.4,
2025-12-22T15:56:57.256516,12.3,58.9,69.4,
2025-12-22T15:56:58.772279,2.9,58.9,69.4,
2025-12-22T15:57:04.675244,12.5,59.1,69.4,
2025-12-22T15:57:06.188378,0.4,59.0,69.4,
2025-12-22T15:57:12.108496,22.0,59.1,69.4,
2025-12-22T15:57:13.622847,0.2,59.1,69.4,
2025-12-22T15:57:19.611562,16.2,59.6,69.4,
2025-12-22T15:57:21.126320,7.0,59.6,69.4,
2025-12-22T15:57:27.036620,17.6,59.8,69.4,
2025-12-22T15:57:28.547969,1.0,59.9,69.4,
2025-12-22T15:57:34.478386,10.4,60.0,69.4,
2025-12-22T15:57:35.991569,0.8,60.0,69.4,
2025-12-22T15:57:41.924758,11.4,59.5,69.4,
2025-12-22T15:57:43.445471,1.0,59.5,69.4,
2025-12-22T15:57:49.373991,12.2,59.4,69.4,
2025-12-22T15:57:50.888615,1.6,59.4,69.4,
2025-12-22T15:57:56.813177,11.9,59.4,69.4,
2025-12-22T15:57:58.333158,0.8,59.5,69.4,
2025-12-22T15:58:04.252060,10.3,59.5,69.4,
2025-12-22T15:58:05.763137,1.4,59.4,69.4,
2025-12-22T15:58:11.677782,11.7,59.6,69.4,
2025-12-22T15:58:13.195303,1.2,58.6,69.4,
2025-12-22T15:58:19.079195,11.3,58.3,69.4,
2025-12-22T15:58:20.590233,0.2,58.3,69.4,
2025-12-22T15:58:24.305342,11.8,58.4,69.4,
2025-12-22T15:58:25.817713,4.9,58.3,69.4,
2025-12-22T15:58:27.331150,1.6,58.3,69.4,
2025-12-22T15:58:30.049293,12.1,58.3,69.4,
2025-12-22T15:58:31.567788,0.0,58.4,69.4,
2025-12-22T15:58:37.439738,12.5,58.5,69.4,
2025-12-22T15:58:38.958183,0.2,58.5,69.4,
2025-12-22T15:58:44.845594,13.3,58.4,69.4,
2025-12-22T15:58:46.358824,1.2,58.4,69.4,
2025-12-22T15:58:52.302019,11.1,58.5,69.4,
2025-12-22T15:58:53.812577,0.4,58.4,69.4,
2025-12-22T15:58:59.757841,18.8,58.7,69.4,
2025-12-22T15:59:01.267723,9.9,59.1,69.4,
2025-12-22T15:59:07.188138,10.7,59.2,69.4,
2025-12-22T15:59:08.706256,0.4,59.1,69.4,
2025-12-22T15:59:14.634140,12.5,59.1,69.4,
2025-12-22T15:59:16.155536,0.8,59.1,69.4,
2025-12-22T15:59:22.095539,14.1,58.5,69.4,
2025-12-22T15:59:23.610686,0.4,58.6,69.4,
2025-12-22T15:59:29.535734,17.7,58.6,69.4,
2025-12-22T15:59:31.055879,1.0,58.5,69.4,
2025-12-22T15:59:37.008433,9.8,58.5,69.4,
2025-12-22T15:59:38.520348,1.0,58.5,69.4,
2025-12-22T15:59:44.470633,12.5,59.0,69.4,
2025-12-22T15:59:45.982340,0.6,59.0,69.4,
2025-12-22T15:59:51.894181,11.8,59.1,69.4,
2025-12-22T15:59:53.408354,0.0,59.1,69.4,
2025-12-22T15:59:59.325736,12.5,59.1,69.4,
2025-12-22T16:00:00.845620,0.4,59.0,69.4,
2025-12-22T16:00:06.739312,19.2,59.2,69.4,
2025-12-22T16:00:08.252639,0.6,59.1,69.4,
2025-12-22T16:00:14.155594,11.5,58.7,69.4,
2025-12-22T16:00:15.663069,0.0,58.8,69.4,
2025-12-22T16:00:21.580581,13.4,58.7,69.4,
2025-12-22T16:00:23.099816,2.0,58.9,69.4,
2025-12-22T16:00:29.000414,9.8,59.0,69.4,
2025-12-22T16:00:30.516488,1.0,58.9,69.4,
2025-12-22T16:00:36.405183,14.8,58.8,69.4,
2025-12-22T16:00:37.923065,0.0,58.8,69.4,
2025-12-22T16:00:43.849005,11.1,58.9,69.4,
2025-12-22T16:00:45.358101,1.6,58.9,69.4,
2025-12-22T16:00:51.258964,8.0,58.8,69.4,
2025-12-22T16:00:52.772545,0.8,58.8,69.4,
2025-12-22T16:00:58.716997,11.4,59.0,69.4,
2025-12-22T16:01:00.223585,0.2,59.0,69.4,
2025-12-22T16:01:06.125728,14.9,59.1,69.4,
2025-12-22T16:01:07.638791,1.3,59.1,69.4,
2025-12-22T16:01:13.511098,13.4,59.1,69.4,
2025-12-22T16:01:15.018505,0.8,59.2,69.4,
2025-12-22T16:01:18.739494,15.4,59.2,69.4,
2025-12-22T16:01:20.248266,1.4,59.2,69.4,
2025-12-22T16:01:23.915264,12.8,59.3,69.4,
2025-12-22T16:01:25.424454,0.6,59.2,69.4,
2025-12-22T16:01:31.355893,13.6,59.3,69.4,
2025-12-22T16:01:32.863721,0.6,59.3,69.4,
2025-12-22T16:01:38.814568,10.2,59.3,69.4,
2025-12-22T16:01:40.320409,1.2,59.3,69.4,
2025-12-22T16:01:46.277161,16.3,59.3,69.4,
2025-12-22T16:01:47.782964,1.2,59.2,69.4,
2025-12-22T16:01:53.684957,13.4,59.2,69.4,
2025-12-22T16:01:55.195426,0.8,59.2,69.4,
2025-12-22T16:02:01.138142,13.6,59.2,69.4,
2025-12-22T16:02:02.646998,0.8,59.2,69.4,
2025-12-22T16:02:08.512097,11.6,59.2,69.4,
2025-12-22T16:02:10.020525,0.8,59.2,69.4,
2025-12-22T16:02:15.943089,13.7,59.3,69.4,
2025-12-22T16:02:17.457814,7.2,59.3,69.4,
2025-12-22T16:02:23.411376,10.4,59.2,69.4,
2025-12-22T16:02:24.921821,1.0,59.2,69.4,
2025-12-22T16:02:30.840745,12.0,59.2,69.4,
2025-12-22T16:02:32.351060,0.8,59.2,69.4,
2025-12-22T16:02:38.247301,11.9,59.2,69.4,
2025-12-22T16:02:39.759976,0.2,59.2,69.4,
2025-12-22T16:02:45.680518,11.0,59.3,69.4,
2025-12-22T16:02:47.187383,0.6,59.2,69.4,
2025-12-22T16:02:53.147160,18.5,59.3,69.4,
2025-12-22T16:02:54.655555,0.6,59.3,69.4,
2025-12-22T16:03:00.562508,9.6,59.4,69.4,
2025-12-22T16:03:02.081523,1.4,59.4,69.4,
2025-12-22T16:03:07.990203,14.4,59.3,69.4,
2025-12-22T16:03:09.501398,0.8,59.3,69.4,
2025-12-22T16:03:15.509725,9.8,59.9,69.4,
2025-12-22T16:03:17.028926,1.2,59.9,69.4,
2025-12-22T16:03:22.913187,14.5,59.9,69.4,
2025-12-22T16:03:24.428427,1.9,59.9,69.4,
2025-12-22T16:03:30.381010,14.3,59.9,69.4,
2025-12-22T16:03:31.892684,1.2,59.8,69.4,
2025-12-22T16:03:37.810447,12.2,59.8,69.4,
2025-12-22T16:03:39.320715,0.4,59.9,69.4,
2025-12-22T16:03:45.227210,16.4,59.6,69.4,
2025-12-22T16:03:46.746722,2.0,59.6,69.4,
2025-12-22T16:03:52.677039,11.2,59.7,69.4,
2025-12-22T16:03:54.189019,1.0,59.6,69.4,
2025-12-22T16:04:00.144895,10.2,59.7,69.4,
2025-12-22T16:04:01.656003,1.4,59.5,69.4,
2025-12-22T16:04:07.558947,10.9,59.6,69.4,
2025-12-22T16:04:09.070543,2.0,59.7,69.4,
2025-12-22T16:04:15.020411,10.5,59.6,69.4,
2025-12-22T16:04:16.540440,1.0,59.7,69.4,
2025-12-22T16:04:20.246114,10.0,59.6,69.4,
2025-12-22T16:04:21.762887,2.3,59.7,69.4,
2025-12-22T16:04:25.284754,10.6,59.9,69.4,
2025-12-22T16:04:26.804137,1.0,59.9,69.4,
2025-12-22T16:04:32.813963,12.9,59.9,69.4,
2025-12-22T16:04:34.331575,1.5,59.9,69.4,
2025-12-22T16:04:40.263695,11.0,59.9,69.4,
2025-12-22T16:04:41.778197,0.4,59.9,69.4,
2025-12-22T16:04:47.660735,10.7,59.9,69.4,
2025-12-22T16:04:49.170431,0.8,59.9,69.4,
2025-12-22T16:04:55.049736,11.6,59.9,69.4,
2025-12-22T16:04:56.568111,1.4,59.9,69.4,
2025-12-22T16:05:02.455227,12.9,59.1,69.4,
2025-12-22T16:05:03.966129,0.0,59.1,69.4,
2025-12-22T16:05:09.927117,14.4,59.1,69.4,
2025-12-22T16:05:11.445678,1.0,59.1,69.4,
2025-12-22T16:05:17.399127,11.1,59.1,69.4,
2025-12-22T16:05:18.915211,0.8,59.1,69.4,
2025-12-22T16:05:24.833250,12.1,59.1,69.4,
2025-12-22T16:05:26.340522,1.0,59.1,69.4,
2025-12-22T16:05:32.294815,10.5,59.1,69.4,
2025-12-22T16:05:33.809387,1.0,59.1,69.4,
2025-12-22T16:05:39.745128,9.3,59.1,69.4,
2025-12-22T16:05:41.260691,1.0,59.1,69.4,
2025-12-22T16:05:47.197756,9.9,59.2,69.4,
2025-12-22T16:05:48.714025,0.2,59.2,69.4,
2025-12-22T16:05:54.658228,15.1,59.2,69.4,
2025-12-22T16:05:56.177136,0.4,59.2,69.4,
2025-12-22T16:06:02.028323,13.2,59.2,69.4,
2025-12-22T16:06:03.546110,0.2,59.2,69.4,
2025-12-22T16:06:09.482189,16.7,59.1,69.4,
2025-12-22T16:06:10.996018,2.2,59.2,69.4,
2025-12-22T16:06:16.906846,13.2,59.1,69.4,
2025-12-22T16:06:18.424369,0.2,59.2,69.4,
2025-12-22T16:06:24.336466,13.1,59.2,69.4,
2025-12-22T16:06:25.852044,0.4,59.2,69.4,
2025-12-22T16:06:31.804006,12.3,59.2,69.4,
2025-12-22T16:06:33.317714,0.6,59.1,69.4,
2025-12-22T16:06:39.201885,13.2,59.2,69.4,
2025-12-22T16:06:40.715880,1.0,59.2,69.4,
2025-12-22T16:06:46.656430,15.2,59.6,69.4,
2025-12-22T16:06:48.180583,1.0,59.6,69.4,
2025-12-22T16:06:54.106844,17.3,59.7,69.4,
2025-12-22T16:06:55.621246,5.9,59.9,69.4,
2025-12-22T16:07:01.580959,12.8,60.2,69.4,
2025-12-22T16:07:03.100650,1.0,60.2,69.4,
2025-12-22T16:07:09.022650,17.7,59.6,69.4,
2025-12-22T16:07:10.538966,1.6,59.6,69.4,
2025-12-22T16:07:16.445553,11.8,59.4,69.4,
2025-12-22T16:07:17.956742,2.1,59.4,69.4,
2025-12-22T16:07:21.668253,12.6,59.5,69.4,
2025-12-22T16:07:23.179097,0.6,59.4,69.4,
2025-12-22T16:07:24.690830,0.0,59.4,69.4,
2025-12-22T16:07:26.201435,0.0,59.3,69.4,
2025-12-22T16:07:27.718327,0.4,59.3,69.4,
2025-12-22T16:07:29.235823,0.4,59.3,69.4,
2025-12-22T16:07:30.742149,3.0,59.4,69.4,
2025-12-22T16:07:32.257888,0.2,59.3,69.4,
2025-12-22T16:07:34.968438,12.1,59.3,69.4,
2025-12-22T16:07:36.485902,1.0,59.3,69.4,
2025-12-22T16:07:42.418997,12.7,59.4,69.4,
2025-12-22T16:07:43.933062,2.4,59.4,69.4,
2025-12-22T16:07:49.863025,14.6,59.5,69.4,
2025-12-22T16:07:51.369620,1.8,59.5,69.4,
2025-12-22T16:07:57.300596,13.1,59.4,69.4,
2025-12-22T16:07:58.810318,1.9,59.3,69.4,
2025-12-22T16:08:04.692276,12.6,59.5,69.4,
2025-12-22T16:08:06.210813,5.4,59.5,69.4,
2025-12-22T16:08:12.115451,13.7,59.4,69.4,
2025-12-22T16:08:13.633010,0.2,59.4,69.4,
2025-12-22T16:08:19.550208,13.5,59.4,69.4,
2025-12-22T16:08:21.056465,1.0,59.4,69.4,
2025-12-22T16:08:26.949965,12.9,59.4,69.4,
2025-12-22T16:08:28.462738,0.0,59.4,69.4,
2025-12-22T16:08:34.378853,12.3,59.3,69.4,
2025-12-22T16:08:35.891164,0.6,59.2,69.4,
2025-12-22T16:08:41.803488,9.9,59.3,69.4,
2025-12-22T16:08:43.314952,0.8,59.2,69.4,
2025-12-22T16:08:49.252135,12.9,59.3,69.4,
2025-12-22T16:08:50.771779,0.4,59.3,69.4,
2025-12-22T16:08:56.668806,14.6,59.3,69.4,
2025-12-22T16:08:58.179754,2.3,59.3,69.4,
2025-12-22T16:09:04.064480,11.4,59.3,69.4,
2025-12-22T16:09:05.572954,1.0,59.4,69.4,
2025-12-22T16:09:11.500842,15.0,59.5,69.4,
2025-12-22T16:09:13.010353,1.8,59.5,69.4,
2025-12-22T16:09:18.953858,12.5,59.5,69.4,
2025-12-22T16:09:20.461995,1.2,59.5,69.4,
2025-12-22T16:09:26.372623,11.2,59.7,69.4,
2025-12-22T16:09:27.892817,0.6,59.7,69.4,
2025-12-22T16:09:33.777873,13.9,59.6,69.4,
2025-12-22T16:09:35.290893,0.4,59.6,69.4,
2025-12-22T16:09:41.189597,12.6,59.6,69.4,
2025-12-22T16:09:42.699446,2.3,59.5,69.4,
2025-12-22T16:09:48.576274,13.8,59.6,69.4,
2025-12-22T16:09:50.090288,0.2,59.5,69.4,
2025-12-22T16:09:56.001015,13.4,59.4,69.4,
2025-12-22T16:09:57.518308,14.7,59.4,69.4,
2025-12-22T16:10:03.440748,12.0,58.4,69.4,
2025-12-22T16:10:04.959054,0.2,58.4,69.4,
2025-12-22T16:10:10.850580,11.8,58.4,69.4,
2025-12-22T16:10:12.372346,0.8,58.8,69.4,
2025-12-22T16:10:18.250449,10.7,59.2,69.4,
2025-12-22T16:10:19.764075,0.0,59.2,69.4,
2025-12-22T16:10:23.452073,13.0,59.2,69.4,
2025-12-22T16:10:24.968333,0.2,59.3,69.4,
2025-12-22T16:10:28.661208,11.4,59.2,69.4,
2025-12-22T16:10:30.175009,1.5,59.3,69.4,
2025-12-22T16:10:36.091698,12.3,59.1,69.4,
2025-12-22T16:10:37.599597,0.8,59.2,69.4,
2025-12-22T16:10:43.530789,10.0,59.1,69.4,
2025-12-22T16:10:45.041685,1.2,58.9,69.4,
2025-12-22T16:10:50.967073,12.9,58.8,69.4,
2025-12-22T16:10:52.477244,0.4,58.7,69.4,
2025-12-22T16:10:58.403375,13.1,58.8,69.4,
2025-12-22T16:10:59.923817,0.4,58.8,69.4,
2025-12-22T16:11:05.896151,14.9,59.1,69.4,
2025-12-22T16:11:07.416496,0.8,59.1,69.4,
2025-12-22T16:11:13.309189,13.3,59.1,69.4,
2025-12-22T16:11:14.828141,0.4,59.1,69.4,
2025-12-22T16:11:20.700006,10.0,59.1,69.4,
2025-12-22T16:11:22.216708,2.2,59.2,69.4,
2025-12-22T16:11:28.202031,12.8,59.0,69.4,
2025-12-22T16:11:29.715896,0.8,59.1,69.4,
2025-12-22T16:11:35.639175,11.6,59.0,69.4,
2025-12-22T16:11:37.145028,1.2,59.0,69.4,
2025-12-22T16:11:43.084572,12.4,59.0,69.4,
2025-12-22T16:11:44.592909,0.0,59.0,69.4,
2025-12-22T16:11:50.462396,10.5,59.1,69.4,
2025-12-22T16:11:51.971701,1.0,59.1,69.4,
2025-12-22T16:11:57.913519,12.8,59.0,69.4,
2025-12-22T16:11:59.426663,2.5,59.0,69.4,
2025-12-22T16:12:05.310649,12.3,58.9,69.4,
2025-12-22T16:12:06.830043,3.1,59.1,69.4,
2025-12-22T16:12:12.733428,12.0,59.1,69.4,
2025-12-22T16:12:14.243917,5.7,59.1,69.4,
2025-12-22T16:12:20.145670,19.6,59.1,69.4,
2025-12-22T16:12:21.658885,2.9,59.1,69.4,
2025-12-22T16:12:27.572222,17.6,59.2,69.4,
2025-12-22T16:12:29.091624,15.5,59.4,69.4,
2025-12-22T16:12:35.017089,11.9,59.7,69.4,
2025-12-22T16:12:36.534670,0.6,59.6,69.4,
2025-12-22T16:12:42.404941,10.8,59.0,69.4,
2025-12-22T16:12:43.922326,0.0,59.0,69.4,
2025-12-22T16:12:49.837887,17.1,59.0,69.4,
2025-12-22T16:12:51.352027,1.8,58.9,69.4,
2025-12-22T16:12:57.284806,10.3,59.1,69.4,
2025-12-22T16:12:58.796765,1.7,59.1,69.4,
2025-12-22T16:13:04.718456,12.7,59.1,69.4,
2025-12-22T16:13:06.229163,1.6,59.1,69.4,
2025-12-22T16:13:12.152024,13.9,59.2,69.4,
2025-12-22T16:13:13.668369,0.8,59.2,69.4,
2025-12-22T16:13:19.597925,12.5,59.2,69.4,
2025-12-22T16:13:21.114341,1.2,59.1,69.4,
2025-12-22T16:13:24.836753,14.4,59.2,69.4,
2025-12-22T16:13:26.356866,0.8,59.2,69.4,
2025-12-22T16:13:29.871308,12.2,59.2,69.4,
2025-12-22T16:13:31.376635,0.0,59.2,69.4,
2025-12-22T16:13:37.336678,12.8,59.2,69.4,
2025-12-22T16:13:38.849016,1.4,59.3,69.4,
2025-12-22T16:13:44.758019,12.1,59.2,69.4,
2025-12-22T16:13:46.266706,1.9,59.6,69.4,
2025-12-22T16:13:52.166478,14.7,59.6,69.4,
2025-12-22T16:13:53.679909,0.2,59.6,69.4,
2025-12-22T16:13:59.628301,18.7,59.6,69.4,
2025-12-22T16:14:01.141065,1.4,59.5,69.4,
2025-12-22T16:14:07.077600,10.7,59.5,69.4,
2025-12-22T16:14:08.594788,0.4,59.4,69.4,
2025-12-22T16:14:14.541067,12.0,59.4,69.4,
2025-12-22T16:14:16.057449,0.6,59.3,69.4,
2025-12-22T16:14:21.939612,15.1,59.2,69.4,
2025-12-22T16:14:23.457225,13.2,59.3,69.4,
2025-12-22T16:14:29.354671,12.5,58.9,69.4,
2025-12-22T16:14:30.870993,2.2,58.8,69.4,
2025-12-22T16:14:36.817171,13.2,58.9,69.4,
2025-12-22T16:14:38.324095,0.8,58.9,69.4,
2025-12-22T16:14:44.255057,15.0,59.2,69.4,
2025-12-22T16:14:45.761074,0.8,59.3,69.4,
2025-12-22T16:14:51.643179,13.1,59.2,69.4,
2025-12-22T16:14:53.160394,4.7,59.2,69.4,
2025-12-22T16:14:59.064733,14.5,59.2,69.4,
2025-12-22T16:15:00.573003,0.2,59.2,69.4,
2025-12-22T16:15:06.440934,12.7,57.8,69.4,
2025-12-22T16:15:07.953146,0.8,57.7,69.4,
2025-12-22T16:15:13.904828,15.3,57.4,69.4,
2025-12-22T16:15:15.417972,0.6,57.5,69.4,
2025-12-22T16:15:21.326904,11.5,57.5,69.4,
2025-12-22T16:15:22.841636,0.0,57.5,69.4,
2025-12-22T16:15:28.771012,13.5,57.6,69.4,
2025-12-22T16:15:30.281348,1.4,57.5,69.4,
2025-12-22T16:15:36.125037,12.6,57.5,69.4,
2025-12-22T16:15:37.640133,0.6,57.6,69.4,
2025-12-22T16:15:43.528702,9.6,57.6,69.4,
2025-12-22T16:15:45.039977,0.4,57.6,69.4,
2025-12-22T16:15:50.932535,12.9,57.6,69.4,
2025-12-22T16:15:52.445193,0.4,57.7,69.4,
2025-12-22T16:15:58.383715,14.4,57.6,69.4,
2025-12-22T16:15:59.893492,0.0,57.6,69.4,
2025-12-22T16:16:05.845010,16.9,57.7,69.4,
2025-12-22T16:16:07.359800,1.6,57.7,69.4,
2025-12-22T16:16:13.233585,11.8,57.6,69.4,
2025-12-22T16:16:14.747174,1.4,57.7,69.4,
2025-12-22T16:16:20.686933,12.8,57.7,69.4,
2025-12-22T16:16:22.200845,0.2,57.7,69.4,
2025-12-22T16:16:25.910558,15.2,57.7,69.4,
2025-12-22T16:16:27.429334,1.7,57.7,69.4,
2025-12-22T16:16:30.914875,15.8,57.7,69.4,
2025-12-22T16:16:32.431615,6.5,57.8,69.4,
2025-12-22T16:16:38.324940,11.0,57.7,69.4,
2025-12-22T16:16:39.832018,0.8,57.7,69.4,
2025-12-22T16:16:45.768062,13.5,57.8,69.4,
2025-12-22T16:16:47.279735,1.4,57.8,69.4,
2025-12-22T16:16:53.186870,11.0,57.8,69.4,
2025-12-22T16:16:54.695184,0.8,57.8,69.4,
2025-12-22T16:17:00.735745,17.6,58.4,69.4,
2025-12-22T16:17:02.249948,1.8,58.4,69.4,
2025-12-22T16:17:08.197614,13.1,58.3,69.4,
2025-12-22T16:17:09.713071,3.4,58.3,69.4,
2025-12-22T16:17:15.728474,14.7,58.1,69.4,
2025-12-22T16:17:17.237985,1.8,57.8,69.4,
2025-12-22T16:17:23.226065,12.4,58.0,69.4,
2025-12-22T16:17:24.739043,1.0,57.9,69.4,
2025-12-22T16:17:30.658085,12.2,57.9,69.4,
2025-12-22T16:17:32.165052,1.0,57.9,69.4,
2025-12-22T16:17:38.090125,11.1,57.7,69.4,
2025-12-22T16:17:39.602899,1.2,57.7,69.4,
2025-12-22T16:17:45.578861,10.9,57.8,69.4,
2025-12-22T16:17:47.101750,0.2,57.7,69.4,
2025-12-22T16:17:53.021813,10.7,57.6,69.4,
2025-12-22T16:17:54.529502,0.4,57.6,69.4,
2025-12-22T16:18:00.473558,9.6,58.5,69.4,
2025-12-22T16:18:01.994427,0.6,57.7,69.4,
2025-12-22T16:18:07.937310,11.3,57.6,69.4,
2025-12-22T16:18:09.451706,0.8,57.5,69.4,
2025-12-22T16:18:15.385939,11.8,57.6,69.4,
2025-12-22T16:18:16.904150,0.4,57.5,69.4,
2025-12-22T16:18:22.810604,12.5,57.5,69.4,
2025-12-22T16:18:24.319176,0.4,57.5,69.4,
2025-12-22T16:18:30.248799,12.9,57.5,69.4,
2025-12-22T16:18:31.757547,0.4,57.5,69.4,
2025-12-22T16:18:37.679301,14.2,57.5,69.4,
2025-12-22T16:18:39.195190,0.2,57.4,69.4,
2025-12-22T16:18:45.098872,13.1,56.9,69.4,
2025-12-22T16:18:46.611320,0.0,56.9,69.4,
2025-12-22T16:18:52.519641,7.1,56.9,69.4,
2025-12-22T16:18:54.039477,0.2,56.9,69.4,
2025-12-22T16:18:59.960905,11.0,57.0,69.4,
2025-12-22T16:19:01.474189,1.8,56.9,69.4,
2025-12-22T16:19:07.347524,13.8,57.2,69.4,
2025-12-22T16:19:08.861448,0.6,57.3,69.4,
2025-12-22T16:19:14.781451,12.0,57.3,69.4,
2025-12-22T16:19:16.290603,0.8,57.3,69.4,
2025-12-22T16:19:19.983893,12.6,57.3,69.4,
2025-12-22T16:19:21.494043,0.4,57.2,69.4,
2025-12-22T16:19:25.016703,12.5,57.3,69.4,
2025-12-22T16:19:26.532992,0.6,57.3,69.4,
2025-12-22T16:19:32.452659,13.3,57.2,69.4,
2025-12-22T16:19:33.962020,1.4,57.2,69.4,
2025-12-22T16:19:39.949370,20.6,58.1,69.4,
2025-12-22T16:19:41.457052,6.5,58.1,69.4,
2025-12-22T16:19:47.397622,13.9,58.1,69.4,
2025-12-22T16:19:48.910593,1.0,58.1,69.4,
2025-12-22T16:19:54.863468,13.1,57.7,69.4,
2025-12-22T16:19:56.376399,0.4,57.2,69.4,
2025-12-22T16:20:02.339699,11.4,56.9,69.4,
2025-12-22T16:20:03.851882,7.2,54.9,69.4,
2025-12-22T16:20:09.741153,14.2,54.9,69.4,
2025-12-22T16:20:11.249103,0.8,54.9,69.4,
2025-12-22T16:20:17.193569,13.6,54.9,69.4,
2025-12-22T16:20:18.713740,1.0,54.9,69.4,
2025-12-22T16:20:24.612927,10.9,55.0,69.4,
2025-12-22T16:20:26.130038,1.4,55.0,69.4,
2025-12-22T16:20:32.107937,12.4,55.0,69.4,
2025-12-22T16:20:33.623008,1.8,55.0,69.4,
2025-12-22T16:20:39.580987,13.2,54.9,69.4,
2025-12-22T16:20:41.101372,1.1,54.9,69.4,
2025-12-22T16:20:47.089066,14.8,54.9,69.4,
2025-12-22T16:20:48.609531,3.3,55.2,69.4,
2025-12-22T16:20:54.476010,11.5,55.5,69.4,
2025-12-22T16:20:55.990033,0.8,55.5,69.4,
2025-12-22T16:21:01.900501,8.9,55.6,69.4,
2025-12-22T16:21:03.416444,6.9,55.5,69.4,
2025-12-22T16:21:09.262264,12.0,55.3,69.4,
2025-12-22T16:21:10.781463,0.2,55.3,69.4,
2025-12-22T16:21:16.627213,13.5,55.3,69.4,
2025-12-22T16:21:18.145836,0.2,55.3,69.4,
2025-12-22T16:21:23.998261,12.4,55.0,69.4,
2025-12-22T16:21:25.513401,0.2,55.0,69.4,
2025-12-22T16:21:31.471888,16.1,55.0,69.4,
2025-12-22T16:21:32.978111,2.1,55.1,69.4,
2025-12-22T16:21:38.886370,15.3,55.1,69.4,
2025-12-22T16:21:40.410629,2.5,55.1,69.4,
2025-12-22T16:21:46.294508,17.2,55.1,69.4,
2025-12-22T16:21:47.811541,2.8,55.1,69.4,
2025-12-22T16:21:53.727273,13.2,55.1,69.4,
2025-12-22T16:21:55.242873,1.5,55.1,69.4,
2025-12-22T16:22:01.155664,15.7,55.0,69.4,
2025-12-22T16:22:02.674766,4.8,55.1,69.4,
2025-12-22T16:22:08.552599,14.0,55.1,69.4,
2025-12-22T16:22:10.073835,0.0,55.1,69.4,
2025-12-22T16:22:15.983640,14.4,55.1,69.4,
2025-12-22T16:22:17.503919,0.0,55.1,69.4,
2025-12-22T16:22:21.188039,15.5,55.1,69.4,
2025-12-22T16:22:22.706322,4.5,55.2,69.4,
2025-12-22T16:22:26.229921,14.9,55.2,69.4,
2025-12-22T16:22:27.744719,2.2,55.2,69.4,
2025-12-22T16:22:33.642974,13.4,55.2,69.4,
2025-12-22T16:22:35.150748,3.9,55.2,69.4,
2025-12-22T16:22:41.044373,15.1,55.2,69.4,
2025-12-22T16:22:42.554091,8.9,55.2,69.4,
2025-12-22T16:22:48.469018,16.8,55.3,69.4,
2025-12-22T16:22:49.985352,1.9,55.3,69.4,
2025-12-22T16:22:55.869135,15.3,55.3,69.4,
2025-12-22T16:22:57.389549,7.8,55.1,69.4,
2025-12-22T16:23:03.308701,14.0,55.0,69.4,
2025-12-22T16:23:04.826749,1.1,55.1,69.4,
2025-12-22T16:23:10.718053,16.4,55.1,69.4,
2025-12-22T16:23:12.250392,1.8,55.2,69.4,
2025-12-22T16:23:18.136774,11.8,55.2,69.4,
2025-12-22T16:23:19.649480,1.9,55.1,69.4,
2025-12-22T16:23:25.619504,12.3,55.1,69.4,
2025-12-22T16:23:27.131210,1.0,55.1,69.4,
2025-12-22T16:23:33.029655,12.7,55.2,69.4,
2025-12-22T16:23:34.548997,2.9,55.2,69.4,
2025-12-22T16:23:40.435053,9.9,55.3,69.4,
2025-12-22T16:23:41.953315,1.4,55.2,69.4,
2025-12-22T16:23:47.795622,12.1,55.3,69.4,
2025-12-22T16:23:49.312734,2.3,55.3,69.4,
2025-12-22T16:23:55.199329,17.8,55.3,69.4,
2025-12-22T16:23:56.710325,7.1,55.3,69.4,
2025-12-22T16:24:02.613697,19.6,55.8,69.4,
2025-12-22T16:24:04.127781,4.9,55.9,69.4,
2025-12-22T16:24:10.056446,16.1,55.8,69.4,
2025-12-22T16:24:11.569543,0.4,55.3,69.4,
2025-12-22T16:24:17.470584,15.7,55.3,69.4,
2025-12-22T16:24:18.991530,2.7,55.3,69.4,
2025-12-22T16:24:24.906831,18.3,55.6,69.4,
2025-12-22T16:24:26.429084,0.2,55.6,69.4,
2025-12-22T16:24:32.297453,13.9,55.7,69.4,
2025-12-22T16:24:33.803872,5.1,55.0,69.4,
2025-12-22T16:24:39.751441,16.7,54.9,69.4,
2025-12-22T16:24:41.259951,0.2,55.0,69.4,
2025-12-22T16:24:47.142141,14.3,55.0,69.4,
2025-12-22T16:24:48.663852,0.4,55.1,69.4,
2025-12-22T16:24:54.486027,14.9,54.8,69.4,
2025-12-22T16:24:56.002331,0.2,54.8,69.4,
2025-12-22T16:25:01.824848,13.7,54.8,69.4,
2025-12-22T16:25:03.340967,0.2,54.8,69.4,
2025-12-22T16:25:09.249997,16.7,54.3,69.4,
2025-12-22T16:25:10.756878,0.2,54.2,69.4,
2025-12-22T16:25:16.661349,12.0,54.3,69.4,
2025-12-22T16:25:18.171009,0.4,54.2,69.4,
2025-12-22T16:25:21.901649,10.8,54.2,69.4,
2025-12-22T16:25:23.409338,0.6,54.2,69.4,
2025-12-22T16:25:27.013510,15.6,54.2,69.4,
2025-12-22T16:25:28.524980,0.2,54.2,69.4,
2025-12-22T16:25:34.432010,16.5,54.2,69.4,
2025-12-22T16:25:35.941901,0.2,54.2,69.4,
2025-12-22T16:25:41.862983,14.3,54.3,69.4,
2025-12-22T16:25:43.369160,2.3,54.3,69.4,
2025-12-22T16:25:49.231353,14.3,54.3,69.4,
2025-12-22T16:25:50.755735,1.2,54.3,69.4,
2025-12-22T16:25:56.660359,19.6,54.3,69.4,
2025-12-22T16:25:58.177787,1.4,54.3,69.4,
2025-12-22T16:26:04.136065,16.9,54.4,69.4,
2025-12-22T16:26:05.647746,6.6,54.4,69.4,
2025-12-22T16:26:11.554143,13.8,54.3,69.4,
2025-12-22T16:26:13.075016,6.3,54.3,69.4,
2025-12-22T16:26:18.965547,12.1,54.4,69.4,
2025-12-22T16:26:20.480038,2.5,54.4,69.4,
2025-12-22T16:26:26.386831,16.5,54.4,69.4,
2025-12-22T16:26:27.902637,0.2,54.4,69.4,
2025-12-22T16:26:33.831973,16.2,54.5,69.4,
2025-12-22T16:26:35.342306,5.9,54.7,69.4,
2025-12-22T16:26:41.263044,9.4,54.9,69.4,
2025-12-22T16:26:42.776662,1.6,54.9,69.4,
2025-12-22T16:26:48.685713,12.1,54.6,69.4,
2025-12-22T16:26:50.193906,3.5,54.6,69.4,
2025-12-22T16:26:56.109850,15.5,54.6,69.4,
2025-12-22T16:26:57.628363,2.2,54.6,69.4,
2025-12-22T16:27:03.565032,12.9,54.7,69.4,
2025-12-22T16:27:05.076732,3.3,54.7,69.4,
2025-12-22T16:27:10.956195,15.8,54.9,69.4,
2025-12-22T16:27:12.477673,2.1,54.9,69.4,
2025-12-22T16:27:18.383749,11.5,55.0,69.4,
2025-12-22T16:27:19.891528,2.0,55.0,69.4,
2025-12-22T16:27:25.770784,11.0,55.1,69.4,
2025-12-22T16:27:27.283809,1.7,55.0,69.4,
2025-12-22T16:27:33.185422,13.5,54.9,69.4,
2025-12-22T16:27:34.693449,1.2,54.9,69.4,
2025-12-22T16:27:40.571916,15.1,55.1,69.4,
2025-12-22T16:27:42.081085,1.4,55.1,69.4,
2025-12-22T16:27:48.004239,15.4,55.2,69.4,
2025-12-22T16:27:49.511855,0.8,55.2,69.4,
2025-12-22T16:27:55.381056,14.1,55.2,69.4,
2025-12-22T16:27:56.887084,3.1,55.2,69.4,
2025-12-22T16:28:02.755824,16.0,55.7,69.4,
2025-12-22T16:28:04.264322,1.8,55.7,69.4,
2025-12-22T16:28:10.222669,11.4,55.6,69.4,
2025-12-22T16:28:11.728927,2.6,55.7,69.4,
2025-12-22T16:28:17.669928,16.3,55.7,69.4,
2025-12-22T16:28:19.186334,1.0,55.7,69.4,
2025-12-22T16:28:22.948094,12.1,55.7,69.4,
2025-12-22T16:28:24.468873,1.2,55.6,69.4,
2025-12-22T16:28:27.993868,16.8,55.6,69.4,
2025-12-22T16:28:29.499719,1.0,55.6,69.4,
2025-12-22T16:28:35.422193,11.7,55.0,69.4,
2025-12-22T16:28:36.933303,0.6,55.0,69.4,
2025-12-22T16:28:42.836532,12.9,55.0,69.4,
2025-12-22T16:28:44.347647,1.4,55.0,69.4,
2025-12-22T16:28:50.229406,12.6,55.2,69.4,
2025-12-22T16:28:51.739688,0.0,55.1,69.4,
2025-12-22T16:28:57.611239,15.8,55.2,69.4,
2025-12-22T16:28:59.130212,2.2,55.2,69.4,
2025-12-22T16:29:05.052288,12.6,55.2,69.4,
2025-12-22T16:29:06.563773,0.8,55.2,69.4,
2025-12-22T16:29:12.461175,12.7,55.2,69.4,
2025-12-22T16:29:13.980853,0.4,55.2,69.4,
2025-12-22T16:29:19.879957,15.4,55.1,69.4,
2025-12-22T16:29:21.394195,1.0,55.1,69.4,
2025-12-22T16:29:27.263305,13.9,55.1,69.4,
2025-12-22T16:29:28.778585,0.2,55.1,69.4,
2025-12-22T16:29:34.698322,15.3,55.1,69.4,
2025-12-22T16:29:36.211067,1.2,55.1,69.4,
2025-12-22T16:29:42.088165,14.2,55.1,69.4,
2025-12-22T16:29:43.598533,0.4,55.1,69.4,
2025-12-22T16:29:49.499080,12.3,55.1,69.4,
2025-12-22T16:29:51.008667,12.3,55.5,69.4,
2025-12-22T16:29:56.954044,13.8,56.0,69.4,
2025-12-22T16:29:58.460088,1.4,56.0,69.4,
2025-12-22T16:30:04.374971,11.6,55.9,69.4,
2025-12-22T16:30:05.885570,0.4,55.9,69.4,
2025-12-22T16:30:11.792785,13.4,55.3,69.4,
2025-12-22T16:30:13.310248,0.2,55.3,69.4,
2025-12-22T16:30:19.221444,13.0,55.3,69.4,
2025-12-22T16:30:20.740511,0.0,55.3,69.4,
2025-12-22T16:30:26.649210,10.9,55.3,69.4,
2025-12-22T16:30:28.168884,0.2,55.3,69.4,
2025-12-22T16:30:34.041153,13.2,55.3,69.4,
2025-12-22T16:30:35.557655,3.3,55.3,69.4,
2025-12-22T16:30:41.527506,11.9,55.4,69.4,
2025-12-22T16:30:43.035867,1.6,55.4,69.4,
2025-12-22T16:30:48.945087,11.7,55.4,69.4,
2025-12-22T16:30:50.462851,0.4,55.4,69.4,
2025-12-22T16:30:56.386480,11.3,55.4,69.4,
2025-12-22T16:30:57.901513,0.2,55.4,69.4,
2025-12-22T16:31:03.815741,12.2,57.2,69.4,
2025-12-22T16:31:05.334857,7.3,57.3,69.4,
2025-12-22T16:31:11.246605,14.3,58.3,69.4,
2025-12-22T16:31:12.756605,0.4,58.3,69.4,
2025-12-22T16:31:18.715230,10.1,59.8,69.4,
2025-12-22T16:31:20.224540,4.5,60.0,69.4,
2025-12-22T16:31:23.930113,11.4,59.8,69.4,
2025-12-22T16:31:25.443603,1.0,59.8,69.4,
2025-12-22T16:31:29.016654,13.0,59.7,69.4,
2025-12-22T16:31:30.527508,1.4,59.8,69.4,
2025-12-22T16:31:36.437902,11.8,60.4,69.4,
2025-12-22T16:31:37.953157,0.4,60.4,69.4,
2025-12-22T16:31:43.872287,11.0,60.4,69.4,
2025-12-22T16:31:45.392957,0.4,60.4,69.4,
2025-12-22T16:31:51.288150,12.7,60.4,69.4,
2025-12-22T16:31:52.805325,0.4,60.5,69.4,
2025-12-22T16:31:58.672431,11.5,60.3,69.4,
2025-12-22T16:32:00.190711,1.7,60.3,69.4,
2025-12-22T16:32:06.131743,11.1,60.0,69.4,
2025-12-22T16:32:07.638320,0.2,60.0,69.4,
2025-12-22T16:32:13.577921,13.2,60.0,69.4,
2025-12-22T16:32:15.096807,1.2,60.0,69.4,
2025-12-22T16:32:21.030994,11.0,60.0,69.4,
2025-12-22T16:32:22.543208,0.6,60.0,69.4,
2025-12-22T16:32:28.488627,9.4,60.0,69.4,
2025-12-22T16:32:30.007070,1.2,60.0,69.4,
2025-12-22T16:32:35.912678,13.1,60.1,69.4,
2025-12-22T16:32:37.420614,1.6,60.1,69.4,
2025-12-22T16:32:43.334404,13.7,60.1,69.4,
2025-12-22T16:32:44.849883,1.8,60.1,69.4,
2025-12-22T16:32:50.735105,10.4,60.1,69.4,
2025-12-22T16:32:52.254312,0.4,59.9,69.4,
2025-12-22T16:32:58.141114,13.2,59.8,69.4,
2025-12-22T16:32:59.661033,0.2,59.8,69.4,
2025-12-22T16:33:05.594545,11.9,59.8,69.4,
2025-12-22T16:33:07.111538,0.4,59.7,69.4,
2025-12-22T16:33:13.050722,14.6,60.6,69.4,
2025-12-22T16:33:14.560884,0.2,60.8,69.4,
2025-12-22T16:33:20.515441,11.9,61.2,69.4,
2025-12-22T16:33:22.022052,1.0,61.4,69.4,
2025-12-22T16:33:27.934611,12.1,61.3,69.4,
2025-12-22T16:33:29.453811,0.0,61.2,69.4,
2025-12-22T16:33:35.357695,10.8,60.2,69.4,
2025-12-22T16:33:36.870181,1.8,60.1,69.4,
2025-12-22T16:33:42.759504,11.9,60.8,69.4,
2025-12-22T16:33:44.279577,0.4,60.8,69.4,
2025-12-22T16:33:50.176350,17.0,60.5,69.4,
2025-12-22T16:33:51.696089,1.0,60.3,69.4,
2025-12-22T16:33:57.600301,11.9,60.3,69.4,
2025-12-22T16:33:59.117007,7.2,60.2,69.4,
2025-12-22T16:34:05.023258,12.4,60.2,69.4,
2025-12-22T16:34:06.539343,0.6,60.2,69.4,
2025-12-22T16:34:12.473162,14.3,60.2,69.4,
2025-12-22T16:34:13.979929,1.6,60.2,69.4,
2025-12-22T16:34:19.910781,12.1,60.1,69.4,
2025-12-22T16:34:21.429228,0.8,60.1,69.4,
2025-12-22T16:34:25.167521,18.5,60.1,69.4,
2025-12-22T16:34:26.679076,0.2,60.1,69.4,
2025-12-22T16:34:30.195003,10.7,60.1,69.4,
2025-12-22T16:34:31.704568,0.2,60.1,69.4,
2025-12-22T16:34:37.608881,14.2,60.0,69.4,
2025-12-22T16:34:39.120037,0.0,60.0,69.4,
2025-12-22T16:34:45.045424,14.6,59.9,69.4,
2025-12-22T16:34:46.556908,1.2,60.0,69.4,
2025-12-22T16:34:52.493747,13.2,60.0,69.4,
2025-12-22T16:34:54.004256,0.4,60.0,69.4,
2025-12-22T16:34:59.904690,10.7,60.0,69.4,
2025-12-22T16:35:01.421396,0.8,60.0,69.4,
2025-12-22T16:35:07.357941,13.1,60.3,69.4,
2025-12-22T16:35:08.871963,1.6,60.3,69.4,
2025-12-22T16:35:14.796059,14.0,60.3,69.4,
2025-12-22T16:35:16.309928,0.0,60.2,69.4,
2025-12-22T16:35:22.230624,13.1,60.3,69.4,
2025-12-22T16:35:23.751326,0.8,60.3,69.4,
2025-12-22T16:35:29.696633,12.5,60.3,69.4,
2025-12-22T16:35:31.208019,1.6,60.3,69.4,
2025-12-22T16:35:37.112095,14.1,60.0,69.4,
2025-12-22T16:35:38.623969,0.4,60.1,69.4,
2025-12-22T16:35:44.522455,10.1,60.0,69.4,
2025-12-22T16:35:46.034154,1.4,60.0,69.4,
2025-12-22T16:35:51.964088,12.2,60.4,69.4,
2025-12-22T16:35:53.473826,0.6,60.4,69.4,
2025-12-22T16:35:59.444054,10.5,60.4,69.4,
2025-12-22T16:36:00.951641,0.6,60.4,69.4,
2025-12-22T16:36:06.893763,11.0,60.4,69.4,
2025-12-22T16:36:08.413569,0.8,60.4,69.4,
2025-12-22T16:36:14.326148,11.8,60.4,69.4,
2025-12-22T16:36:15.835301,0.6,60.4,69.4,
2025-12-22T16:36:21.748709,16.1,60.4,69.4,
2025-12-22T16:36:23.258666,3.4,60.5,69.4,
2025-12-22T16:36:29.190569,10.2,60.4,69.4,
2025-12-22T16:36:30.703647,0.4,60.4,69.4,
2025-12-22T16:36:36.626185,13.1,57.9,69.4,
2025-12-22T16:36:38.140964,0.6,57.9,69.4,
2025-12-22T16:36:44.028080,12.0,57.9,69.4,
2025-12-22T16:36:45.541252,1.6,57.9,69.4,
2025-12-22T16:36:51.447416,13.2,58.1,69.4,
2025-12-22T16:36:52.954690,1.4,58.0,69.4,
2025-12-22T16:36:58.892494,11.0,58.1,69.4,
2025-12-22T16:37:00.412332,0.4,58.1,69.4,
2025-12-22T16:37:06.340326,15.1,58.2,69.4,
2025-12-22T16:37:07.852501,0.2,58.2,69.4,
2025-12-22T16:37:13.763148,10.2,59.2,69.4,
2025-12-22T16:37:15.284926,0.4,59.2,69.4,
2025-12-22T16:37:21.155683,13.6,59.1,69.4,
2025-12-22T16:37:22.670620,1.4,59.5,69.4,
2025-12-22T16:37:26.377473,10.7,59.5,69.4,
2025-12-22T16:37:27.887916,0.0,59.5,69.4,
2025-12-22T16:37:31.388032,13.0,59.6,69.4,
2025-12-22T16:37:32.902952,0.8,59.5,69.4,
2025-12-22T16:37:38.854025,14.5,59.9,69.4,
2025-12-22T16:37:40.359751,2.2,59.9,69.4,
2025-12-22T16:37:46.270288,13.9,60.1,69.4,
2025-12-22T16:37:47.787467,1.4,59.9,69.4,
2025-12-22T16:37:53.690351,14.1,59.7,69.4,
2025-12-22T16:37:55.210787,1.4,59.6,69.4,
2025-12-22T16:38:01.124536,14.3,59.4,69.4,
2025-12-22T16:38:02.646130,0.2,59.5,69.4,
2025-12-22T16:38:08.538955,11.7,58.9,69.4,
2025-12-22T16:38:10.060336,0.4,58.8,69.4,
2025-12-22T16:38:15.955586,12.7,59.4,69.4,
2025-12-22T16:38:17.465515,0.6,59.4,69.4,
2025-12-22T16:38:23.401113,13.0,59.4,69.4,
2025-12-22T16:38:24.912643,1.0,59.4,69.4,
2025-12-22T16:38:30.838902,12.5,59.4,69.4,
2025-12-22T16:38:32.346222,0.4,59.4,69.4,
2025-12-22T16:38:38.241488,10.6,59.4,69.4,
2025-12-22T16:38:39.760614,2.2,59.4,69.4,
2025-12-22T16:38:45.677453,10.9,59.4,69.4,
2025-12-22T16:38:47.186834,0.2,59.0,69.4,
2025-12-22T16:38:53.119143,10.1,59.2,69.4,
2025-12-22T16:38:54.632712,1.2,59.2,69.4,
2025-12-22T16:39:00.596959,11.1,59.4,69.4,
2025-12-22T16:39:02.114425,0.4,59.4,69.4,
2025-12-22T16:39:08.039755,11.0,58.7,69.4,
2025-12-22T16:39:09.547793,0.4,58.7,69.4,
2025-12-22T16:39:15.463509,13.3,58.6,69.4,
2025-12-22T16:39:16.969166,0.4,58.6,69.4,
2025-12-22T16:39:22.879479,14.3,58.4,69.4,
2025-12-22T16:39:24.389161,0.0,58.3,69.4,
2025-12-22T16:39:31.794058,11.8,58.3,69.4,
2025-12-22T16:39:33.310125,0.6,58.3,69.4,
2025-12-22T16:39:39.178865,16.1,58.4,69.4,
2025-12-22T16:39:40.700588,0.4,58.4,69.4,
2025-12-22T16:39:46.560282,16.4,58.4,69.4,
2025-12-22T16:39:48.081428,0.0,58.3,69.4,
2025-12-22T16:39:53.992971,12.9,58.4,69.4,
2025-12-22T16:39:55.509637,0.2,58.4,69.4,
2025-12-22T16:39:59.202579,9.8,58.4,69.4,
2025-12-22T16:40:00.724792,0.2,58.4,69.4,
2025-12-22T16:40:04.226706,12.2,58.4,69.4,
2025-12-22T16:40:05.747591,0.8,58.4,69.4,
2025-12-22T16:40:11.671209,14.1,58.4,69.4,
2025-12-22T16:40:13.179972,0.2,58.4,69.4,
2025-12-22T16:40:19.106993,14.3,58.3,69.4,
2025-12-22T16:40:20.615718,1.0,58.1,69.4,
2025-12-22T16:40:26.565879,16.3,58.4,69.4,
2025-12-22T16:40:28.077525,0.8,58.5,69.4,
2025-12-22T16:40:33.958445,14.0,58.4,69.4,
2025-12-22T16:40:35.474971,0.6,58.4,69.4,
2025-12-22T16:40:41.387035,12.7,58.5,69.4,
2025-12-22T16:40:42.904128,0.4,58.5,69.4,
2025-12-22T16:40:48.778476,15.0,58.5,69.4,
2025-12-22T16:40:50.296824,5.5,58.5,69.4,
2025-12-22T16:40:56.242879,23.1,59.0,69.4,
2025-12-22T16:40:57.749624,5.5,59.0,69.4,
2025-12-22T16:41:03.631441,14.2,59.2,69.4,
2025-12-22T16:41:05.143333,0.4,59.2,69.4,
2025-12-22T16:41:11.021245,13.7,59.3,69.4,
2025-12-22T16:41:12.529195,0.2,59.3,69.4,
2025-12-22T16:41:18.436500,16.2,59.2,69.4,
2025-12-22T16:41:19.945890,0.8,59.1,69.4,
2025-12-22T16:41:25.910267,13.8,59.2,69.4,
2025-12-22T16:41:27.419935,0.6,59.2,69.4,
2025-12-22T16:41:33.301744,11.8,59.3,69.4,
2025-12-22T16:41:34.810638,5.2,59.3,69.4,
2025-12-22T16:41:40.777485,15.4,59.3,69.4,
2025-12-22T16:41:42.294558,0.0,59.3,69.4,
2025-12-22T16:41:48.177753,13.8,59.3,69.4,
2025-12-22T16:41:49.694840,0.8,59.3,69.4,
2025-12-22T16:41:55.617956,15.2,59.2,69.4,
2025-12-22T16:41:57.126347,0.2,59.2,69.4,
2025-12-22T16:42:03.065723,13.8,59.3,69.4,
2025-12-22T16:42:04.579370,0.2,59.2,69.4,
2025-12-22T16:42:10.462681,13.7,59.3,69.4,
2025-12-22T16:42:11.978496,0.4,59.3,69.4,
2025-12-22T16:42:17.887006,13.8,59.1,69.4,
2025-12-22T16:42:19.400405,0.8,59.4,69.4,
2025-12-22T16:42:25.281198,13.1,59.5,69.4,
2025-12-22T16:42:26.794526,0.0,59.5,69.4,
2025-12-22T16:42:32.709349,14.6,59.5,69.4,
2025-12-22T16:42:34.221821,0.8,59.5,69.4,
2025-12-22T16:42:40.079428,14.1,59.4,69.4,
2025-12-22T16:42:41.598505,0.6,59.4,69.4,
2025-12-22T16:42:47.474379,13.8,59.4,69.4,
2025-12-22T16:42:48.984732,0.8,59.2,69.4,
2025-12-22T16:42:54.909475,13.6,59.0,69.4,
2025-12-22T16:42:56.428927,0.6,59.0,69.4,
2025-12-22T16:43:00.131806,11.4,59.1,69.4,
2025-12-22T16:43:01.640640,0.2,59.0,69.4,
2025-12-22T16:43:05.130361,15.9,59.1,69.4,
2025-12-22T16:43:06.649095,0.2,59.1,69.4,
2025-12-22T16:43:12.542035,15.2,59.2,69.4,
2025-12-22T16:43:14.055823,0.0,59.2,69.4,
2025-12-22T16:43:19.929676,14.1,59.1,69.4,
2025-12-22T16:43:21.442387,0.8,59.1,69.4,
2025-12-22T16:43:27.339291,14.4,59.1,69.4,
2025-12-22T16:43:28.856068,0.0,59.1,69.4,
2025-12-22T16:43:34.726682,11.8,59.1,69.4,
2025-12-22T16:43:36.245181,0.4,59.1,69.4,
2025-12-22T16:43:42.128052,12.4,59.2,69.4,
2025-12-22T16:43:43.636256,0.2,59.2,69.4,
2025-12-22T16:43:49.538292,15.1,59.0,69.4,
2025-12-22T16:43:51.049416,0.2,59.1,69.4,
2025-12-22T16:43:56.959531,15.0,59.1,69.4,
2025-12-22T16:43:58.477276,0.2,59.1,69.4,
2025-12-22T16:44:04.350406,13.2,59.1,69.4,
2025-12-22T16:44:05.866797,1.4,59.1,69.4,
2025-12-22T16:44:11.759485,16.2,59.1,69.4,
2025-12-22T16:44:13.272638,0.4,59.2,69.4,
2025-12-22T16:44:19.183977,16.2,59.0,69.4,
2025-12-22T16:44:20.693334,0.0,59.1,69.4,
2025-12-22T16:44:26.619513,13.6,59.1,69.4,
2025-12-22T16:44:28.141076,0.2,59.1,69.4,
2025-12-22T16:44:34.054863,13.7,59.1,69.4,
2025-12-22T16:44:35.569118,0.6,59.1,69.4,
2025-12-22T16:44:41.437820,14.7,59.1,69.4,
2025-12-22T16:44:42.947655,0.2,59.1,69.4,
2025-12-22T16:44:48.847021,14.6,59.1,69.4,
2025-12-22T16:44:50.355154,0.2,59.1,69.4,
2025-12-22T16:44:56.270858,14.9,59.1,69.4,
2025-12-22T16:44:57.787813,0.8,59.1,69.4,
2025-12-22T16:45:03.689178,12.6,59.1,69.4,
2025-12-22T16:45:05.196779,2.0,59.1,69.4,
2025-12-22T16:45:11.125869,11.6,59.2,69.4,
2025-12-22T16:45:12.643426,0.0,59.2,69.4,
2025-12-22T16:45:18.564417,18.2,59.1,69.4,
2025-12-22T16:45:20.084966,0.0,59.1,69.4,
2025-12-22T16:45:25.999341,14.8,59.1,69.4,
2025-12-22T16:45:27.514021,0.0,59.1,69.4,
2025-12-22T16:45:33.378910,12.2,59.1,69.4,
2025-12-22T16:45:34.889366,0.6,59.1,69.4,
2025-12-22T16:45:40.792539,13.8,59.3,69.4,
2025-12-22T16:45:42.299379,3.5,59.3,69.4,
2025-12-22T16:45:48.289989,14.5,59.5,69.4,
2025-12-22T16:45:49.801522,6.4,59.6,69.4,
2025-12-22T16:45:55.772514,13.2,59.4,69.4,
2025-12-22T16:45:57.289870,0.6,59.4,69.4,
2025-12-22T16:46:01.048505,8.3,59.5,69.4,
2025-12-22T16:46:02.560947,0.6,59.5,69.4,
2025-12-22T16:46:06.120792,12.2,59.5,69.4,
2025-12-22T16:46:07.633570,1.7,59.5,69.4,
2025-12-22T16:46:13.585991,12.5,59.5,69.4,
2025-12-22T16:46:15.118509,2.7,59.6,69.4,
2025-12-22T16:46:21.036340,13.9,59.1,69.4,
2025-12-22T16:46:22.543704,0.4,59.2,69.4,
2025-12-22T16:46:28.447364,12.3,59.1,69.4,
2025-12-22T16:46:29.956114,0.2,59.1,69.4,
2025-12-22T16:46:35.885857,14.1,59.2,69.4,
2025-12-22T16:46:37.394877,1.2,59.1,69.4,
2025-12-22T16:46:43.334964,10.0,59.2,69.4,
2025-12-22T16:46:44.844132,3.5,59.2,69.4,
2025-12-22T16:46:50.759067,16.3,59.2,69.4,
2025-12-22T16:46:52.272118,0.4,59.3,69.4,
2025-12-22T16:46:58.177365,11.4,59.3,69.4,
2025-12-22T16:46:59.682733,0.2,59.2,69.4,
2025-12-22T16:47:05.684602,13.9,59.5,69.4,
2025-12-22T16:47:07.197544,0.0,59.5,69.4,
2025-12-22T16:47:13.113544,14.3,59.5,69.4,
2025-12-22T16:47:14.631421,1.8,59.5,69.4,
2025-12-22T16:47:20.533437,15.3,59.5,69.4,
2025-12-22T16:47:22.042573,3.6,59.5,69.4,
2025-12-22T16:47:28.022283,12.6,59.8,69.4,
2025-12-22T16:47:29.529545,3.3,59.9,69.4,
2025-12-22T16:47:35.476288,12.3,59.9,69.4,
2025-12-22T16:47:36.998450,4.5,60.0,69.4,
2025-12-22T16:47:42.946808,19.4,60.1,69.4,
2025-12-22T16:47:44.461492,0.8,60.1,69.4,
2025-12-22T16:47:50.427380,12.9,59.8,69.4,
2025-12-22T16:47:51.934152,0.2,59.9,69.4,
2025-12-22T16:47:57.890808,14.9,59.2,69.4,
2025-12-22T16:47:59.399306,1.4,59.2,69.4,
2025-12-22T16:48:05.320081,14.9,59.1,69.4,
2025-12-22T16:48:06.838937,0.2,59.0,69.4,
2025-12-22T16:48:12.718835,13.6,59.1,69.4,
2025-12-22T16:48:14.226989,0.4,59.1,69.4,
2025-12-22T16:48:20.174780,12.4,59.1,69.4,
2025-12-22T16:48:21.684096,0.4,59.1,69.4,
2025-12-22T16:48:27.567709,11.0,59.0,69.4,
2025-12-22T16:48:29.087651,0.4,59.1,69.4,
2025-12-22T16:48:34.998233,14.6,59.1,69.4,
2025-12-22T16:48:36.509334,0.4,59.1,69.4,
2025-12-22T16:48:42.386716,12.1,59.1,69.4,
2025-12-22T16:48:43.894114,2.7,59.1,69.4,
2025-12-22T16:48:49.849187,14.0,59.1,69.4,
2025-12-22T16:48:51.355685,1.4,59.1,69.4,
2025-12-22T16:48:55.121687,12.4,59.1,69.4,
2025-12-22T16:48:56.640746,0.2,59.1,69.4,
2025-12-22T16:49:00.234720,14.1,59.1,69.4,
2025-12-22T16:49:01.750406,0.2,59.1,69.4,
2025-12-22T16:49:07.713718,13.3,59.1,69.4,
2025-12-22T16:49:09.221602,2.5,59.1,69.4,
2025-12-22T16:49:15.134653,12.6,59.1,69.4,
2025-12-22T16:49:16.646045,0.6,59.1,69.4,
2025-12-22T16:49:22.617337,11.4,59.6,69.4,
2025-12-22T16:49:24.128675,1.2,59.6,69.4,
2025-12-22T16:49:30.084274,13.3,59.5,69.4,
2025-12-22T16:49:31.594817,1.9,59.6,69.4,
2025-12-22T16:49:37.546699,14.5,59.6,69.4,
2025-12-22T16:49:39.061359,0.2,59.6,69.4,
2025-12-22T16:49:44.980401,13.1,59.6,69.4,
2025-12-22T16:49:46.498939,0.6,59.6,69.4,
2025-12-22T16:49:52.407111,14.4,59.4,69.4,
2025-12-22T16:49:53.926674,1.8,59.4,69.4,
2025-12-22T16:49:59.840005,12.8,59.3,69.4,
2025-12-22T16:50:01.352466,0.8,59.2,69.4,
2025-12-22T16:50:07.289421,15.2,59.3,69.4,
2025-12-22T16:50:08.800247,1.8,59.3,69.4,
2025-12-22T16:50:14.712887,11.6,59.2,69.4,
2025-12-22T16:50:16.232186,1.2,59.2,69.4,
2025-12-22T16:50:22.188789,12.2,59.2,69.4,
2025-12-22T16:50:23.696185,2.2,59.2,69.4,
2025-12-22T16:50:29.637004,12.4,59.2,69.4,
2025-12-22T16:50:31.157676,0.6,59.2,69.4,
2025-12-22T16:50:37.069034,14.6,59.2,69.4,
2025-12-22T16:50:38.575420,0.2,59.2,69.4,
2025-12-22T16:50:44.519837,13.9,59.3,69.4,
2025-12-22T16:50:54.715052,13.5,65.2,69.4,
2025-12-22T16:50:56.232441,1.4,64.7,69.4,
2025-12-22T16:50:57.748522,0.2,64.7,69.4,
2025-12-22T16:50:59.267238,0.2,64.7,69.4,
2025-12-22T16:51:00.787262,0.6,64.7,69.4,
2025-12-22T16:51:02.302362,1.7,64.7,69.4,
2025-12-22T16:51:03.821279,2.2,64.2,69.4,
2025-12-22T16:51:05.327909,7.9,64.3,69.4,
2025-12-22T16:51:06.840548,0.2,64.3,69.4,
2025-12-22T16:51:08.346273,0.4,64.3,69.4,
2025-12-22T16:51:09.858072,0.4,64.3,69.4,
2025-12-22T16:51:11.365655,0.8,64.3,69.4,
2025-12-22T16:51:12.874962,0.2,64.3,69.4,
2025-12-22T16:51:14.382839,0.4,64.3,69.4,
2025-12-22T16:51:15.892835,0.0,64.3,69.4,
2025-12-22T16:51:17.413832,2.0,64.1,69.4,
2025-12-22T16:51:18.932479,0.4,64.1,69.4,
2025-12-22T16:51:20.454041,0.4,64.2,69.4,
2025-12-22T16:51:21.972904,0.8,64.2,69.4,
2025-12-22T16:51:23.484555,0.8,64.1,69.4,
2025-12-22T16:51:24.991734,4.1,64.0,69.4,
2025-12-22T16:51:26.504758,1.2,64.1,69.4,
2025-12-22T16:51:28.019498,0.2,63.8,69.4,
2025-12-22T16:51:29.529641,0.0,63.9,69.4,
2025-12-22T16:51:31.046811,1.2,64.0,69.4,
2025-12-22T16:51:32.565717,1.0,63.9,69.4,
2025-12-22T16:51:34.073871,1.4,63.9,69.4,
2025-12-22T16:51:35.591693,3.7,63.9,69.4,
2025-12-22T16:51:37.100389,0.4,64.0,69.4,
2025-12-22T16:51:38.610731,0.0,64.0,69.4,
2025-12-22T16:51:40.118783,2.8,64.0,69.4,
2025-12-22T16:51:41.628176,0.0,64.0,69.4,
2025-12-22T16:51:43.147997,1.7,64.0,69.4,
2025-12-22T16:51:44.661729,0.2,64.0,69.4,
2025-12-22T16:51:53.880448,14.6,63.9,69.4,
2025-12-22T16:51:55.390616,2.4,64.0,69.4,
2025-12-22T16:51:56.909829,0.0,63.9,69.4,
2025-12-22T16:51:58.416404,0.4,64.0,69.4,
2025-12-22T16:51:59.924572,0.2,64.0,69.4,
2025-12-22T16:52:01.443123,1.0,64.1,69.4,
2025-12-22T16:52:02.958739,0.0,64.1,69.4,
2025-12-22T16:52:04.477773,0.4,64.1,69.4,
2025-12-22T16:52:05.985031,0.6,64.0,69.4,
2025-12-22T16:52:07.505388,0.2,64.1,69.4,
2025-12-22T16:52:09.019230,0.6,64.1,69.4,
2025-12-22T16:52:10.527022,0.8,64.1,69.4,
2025-12-22T16:52:12.041846,0.6,64.0,69.4,
2025-12-22T16:52:13.559229,0.2,64.1,69.4,
2025-12-22T16:52:15.076549,0.0,64.1,69.4,
2025-12-22T16:52:16.584217,0.2,64.1,69.4,
2025-12-22T16:52:18.103188,1.4,64.1,69.4,
2025-12-22T16:52:19.611062,0.0,64.1,69.4,
2025-12-22T16:52:21.120649,0.8,64.0,69.4,
2025-12-22T16:52:22.627484,3.3,64.0,69.4,
2025-12-22T16:52:24.139008,0.2,64.1,69.4,
2025-12-22T16:52:25.647838,0.8,64.0,69.4,
2025-12-22T16:52:27.154614,0.6,64.0,69.4,
2025-12-22T16:52:28.672180,0.6,64.0,69.4,
2025-12-22T16:52:30.192806,0.2,64.0,69.4,
2025-12-22T16:52:31.707944,0.4,64.0,69.4,
2025-12-22T16:52:33.224839,0.4,64.1,69.4,
2025-12-22T16:52:34.742133,0.8,64.1,69.4,
2025-12-22T16:52:36.250131,1.4,64.1,69.4,
2025-12-22T16:52:37.768622,1.2,64.1,69.4,
2025-12-22T16:52:39.277513,0.8,64.1,69.4,
2025-12-22T16:52:40.793707,0.6,64.1,69.4,
2025-12-22T16:52:42.305822,0.8,63.7,69.4,
2025-12-22T16:52:43.819916,1.0,63.7,69.4,
2025-12-22T16:52:45.334249,8.0,63.7,69.4,
2025-12-22T16:52:46.850984,7.2,59.8,69.4,
2025-12-22T16:52:48.368640,0.0,59.7,69.4,
2025-12-22T16:52:49.876889,0.2,59.7,69.4,
2025-12-22T16:52:51.396705,0.6,59.7,69.4,
2025-12-22T16:52:52.909187,0.2,59.7,69.4,
2025-12-22T16:52:54.421054,0.2,59.7,69.4,
2025-12-22T16:52:55.933265,0.0,59.7,69.4,
2025-12-22T16:52:57.440834,0.8,59.7,69.4,
2025-12-22T16:52:58.962706,0.2,59.7,69.4,
2025-12-22T16:53:00.479854,0.4,59.7,69.4,
2025-12-22T16:53:01.993854,0.2,59.7,69.4,
2025-12-22T16:53:03.509677,0.4,59.7,69.4,
2025-12-22T16:53:05.028149,7.3,59.9,69.4,
2025-12-22T16:53:06.534018,0.4,59.9,69.4,
2025-12-22T16:53:08.043544,0.6,59.9,69.4,
2025-12-22T16:53:09.559964,0.4,59.9,69.4,
2025-12-22T16:53:19.319872,11.4,64.2,69.4,
2025-12-22T16:53:20.827340,0.2,64.3,69.4,
2025-12-22T16:53:22.338613,0.4,64.3,69.4,
2025-12-22T16:53:23.850359,0.4,64.3,69.4,
2025-12-22T16:53:25.368407,1.0,64.3,69.4,
2025-12-22T16:53:26.876527,0.4,64.2,69.4,
2025-12-22T16:53:28.384866,7.0,64.3,69.4,
2025-12-22T16:53:29.901302,1.2,64.0,69.4,
2025-12-22T16:53:31.408751,0.8,64.2,69.4,
2025-12-22T16:53:32.926871,0.4,64.2,69.4,
2025-12-22T16:53:34.444819,1.7,64.0,69.4,
2025-12-22T16:53:35.963956,0.2,64.0,69.4,
2025-12-22T16:53:37.478744,0.8,63.7,69.4,
2025-12-22T16:53:38.993306,0.6,63.7,69.4,
2025-12-22T16:53:40.511218,1.2,63.7,69.4,
2025-12-22T16:53:42.029019,6.8,63.4,69.4,
2025-12-22T16:53:43.535298,2.0,63.4,69.4,
2025-12-22T16:53:45.045270,0.6,63.4,69.4,
2025-12-22T16:53:46.558914,0.0,63.4,69.4,
2025-12-22T16:53:48.074483,0.0,63.4,69.4,
2025-12-22T16:53:49.582818,0.0,63.4,69.4,
2025-12-22T16:53:51.090221,0.6,63.4,69.4,
2025-12-22T16:53:52.596168,0.2,63.5,69.4,
2025-12-22T16:53:54.192855,0.4,63.4,69.4,
2025-12-22T16:53:55.708409,1.2,63.5,69.4,
2025-12-22T16:53:57.224977,0.6,63.4,69.4,
2025-12-22T16:53:58.738043,0.8,63.4,69.4,
2025-12-22T16:54:00.256411,1.0,63.4,69.4,
2025-12-22T16:54:01.773570,1.6,63.5,69.4,
2025-12-22T16:54:03.289015,0.4,63.4,69.4,
2025-12-22T16:54:04.808400,1.6,63.4,69.4,
2025-12-22T16:54:06.328091,0.8,63.4,69.4,
2025-12-22T16:54:07.834190,0.2,63.4,69.4,
2025-12-22T16:54:09.347498,4.1,63.4,69.4,
2025-12-22T16:54:10.859170,7.8,63.4,69.4,
2025-12-22T16:54:12.374946,0.2,63.3,69.4,
2025-12-22T16:54:13.883007,0.6,59.2,69.4,
2025-12-22T16:54:15.398739,0.6,59.2,69.4,
2025-12-22T16:54:16.916753,1.6,59.3,69.4,
2025-12-22T16:54:18.425222,0.6,59.2,69.4,
2025-12-22T16:54:19.935797,0.8,59.3,69.4,
2025-12-22T16:54:21.456370,2.8,59.2,69.4,
2025-12-22T16:54:22.963390,0.4,59.2,69.4,
2025-12-22T16:54:24.480470,0.2,59.2,69.4,
2025-12-22T16:54:26.000689,0.0,59.2,69.4,
2025-12-22T16:54:27.520800,0.4,59.2,69.4,
2025-12-22T16:54:29.032554,0.2,59.2,69.4,
2025-12-22T16:54:30.542507,0.4,59.2,69.4,
2025-12-22T16:54:32.050376,0.6,59.2,69.4,
2025-12-22T16:54:33.570144,0.4,59.2,69.4,
2025-12-22T16:54:35.083469,0.2,59.2,69.4,
2025-12-22T16:54:36.594560,1.2,59.3,69.4,
2025-12-22T16:54:38.113512,0.8,59.2,69.4,
2025-12-22T16:54:39.634174,0.0,59.2,69.4,
2025-12-22T16:54:41.151108,0.4,59.2,69.4,
2025-12-22T16:54:42.657436,0.2,59.2,69.4,
2025-12-22T16:54:44.174458,0.2,59.2,69.4,
2025-12-22T16:54:45.692111,3.6,59.2,69.4,
2025-12-22T16:54:47.207693,2.5,59.2,69.4,
2025-12-22T16:54:48.722600,0.6,59.2,69.4,
2025-12-22T16:54:50.242983,3.4,59.2,69.4,
2025-12-22T16:54:51.759723,8.3,59.5,69.4,
2025-12-22T16:54:53.271432,0.6,59.5,69.4,
2025-12-22T16:54:54.791360,0.4,59.4,69.4,
2025-12-22T16:54:56.302749,0.0,59.4,69.4,
2025-12-22T16:54:57.815747,1.8,59.4,69.4,
2025-12-22T16:54:59.323743,0.2,59.5,69.4,
2025-12-22T16:55:00.839118,0.0,59.5,69.4,
2025-12-22T16:55:02.360084,2.0,59.5,69.4,
2025-12-22T16:55:03.868938,0.2,59.5,69.4,
2025-12-22T16:55:05.383704,0.2,59.4,69.4,
2025-12-22T16:55:06.894467,2.6,59.5,69.4,
2025-12-22T16:55:08.403404,0.4,59.5,69.4,
2025-12-22T16:55:09.911650,0.2,59.5,69.4,
2025-12-22T16:55:11.429771,0.0,59.5,69.4,
2025-12-22T16:55:12.939599,0.8,59.5,69.4,
2025-12-22T16:55:14.454921,1.2,59.5,69.4,
2025-12-22T16:55:15.974771,3.7,59.5,69.4,
2025-12-22T16:55:17.480418,1.4,59.4,69.4,
2025-12-22T16:55:18.991802,2.1,59.5,69.4,
2025-12-22T16:55:20.502848,0.0,59.5,69.4,
2025-12-22T16:55:22.009426,0.8,59.5,69.4,
2025-12-22T16:55:23.515995,0.2,59.5,69.4,
2025-12-22T16:55:25.032135,0.2,59.5,69.4,
2025-12-22T16:55:26.550854,1.1,59.5,69.4,
2025-12-22T16:55:28.061981,0.4,59.5,69.4,
2025-12-22T16:55:29.579431,0.4,59.5,69.4,
2025-12-22T16:55:31.099413,3.1,59.5,69.4,
2025-12-22T16:55:32.616428,1.6,59.5,69.4,
2025-12-22T16:55:34.127609,0.8,59.5,69.4,
2025-12-22T16:55:35.645460,0.2,59.5,69.4,
2025-12-22T16:55:37.151710,0.8,59.5,69.4,
2025-12-22T16:55:38.665352,0.4,59.5,69.4,
2025-12-22T16:55:40.183018,0.6,59.5,69.4,
2025-12-22T16:55:41.699930,3.2,59.5,69.4,
2025-12-22T16:55:43.214347,1.9,59.5,69.4,
2025-12-22T16:55:44.728940,1.8,59.5,69.4,
2025-12-22T16:55:46.240137,2.9,59.6,69.4,
2025-12-22T16:55:47.751637,3.1,59.6,69.4,
2025-12-22T16:55:49.258857,0.0,59.6,69.4,
2025-12-22T16:55:50.776313,0.0,59.6,69.4,
2025-12-22T16:55:52.283657,2.3,59.6,69.4,
2025-12-22T16:55:53.795633,1.0,59.5,69.4,
2025-12-22T16:55:55.304447,2.2,59.5,69.4,
2025-12-22T16:55:56.813551,2.7,59.5,69.4,
2025-12-22T16:55:58.329268,0.6,59.5,69.4,
2025-12-22T16:55:59.838539,0.0,59.4,69.4,
2025-12-22T16:56:01.357162,1.8,59.5,69.4,
2025-12-22T16:56:02.868138,2.6,59.5,69.4,
2025-12-22T16:56:04.375482,0.2,59.4,69.4,
2025-12-22T16:56:05.890407,2.7,59.5,69.4,
2025-12-22T16:56:07.403591,1.0,59.6,69.4,
2025-12-22T16:56:08.908865,0.6,59.6,69.4,
2025-12-22T16:56:10.424757,2.7,59.6,69.4,
2025-12-22T16:56:11.933127,3.8,59.6,69.4,
2025-12-22T16:56:13.445826,2.9,59.7,69.4,
2025-12-22T16:56:14.953619,2.4,59.6,69.4,
2025-12-22T16:56:16.472584,1.8,59.6,69.4,
2025-12-22T16:56:17.995460,1.8,59.7,69.4,
2025-12-22T16:56:19.503244,1.0,59.6,69.4,
2025-12-22T16:56:21.018728,0.2,59.6,69.4,
2025-12-22T16:56:22.538587,1.0,59.7,69.4,
2025-12-22T16:56:24.051583,0.4,59.6,69.4,
2025-12-22T16:56:25.569347,0.8,59.7,69.4,
2025-12-22T16:56:27.081763,0.6,59.7,69.4,
2025-12-22T16:56:28.599855,1.6,59.7,69.4,
2025-12-22T16:56:30.110535,0.6,59.7,69.4,
2025-12-22T16:56:31.621178,0.4,59.7,69.4,
2025-12-22T16:56:33.141405,0.2,59.7,69.4,
2025-12-22T16:56:34.662581,1.0,59.7,69.4,
2025-12-22T16:56:36.175215,3.9,60.0,69.4,
2025-12-22T16:56:37.684798,0.6,60.0,69.4,
2025-12-22T16:56:39.202416,0.0,60.0,69.4,
2025-12-22T16:56:40.714120,0.6,60.0,69.4,
2025-12-22T16:56:42.230766,2.8,60.0,69.4,
2025-12-22T16:56:43.744727,3.5,60.0,69.4,
2025-12-22T16:56:45.258525,2.2,60.0,69.4,
2025-12-22T16:56:46.771782,0.2,60.0,69.4,
2025-12-22T16:56:48.291236,0.6,60.0,69.4,
2025-12-22T16:56:49.805984,0.6,59.9,69.4,
2025-12-22T16:56:51.323952,0.2,59.9,69.4,
2025-12-22T16:56:52.834235,1.2,59.9,69.4,
2025-12-22T16:56:54.341947,0.6,59.9,69.4,
2025-12-22T16:56:55.860376,0.6,59.9,69.4,
2025-12-22T16:56:57.380167,0.8,59.9,69.4,
2025-12-22T16:56:58.893828,1.6,59.9,69.4,
2025-12-22T16:57:00.402919,0.4,59.8,69.4,
2025-12-22T16:57:01.913316,0.2,59.9,69.4,
2025-12-22T16:57:03.423030,0.0,59.9,69.4,
2025-12-22T16:57:04.938278,0.8,59.9,69.4,
2025-12-22T16:57:06.450369,0.8,59.6,69.4,
2025-12-22T16:57:07.958357,0.8,59.6,69.4,
2025-12-22T16:57:09.478465,1.4,59.5,69.4,
2025-12-22T16:57:10.988720,4.5,59.1,69.4,
2025-12-22T16:57:12.496466,0.0,59.1,69.4,
2025-12-22T16:57:14.005020,2.3,59.1,69.4,
2025-12-22T16:57:15.523520,0.0,59.1,69.4,
2025-12-22T16:57:17.031776,0.8,59.0,69.4,
2025-12-22T16:57:18.542217,0.0,59.0,69.4,
2025-12-22T16:57:20.056183,1.0,59.0,69.4,
2025-12-22T16:57:21.573348,0.4,59.1,69.4,
2025-12-22T16:57:23.092707,1.0,59.1,69.4,
2025-12-22T16:57:24.599324,1.8,59.0,69.4,
2025-12-22T16:57:26.106773,4.4,59.1,69.4,
2025-12-22T16:57:27.620346,2.4,59.1,69.4,
2025-12-22T16:57:29.137071,2.7,59.1,69.4,
2025-12-22T16:57:30.646251,2.3,59.2,69.4,
2025-12-22T16:57:32.163474,1.3,59.2,69.4,
2025-12-22T16:57:33.676318,1.0,59.2,69.4,
2025-12-22T16:57:35.181777,2.5,59.2,69.4,
2025-12-22T16:57:36.699219,2.2,59.3,69.4,
2025-12-22T16:57:38.210015,2.5,59.3,69.4,
2025-12-22T16:57:39.729050,1.2,59.3,69.4,
2025-12-22T16:57:41.244692,1.1,59.4,69.4,
2025-12-22T16:57:42.760046,0.8,59.3,69.4,
2025-12-22T16:57:44.273565,0.2,59.4,69.4,
2025-12-22T16:57:45.790965,0.4,59.3,69.4,
2025-12-22T16:57:47.306493,0.8,59.3,69.4,
2025-12-22T16:57:48.824859,0.4,59.4,69.4,
2025-12-22T16:57:50.339057,1.8,59.3,69.4,
2025-12-22T16:57:51.844899,0.2,59.4,69.4,
2025-12-22T16:57:53.352170,0.6,59.3,69.4,
2025-12-22T16:57:54.869713,1.2,59.3,69.4,
2025-12-22T16:57:56.389171,0.4,59.4,69.4,
2025-12-22T16:57:57.894930,0.8,59.4,69.4,
2025-12-22T16:57:59.408875,0.2,59.4,69.4,
2025-12-22T16:58:00.920223,0.4,59.4,69.4,
2025-12-22T16:58:02.439795,0.4,59.3,69.4,
2025-12-22T16:58:03.947283,0.2,59.4,69.4,
2025-12-22T16:58:05.464560,1.6,59.3,69.4,
2025-12-22T16:58:06.980020,0.6,59.3,69.4,
2025-12-22T16:58:08.495431,0.4,59.4,69.4,
2025-12-22T16:58:10.006683,4.3,59.4,69.4,
2025-12-22T16:58:11.513589,1.9,59.4,69.4,
2025-12-22T16:58:13.027820,1.0,59.4,69.4,
2025-12-22T16:58:14.538573,1.8,59.4,69.4,
2025-12-22T16:58:16.048333,1.0,59.5,69.4,
2025-12-22T16:58:17.568217,0.2,59.4,69.4,
2025-12-22T16:58:19.074158,0.2,59.4,69.4,
2025-12-22T16:58:20.600562,1.0,59.5,69.4,
2025-12-22T16:58:22.114903,0.4,59.4,69.4,
2025-12-22T16:58:23.621398,0.0,59.3,69.4,
2025-12-22T16:58:25.128862,0.0,59.3,69.4,
2025-12-22T16:58:26.639843,0.8,59.4,69.4,
2025-12-22T16:58:28.164688,10.2,59.7,69.4,
2025-12-22T16:58:29.682815,0.6,59.4,69.4,
2025-12-22T16:58:31.189499,5.6,59.5,69.4,
2025-12-22T16:58:32.710674,6.4,59.5,69.4,
2025-12-22T16:58:34.228569,1.0,59.5,69.4,
2025-12-22T16:58:35.739728,1.9,59.4,69.4,
2025-12-22T16:58:37.250724,1.8,59.4,69.4,
2025-12-22T16:58:38.760487,2.4,59.5,69.4,
2025-12-22T16:58:40.280410,2.1,59.5,69.4,
2025-12-22T16:58:41.791174,0.6,59.5,69.4,
2025-12-22T16:58:43.309204,0.6,59.5,69.4,
2025-12-22T16:58:44.829782,0.2,59.5,69.4,
2025-12-22T16:58:46.344166,1.8,59.5,69.4,
2025-12-22T16:58:47.851462,0.4,59.4,69.4,
2025-12-22T16:58:49.374087,0.0,59.5,69.4,
2025-12-22T16:58:50.893325,0.4,59.5,69.4,
2025-12-22T16:58:52.409545,0.0,59.6,69.4,
2025-12-22T16:58:53.929849,0.2,59.6,69.4,
2025-12-22T16:58:55.447311,0.0,59.6,69.4,
2025-12-22T16:58:56.955728,0.0,59.6,69.4,
2025-12-22T16:58:58.466076,1.2,59.4,69.4,
2025-12-22T16:58:59.988848,5.4,59.5,69.4,
2025-12-22T16:59:01.503711,4.1,59.5,69.4,
2025-12-22T16:59:03.024153,0.2,59.5,69.4,
2025-12-22T16:59:04.540029,1.0,59.5,69.4,
2025-12-22T16:59:06.059149,0.6,59.5,69.4,
2025-12-22T16:59:07.574811,0.8,59.6,69.4,
2025-12-22T16:59:09.081530,0.4,59.6,69.4,
2025-12-22T16:59:10.591078,0.6,59.5,69.4,
2025-12-22T16:59:12.107009,2.8,59.6,69.4,
2025-12-22T16:59:13.624129,2.5,59.6,69.4,
2025-12-22T16:59:15.131460,1.9,59.5,69.4,
2025-12-22T16:59:16.643861,2.3,59.6,69.4,
2025-12-22T16:59:18.153711,1.5,59.6,69.4,
2025-12-22T16:59:19.658833,0.4,59.6,69.4,
2025-12-22T16:59:21.178943,0.4,59.7,69.4,
2025-12-22T16:59:22.686089,1.0,59.6,69.4,
2025-12-22T16:59:24.194019,0.2,59.7,69.4,
2025-12-22T16:59:25.702659,6.7,59.7,69.4,
2025-12-22T16:59:27.209259,1.0,59.7,69.4,
2025-12-22T16:59:28.718882,0.4,59.6,69.4,
2025-12-22T16:59:30.226308,0.6,59.6,69.4,
2025-12-22T16:59:31.741592,6.9,59.6,69.4,
2025-12-22T16:59:33.260839,0.2,59.6,69.4,
2025-12-22T16:59:34.773998,1.0,59.6,69.4,
2025-12-22T16:59:36.293616,0.4,59.6,69.4,
2025-12-22T16:59:37.806651,0.2,59.6,69.4,
2025-12-22T16:59:39.317849,0.8,59.6,69.4,
2025-12-22T16:59:40.832614,0.0,59.6,69.4,
2025-12-22T16:59:42.342750,1.4,59.6,69.4,
2025-12-22T16:59:43.852366,0.6,59.5,69.4,
2025-12-22T16:59:45.361845,0.0,59.6,69.4,
2025-12-22T16:59:46.881516,0.4,59.6,69.4,
2025-12-22T16:59:48.400251,0.0,59.5,69.4,
2025-12-22T16:59:49.918759,0.0,59.5,69.4,
2025-12-22T16:59:51.428191,0.4,59.6,69.4,
2025-12-22T16:59:52.939175,0.0,59.6,69.4,
2025-12-22T16:59:54.454434,0.0,59.6,69.4,
2025-12-22T16:59:55.961737,0.8,59.6,69.4,
2025-12-22T16:59:57.469311,1.6,59.6,69.4,
2025-12-22T16:59:58.988430,0.4,59.6,69.4,
2025-12-22T17:00:00.507754,0.4,59.6,69.4,
2025-12-22T17:00:02.023789,0.0,59.6,69.4,
2025-12-22T17:00:03.540714,0.2,59.6,69.4,
2025-12-22T17:00:05.056619,0.2,59.6,69.4,
2025-12-22T17:00:06.562940,0.4,59.6,69.4,
2025-12-22T17:00:08.081278,0.8,60.0,69.4,
2025-12-22T17:00:09.598377,0.0,60.0,69.4,
2025-12-22T17:00:11.107025,0.4,60.1,69.4,
2025-12-22T17:00:12.618924,9.2,60.2,69.4,
2025-12-22T17:00:14.132722,6.2,60.2,69.4,
2025-12-22T17:00:15.638442,4.3,60.2,69.4,
2025-12-22T17:00:17.150239,3.0,60.3,69.4,
2025-12-22T17:00:18.667175,5.5,60.2,69.4,
2025-12-22T17:00:20.182189,4.7,60.3,69.4,
2025-12-22T17:00:21.698922,2.9,60.2,69.4,
2025-12-22T17:00:23.212063,1.8,60.2,69.4,
2025-12-22T17:00:24.732741,0.2,60.2,69.4,
2025-12-22T17:00:26.250982,1.0,60.2,69.4,
2025-12-22T17:00:27.766469,0.6,60.1,69.4,
2025-12-22T17:00:29.281572,5.4,60.1,69.4,
2025-12-22T17:00:30.798155,4.7,60.1,69.4,
2025-12-22T17:00:32.314653,4.7,60.1,69.4,
2025-12-22T17:00:33.831114,4.7,60.1,69.4,
2025-12-22T17:00:35.338625,2.4,60.1,69.4,
2025-12-22T17:00:36.849837,1.0,59.8,69.4,
2025-12-22T17:00:38.368063,0.6,59.9,69.4,
2025-12-22T17:00:39.887815,0.6,59.9,69.4,
2025-12-22T17:00:41.394913,0.4,59.9,69.4,
2025-12-22T17:00:42.911621,0.2,59.9,69.4,
2025-12-22T17:00:44.431201,1.0,59.9,69.4,
2025-12-22T17:00:45.939935,2.5,59.9,69.4,
2025-12-22T17:00:47.456472,1.0,59.9,69.4,
2025-12-22T17:00:48.975876,1.0,59.9,69.4,
2025-12-22T17:00:50.491661,1.4,59.8,69.4,
2025-12-22T17:00:51.999363,0.6,59.7,69.4,
2025-12-22T17:00:53.508396,0.2,59.8,69.4,
2025-12-22T17:00:55.023670,0.4,59.7,69.4,
2025-12-22T17:00:56.532988,0.0,59.8,69.4,
2025-12-22T17:00:58.043402,0.0,59.7,69.4,
2025-12-22T17:00:59.556233,0.0,59.7,69.4,
2025-12-22T17:01:01.074566,0.2,59.7,69.4,
2025-12-22T17:01:02.590314,1.8,59.9,69.4,
2025-12-22T17:01:04.100106,1.0,59.9,69.4,
2025-12-22T17:01:05.612719,7.1,59.9,69.4,
2025-12-22T17:01:07.118493,5.9,60.1,69.4,
2025-12-22T17:01:08.636412,7.4,60.3,69.4,
2025-12-22T17:01:10.154875,6.3,60.5,69.4,
2025-12-22T17:01:11.663192,6.4,60.5,69.4,
2025-12-22T17:01:13.170140,6.4,60.5,69.4,
2025-12-22T17:01:14.677538,8.3,60.5,69.4,
2025-12-22T17:01:16.194247,6.3,60.5,69.4,
2025-12-22T17:01:17.711852,6.5,60.5,69.4,
2025-12-22T17:01:19.233399,6.4,60.5,69.4,
2025-12-22T17:01:20.750814,4.3,60.5,69.4,
2025-12-22T17:01:22.267266,4.6,60.6,69.4,
2025-12-22T17:01:23.785056,0.0,60.6,69.4,
2025-12-22T17:01:25.296109,0.0,60.6,69.4,
2025-12-22T17:01:26.817175,0.4,60.6,69.4,
2025-12-22T17:01:28.332871,0.0,60.6,69.4,
2025-12-22T17:01:29.840448,0.2,60.6,69.4,
2025-12-22T17:01:31.350710,0.0,60.6,69.4,
2025-12-22T17:01:32.871095,0.0,60.6,69.4,
2025-12-22T17:01:34.379729,0.2,60.2,69.4,
2025-12-22T17:01:35.892364,0.4,60.2,69.4,
2025-12-22T17:01:37.412437,0.6,60.2,69.4,
2025-12-22T17:01:38.929225,0.2,60.2,69.4,
2025-12-22T17:01:40.447012,0.4,60.2,69.4,
2025-12-22T17:01:41.954627,0.0,60.2,69.4,
2025-12-22T17:01:43.475822,0.8,60.0,69.4,
2025-12-22T17:01:44.991026,0.8,60.0,69.4,
2025-12-22T17:01:46.497661,0.2,59.9,69.4,
2025-12-22T17:01:48.008940,0.0,59.9,69.4,
2025-12-22T17:01:49.524129,0.4,59.9,69.4,
2025-12-22T17:01:51.043481,0.0,59.9,69.4,
2025-12-22T17:01:52.564399,0.0,60.0,69.4,
2025-12-22T17:01:54.083879,0.4,60.0,69.4,
2025-12-22T17:01:55.591690,0.6,60.0,69.4,
2025-12-22T17:01:57.106148,0.8,60.0,69.4,
2025-12-22T17:01:58.625230,0.4,60.0,69.4,
2025-12-22T17:02:00.139505,0.6,60.0,69.4,
2025-12-22T17:02:01.657750,3.5,60.0,69.4,
2025-12-22T17:02:03.164632,0.2,60.0,69.4,
2025-12-22T17:02:04.671925,0.4,60.1,69.4,
2025-12-22T17:02:06.184287,1.5,60.1,69.4,
2025-12-22T17:02:07.698913,0.8,60.1,69.4,
2025-12-22T17:02:09.219740,0.2,60.0,69.4,
2025-12-22T17:02:10.739545,1.9,60.1,69.4,
2025-12-22T17:02:12.247280,0.8,60.1,69.4,
2025-12-22T17:02:13.768381,6.6,60.1,69.4,
2025-12-22T17:02:15.274253,5.3,60.3,69.4,
2025-12-22T17:02:16.789332,0.8,60.2,69.4,
2025-12-22T17:02:18.300325,0.2,60.2,69.4,
2025-12-22T17:02:19.814099,1.9,60.2,69.4,
2025-12-22T17:02:21.332447,0.4,60.3,69.4,
2025-12-22T17:02:22.842702,0.8,60.2,69.4,
2025-12-22T17:02:24.357887,0.8,60.2,69.4,
2025-12-22T17:02:25.866758,0.2,60.1,69.4,
2025-12-22T17:02:27.386175,0.0,60.2,69.4,
2025-12-22T17:02:28.903133,0.2,60.1,69.4,
2025-12-22T17:02:30.418676,1.8,60.1,69.4,
2025-12-22T17:02:31.933688,0.4,60.1,69.4,
2025-12-22T17:02:33.450239,0.8,60.1,69.4,
2025-12-22T17:02:34.970328,1.7,60.2,69.4,
2025-12-22T17:02:36.480538,1.4,60.2,69.4,
2025-12-22T17:02:37.997599,0.0,60.2,69.4,
2025-12-22T17:02:39.511544,0.6,60.1,69.4,
2025-12-22T17:02:41.032156,0.2,60.1,69.4,
2025-12-22T17:02:42.550686,0.0,60.1,69.4,
2025-12-22T17:02:44.064392,1.0,60.1,69.4,
2025-12-22T17:02:45.571191,2.9,60.0,69.4,
2025-12-22T17:02:47.081355,1.2,60.0,69.4,
2025-12-22T17:02:48.593527,0.8,60.0,69.4,
2025-12-22T17:02:50.114541,0.2,60.0,69.4,
2025-12-22T17:02:51.629663,0.6,60.0,69.4,
2025-12-22T17:02:53.147568,0.4,60.1,69.4,
2025-12-22T17:02:54.652709,0.2,60.1,69.4,
2025-12-22T17:02:56.168679,0.4,60.1,69.4,
2025-12-22T17:02:57.678600,0.8,60.1,69.4,
2025-12-22T17:02:59.193684,1.2,60.8,69.4,
2025-12-22T17:03:00.707740,1.7,60.8,69.4,
2025-12-22T17:03:02.221763,1.6,60.8,69.4,
2025-12-22T17:03:03.729411,0.8,60.8,69.4,
2025-12-22T17:03:05.244095,0.2,60.8,69.4,
2025-12-22T17:03:06.751388,4.1,60.8,69.4,
2025-12-22T17:03:08.259106,0.0,61.0,69.4,
2025-12-22T17:03:09.775067,1.0,60.9,69.4,
2025-12-22T17:03:11.295451,0.2,60.9,69.4,
2025-12-22T17:03:12.806356,0.2,60.9,69.4,
2025-12-22T17:03:14.325476,0.2,60.9,69.4,
2025-12-22T17:03:15.835619,2.5,60.9,69.4,
2025-12-22T17:03:17.349355,0.2,60.9,69.4,
2025-12-22T17:03:18.866693,0.4,60.9,69.4,
2025-12-22T17:03:20.375628,0.0,60.9,69.4,
2025-12-22T17:03:21.894382,0.0,60.8,69.4,
2025-12-22T17:03:23.405484,0.6,60.9,69.4,
2025-12-22T17:03:24.914205,3.6,60.9,69.4,
2025-12-22T17:03:26.432397,0.8,60.9,69.4,
2025-12-22T17:03:27.939652,0.6,60.8,69.4,
2025-12-22T17:03:29.456282,1.0,60.8,69.4,
2025-12-22T17:03:30.962431,2.9,60.8,69.4,
2025-12-22T17:03:32.468158,1.8,60.9,69.4,
2025-12-22T17:03:33.977597,1.2,60.9,69.4,
2025-12-22T17:03:35.498834,0.4,60.9,69.4,
2025-12-22T17:03:37.015848,0.2,60.8,69.4,
2025-12-22T17:03:38.525753,1.4,61.0,69.4,
2025-12-22T17:03:40.034187,1.8,61.1,69.4,
2025-12-22T17:03:41.549502,1.6,61.1,69.4,
2025-12-22T17:03:43.066779,0.6,61.1,69.4,
2025-12-22T17:03:44.587366,0.4,61.1,69.4,
2025-12-22T17:03:46.108283,0.8,61.1,69.4,
2025-12-22T17:03:47.621083,0.0,61.1,69.4,
2025-12-22T17:03:49.137999,0.2,61.1,69.4,
2025-12-22T17:03:50.646038,0.4,61.1,69.4,
2025-12-22T17:03:52.161602,0.6,61.1,69.4,
2025-12-22T17:03:53.671110,2.0,61.1,69.4,
2025-12-22T17:03:55.183579,0.8,61.1,69.4,
2025-12-22T17:03:56.704801,2.7,61.1,69.4,
2025-12-22T17:03:58.222825,1.2,61.1,69.4,
2025-12-22T17:03:59.733975,0.8,61.1,69.4,
2025-12-22T17:04:01.240386,1.2,60.9,69.4,
2025-12-22T17:04:02.747359,0.8,60.9,69.4,
2025-12-22T17:04:04.266859,0.4,61.0,69.4,
2025-12-22T17:04:05.781794,0.0,60.9,69.4,
2025-12-22T17:04:07.300115,1.6,60.9,69.4,
2025-12-22T17:04:08.808659,0.8,60.7,69.4,
2025-12-22T17:04:10.324017,0.0,60.6,69.4,
2025-12-22T17:04:11.831653,1.7,60.6,69.4,
2025-12-22T17:04:13.338273,1.9,60.6,69.4,
2025-12-22T17:04:14.844941,0.2,60.7,69.4,
2025-12-22T17:04:16.364389,1.7,60.7,69.4,
2025-12-22T17:04:17.880918,1.0,60.7,69.4,
2025-12-22T17:04:19.393265,0.4,60.6,69.4,
2025-12-22T17:04:20.903933,0.4,60.7,69.4,
2025-12-22T17:04:22.419266,0.8,60.7,69.4,
2025-12-22T17:04:23.930145,1.4,60.6,69.4,
2025-12-22T17:04:25.445004,4.9,60.6,69.4,
2025-12-22T17:04:26.951334,1.8,60.6,69.4,
2025-12-22T17:04:28.456139,0.2,60.6,69.4,
2025-12-22T17:04:29.968398,2.9,60.6,69.4,
2025-12-22T17:04:31.479825,1.6,60.6,69.4,
2025-12-22T17:04:32.993538,2.4,60.6,69.4,
2025-12-22T17:04:34.505748,0.2,60.6,69.4,
2025-12-22T17:04:36.022441,0.6,60.6,69.4,
2025-12-22T17:04:37.533994,0.6,60.7,69.4,
2025-12-22T17:04:39.039856,0.8,60.7,69.4,
2025-12-22T17:04:40.550127,0.6,60.7,69.4,
2025-12-22T17:04:42.065033,1.0,60.7,69.4,
2025-12-22T17:04:43.577249,0.2,60.7,69.4,
2025-12-22T17:04:45.093615,0.0,60.7,69.4,
2025-12-22T17:04:46.608179,0.0,60.7,69.4,
2025-12-22T17:04:48.126085,0.0,60.7,69.4,
2025-12-22T17:04:49.637501,0.0,60.6,69.4,
2025-12-22T17:04:51.143695,0.2,60.7,69.4,
2025-12-22T17:04:52.658720,1.4,60.7,69.4,
2025-12-22T17:04:54.170835,0.0,60.7,69.4,
2025-12-22T17:04:55.684718,0.4,60.7,69.4,
2025-12-22T17:04:57.191753,0.6,60.7,69.4,
2025-12-22T17:04:58.701587,0.4,60.7,69.4,
2025-12-22T17:05:00.210138,0.2,60.7,69.4,
2025-12-22T17:05:01.716401,0.2,60.8,69.4,
2025-12-22T17:05:03.232071,0.0,60.7,69.4,
2025-12-22T17:05:04.742053,0.6,60.7,69.4,
2025-12-22T17:05:06.248980,0.4,60.7,69.4,
2025-12-22T17:05:07.754255,2.1,60.7,69.4,
2025-12-22T17:05:09.274241,2.2,60.5,69.4,
2025-12-22T17:05:10.793477,0.6,60.3,69.4,
2025-12-22T17:05:12.312653,0.2,60.3,69.4,
2025-12-22T17:05:13.821747,0.2,60.2,69.4,
2025-12-22T17:05:15.333326,0.2,60.3,69.4,
2025-12-22T17:05:16.839269,0.0,60.3,69.4,
2025-12-22T17:05:18.344610,0.8,60.3,69.4,
2025-12-22T17:05:19.850506,0.8,60.3,69.4,
2025-12-22T17:05:21.371638,1.0,60.3,69.4,
2025-12-22T17:05:22.877118,2.4,60.3,69.4,
2025-12-22T17:05:24.388530,0.0,60.3,69.4,
2025-12-22T17:05:25.904182,3.2,60.3,69.4,
2025-12-22T17:05:27.419906,0.4,60.2,69.4,
2025-12-22T17:05:28.924942,0.4,60.2,69.4,
2025-12-22T17:05:30.436920,0.8,60.3,69.4,
2025-12-22T17:05:31.949101,0.2,60.2,69.4,
2025-12-22T17:05:33.456297,1.4,60.2,69.4,
2025-12-22T17:05:34.966280,0.6,60.2,69.4,
2025-12-22T17:05:36.473052,0.8,60.2,69.4,
2025-12-22T17:05:37.993098,1.2,60.3,69.4,
2025-12-22T17:05:39.502545,0.6,60.2,69.4,
2025-12-22T17:05:41.024032,0.2,60.2,69.4,
2025-12-22T17:05:42.541339,0.0,60.2,69.4,
2025-12-22T17:05:44.052447,0.0,60.2,69.4,
2025-12-22T17:05:45.558598,0.2,60.2,69.4,
2025-12-22T17:05:47.073928,0.6,60.2,69.4,
2025-12-22T17:05:48.580492,1.8,60.2,69.4,
2025-12-22T17:05:50.092978,0.6,60.2,69.4,
2025-12-22T17:05:51.605026,0.4,60.3,69.4,
2025-12-22T17:05:53.114169,1.0,60.2,69.4,
2025-12-22T17:05:54.627656,0.6,60.2,69.4,
2025-12-22T17:05:56.141298,2.2,60.2,69.4,
2025-12-22T17:05:57.663672,1.6,60.2,69.4,
2025-12-22T17:05:59.170486,1.4,60.2,69.4,
2025-12-22T17:06:00.688121,0.2,60.3,69.4,
2025-12-22T17:06:02.208908,0.6,60.3,69.4,
2025-12-22T17:06:03.724178,1.0,60.3,69.4,
2025-12-22T17:06:05.235316,6.8,60.3,69.4,
2025-12-22T17:06:06.752160,0.8,60.3,69.4,
2025-12-22T17:06:08.273926,0.6,60.3,69.4,
2025-12-22T17:06:09.786025,0.0,60.3,69.4,
2025-12-22T17:06:11.299992,0.2,60.3,69.4,
2025-12-22T17:06:12.813198,1.0,60.4,69.4,
2025-12-22T17:06:14.331446,2.2,60.3,69.4,
2025-12-22T17:06:15.843711,0.2,60.3,69.4,
2025-12-22T17:06:17.358351,0.4,60.3,69.4,
2025-12-22T17:06:18.867744,5.0,60.3,69.4,
2025-12-22T17:06:20.384049,1.4,60.2,69.4,
2025-12-22T17:06:21.899470,1.0,60.3,69.4,
2025-12-22T17:06:23.415976,0.4,60.3,69.4,
2025-12-22T17:06:24.925153,0.4,60.3,69.4,
2025-12-22T17:06:26.438648,0.0,60.3,69.4,
2025-12-22T17:06:27.955012,0.6,60.3,69.4,
2025-12-22T17:06:29.464351,0.2,60.3,69.4,
2025-12-22T17:06:30.980060,2.5,60.3,69.4,
2025-12-22T17:06:32.499271,1.4,60.3,69.4,
2025-12-22T17:06:34.013789,1.4,60.3,69.4,
2025-12-22T17:06:35.526745,1.0,60.3,69.4,
2025-12-22T17:06:37.038207,0.4,60.4,69.4,
2025-12-22T17:06:38.555578,2.4,60.3,69.4,
2025-12-22T17:06:40.069312,1.4,60.3,69.4,
2025-12-22T17:06:41.577196,2.0,60.3,69.4,
2025-12-22T17:06:43.083791,0.6,60.3,69.4,
2025-12-22T17:06:44.590138,2.7,60.3,69.4,
2025-12-22T17:06:46.097993,1.8,60.3,69.4,
2025-12-22T17:06:47.609113,1.0,60.3,69.4,
2025-12-22T17:06:49.116399,0.6,60.3,69.4,
2025-12-22T17:06:50.627728,0.2,60.3,69.4,
2025-12-22T17:06:52.136757,0.4,60.3,69.4,
2025-12-22T17:06:53.653803,0.4,60.3,69.4,
2025-12-22T17:06:55.172674,0.4,60.4,69.4,
2025-12-22T17:06:56.679451,1.8,60.3,69.4,
2025-12-22T17:06:58.187352,0.4,60.3,69.4,
2025-12-22T17:06:59.699011,1.6,60.4,69.4,
2025-12-22T17:07:01.212136,0.6,60.5,69.4,
2025-12-22T17:07:02.723553,0.0,60.4,69.4,
2025-12-22T17:07:04.240037,0.2,60.4,69.4,
2025-12-22T17:07:05.758821,0.6,60.4,69.4,
2025-12-22T17:07:07.273656,0.2,60.4,69.4,
2025-12-22T17:07:08.794379,0.2,60.4,69.4,
2025-12-22T17:07:10.309650,3.2,60.6,69.4,
2025-12-22T17:07:11.824662,0.2,60.6,69.4,
2025-12-22T17:07:13.345020,0.0,60.6,69.4,
2025-12-22T17:07:14.859937,2.2,60.7,69.4,
2025-12-22T17:07:16.369415,0.0,60.7,69.4,
2025-12-22T17:07:17.887187,0.2,60.7,69.4,
2025-12-22T17:07:19.400058,0.0,60.6,69.4,
2025-12-22T17:07:20.906975,1.8,60.6,69.4,
2025-12-22T17:07:22.427201,6.7,60.7,69.4,
2025-12-22T17:07:23.939070,0.4,60.7,69.4,
2025-12-22T17:07:25.450240,1.4,60.7,69.4,
2025-12-22T17:07:26.965439,1.2,60.7,69.4,
2025-12-22T17:07:28.475444,1.0,60.7,69.4,
2025-12-22T17:07:29.994585,2.8,60.6,69.4,
2025-12-22T17:07:31.515318,0.2,60.6,69.4,
2025-12-22T17:07:33.028859,0.4,60.5,69.4,
2025-12-22T17:07:34.551005,0.2,60.5,69.4,
2025-12-22T17:07:36.066275,0.2,60.5,69.4,
2025-12-22T17:07:37.581906,0.0,60.6,69.4,
2025-12-22T17:07:39.094142,0.0,60.5,69.4,
2025-12-22T17:07:40.604317,0.4,60.3,69.4,
2025-12-22T17:07:42.114187,0.4,60.2,69.4,
2025-12-22T17:07:43.633053,0.4,60.3,69.4,
2025-12-22T17:07:45.139275,0.8,60.4,69.4,
2025-12-22T17:07:46.659928,0.4,60.3,69.4,
2025-12-22T17:07:48.178802,0.2,60.4,69.4,
2025-12-22T17:07:49.692521,0.6,60.3,69.4,
2025-12-22T17:07:51.208520,0.6,60.4,69.4,
2025-12-22T17:07:52.725279,0.6,60.4,69.4,
2025-12-22T17:07:54.235765,2.6,60.3,69.4,
2025-12-22T17:07:55.750702,7.8,60.7,69.4,
2025-12-22T17:07:57.266558,0.2,60.5,69.3,
2025-12-22T17:07:58.773260,1.0,60.4,69.3,
2025-12-22T17:08:00.284683,0.6,60.5,69.3,
2025-12-22T17:08:01.797781,0.4,60.5,69.3,
2025-12-22T17:08:03.317038,0.2,60.4,69.3,
2025-12-22T17:08:04.827486,0.4,60.4,69.3,
2025-12-22T17:08:06.350104,0.8,60.4,69.3,
2025-12-22T17:08:07.861025,0.6,60.4,69.3,
2025-12-22T17:08:09.380737,0.0,60.4,69.3,
2025-12-22T17:08:10.897105,1.6,60.4,69.3,
2025-12-22T17:08:12.403206,0.4,60.3,69.3,
2025-12-22T17:08:13.913177,0.6,60.3,69.3,
2025-12-22T17:08:15.428114,0.6,60.3,69.3,
2025-12-22T17:08:16.950731,0.6,60.2,69.3,
2025-12-22T17:08:18.464703,0.6,60.3,69.3,
2025-12-22T17:08:19.979283,0.0,60.3,69.3,
2025-12-22T17:08:21.500028,0.2,60.3,69.3,
2025-12-22T17:08:23.011903,0.4,60.3,69.3,
2025-12-22T17:08:24.520761,0.0,60.3,69.3,
2025-12-22T17:08:26.028089,1.4,60.3,69.3,
2025-12-22T17:08:27.548255,0.4,60.3,69.3,
2025-12-22T17:08:29.063934,0.4,60.1,69.3,
2025-12-22T17:08:30.579322,0.4,60.1,69.3,
2025-12-22T17:08:32.096701,0.2,60.1,69.3,
2025-12-22T17:08:33.605963,0.2,60.1,69.3,
2025-12-22T17:08:35.120341,0.6,60.1,69.3,
2025-12-22T17:08:36.631041,0.6,60.1,69.3,
2025-12-22T17:08:38.147510,0.4,60.2,69.3,
2025-12-22T17:08:39.663098,0.0,60.1,69.3,
2025-12-22T17:08:41.180992,1.6,60.1,69.3,
2025-12-22T17:08:42.699115,0.2,60.1,69.3,
2025-12-22T17:08:44.219934,0.2,60.1,69.3,
2025-12-22T17:08:45.741396,0.2,60.1,69.3,
2025-12-22T17:08:47.248920,0.6,60.1,69.3,
2025-12-22T17:08:48.763218,0.0,60.1,69.3,
2025-12-22T17:08:50.278510,0.4,60.1,69.3,
2025-12-22T17:08:51.795500,1.2,60.2,69.3,
2025-12-22T17:08:53.302775,0.8,60.2,69.3,
2025-12-22T17:08:54.813062,0.6,60.2,69.3,
2025-12-22T17:08:56.324434,2.2,60.2,69.3,
2025-12-22T17:08:57.830608,4.5,60.2,69.3,
2025-12-22T17:08:59.344728,1.0,60.2,69.3,
2025-12-22T17:09:00.862881,0.0,60.2,69.3,
2025-12-22T17:09:02.379193,0.6,60.2,69.3,
2025-12-22T17:09:03.894129,0.2,60.2,69.3,
2025-12-22T17:09:05.410824,0.6,60.2,69.3,
2025-12-22T17:09:06.926207,1.4,60.2,69.3,
2025-12-22T17:09:08.441359,0.0,60.2,69.3,
2025-12-22T17:09:09.959291,0.4,60.2,69.3,
2025-12-22T17:09:11.485731,1.4,60.1,69.3,
2025-12-22T17:09:13.001246,0.4,60.2,69.3,
2025-12-22T17:09:14.516437,0.6,60.1,69.3,
2025-12-22T17:09:16.023455,1.0,60.1,69.3,
2025-12-22T17:09:17.535214,0.8,60.1,69.3,
2025-12-22T17:09:19.045862,1.2,60.1,69.3,
2025-12-22T17:09:20.561056,0.6,60.1,69.3,
2025-12-22T17:09:22.075433,2.1,60.2,69.3,
2025-12-22T17:09:23.597007,0.8,60.1,69.3,
2025-12-22T17:09:25.112523,0.6,60.1,69.3,
2025-12-22T17:09:26.630030,0.4,60.1,69.3,
2025-12-22T17:09:28.148203,0.4,60.1,69.3,
2025-12-22T17:09:29.658234,0.0,60.1,69.3,
2025-12-22T17:09:31.174861,0.6,60.1,69.3,
2025-12-22T17:09:32.690978,1.0,60.1,69.3,
2025-12-22T17:09:34.211244,2.0,60.1,69.3,
2025-12-22T17:09:35.720896,2.7,60.1,69.3,
2025-12-22T17:09:37.234104,1.8,60.2,69.3,
2025-12-22T17:09:38.753298,1.0,60.2,69.3,
2025-12-22T17:09:40.259895,1.7,60.2,69.3,
2025-12-22T17:09:41.774562,0.8,60.2,69.3,
2025-12-22T17:09:43.284159,1.2,60.2,69.3,
2025-12-22T17:09:44.803464,1.4,60.2,69.3,
2025-12-22T17:09:46.321360,0.4,60.2,69.3,
2025-12-22T17:09:47.833187,1.2,60.2,69.3,
2025-12-22T17:09:49.356796,0.2,60.2,69.3,
2025-12-22T17:09:50.869251,0.6,60.2,69.3,
2025-12-22T17:09:52.375906,3.5,60.2,69.3,
2025-12-22T17:09:53.885882,1.8,60.2,69.3,
2025-12-22T17:09:55.395491,0.8,60.1,69.3,
2025-12-22T17:09:56.907256,1.4,60.1,69.3,
2025-12-22T17:09:58.419575,0.2,60.1,69.3,
2025-12-22T17:09:59.925277,1.0,60.1,69.3,
2025-12-22T17:10:01.437610,1.4,60.1,69.3,
2025-12-22T17:10:02.948755,0.6,60.2,69.3,
2025-12-22T17:10:04.461595,0.8,60.2,69.3,
2025-12-22T17:10:05.971880,1.8,60.1,69.3,
2025-12-22T17:10:07.481017,1.4,60.2,69.3,
2025-12-22T17:10:08.987076,1.8,60.1,69.3,
2025-12-22T17:10:10.493447,1.2,60.1,69.3,
2025-12-22T17:10:12.011798,0.2,60.0,69.3,
2025-12-22T17:10:13.521212,0.8,60.1,69.3,
2025-12-22T17:10:15.035708,1.6,60.1,69.3,
2025-12-22T17:10:16.551366,2.3,60.1,69.3,
2025-12-22T17:10:18.058378,2.7,60.2,69.3,
2025-12-22T17:10:19.566448,0.8,60.2,69.3,
2025-12-22T17:10:21.073879,1.0,60.1,69.3,
2025-12-22T17:10:22.588271,0.4,60.1,69.3,
2025-12-22T17:10:24.101828,0.2,60.1,69.3,
2025-12-22T17:10:25.607278,2.1,60.2,69.3,
2025-12-22T17:10:27.121835,1.4,60.2,69.3,
2025-12-22T17:10:28.632082,5.6,60.1,69.3,
2025-12-22T17:10:30.141164,1.0,60.2,69.3,
2025-12-22T17:10:31.662274,1.6,60.1,69.3,
2025-12-22T17:10:33.168234,1.6,60.1,69.3,
2025-12-22T17:10:34.688582,2.7,60.1,69.3,
2025-12-22T17:10:36.204349,0.4,60.2,69.3,
2025-12-22T17:10:37.710681,1.8,60.2,69.3,
2025-12-22T17:10:39.234630,2.6,60.2,69.3,
2025-12-22T17:10:40.748016,3.0,60.4,69.3,
2025-12-22T17:10:42.256456,2.3,60.5,69.3,
2025-12-22T17:10:43.771900,0.8,60.6,69.3,
2025-12-22T17:10:45.289902,0.2,60.6,69.3,
2025-12-22T17:10:46.806272,0.0,60.6,69.3,
2025-12-22T17:10:48.319147,2.0,60.6,69.3,
2025-12-22T17:10:49.842094,0.0,60.6,69.3,
2025-12-22T17:10:51.364870,0.8,60.6,69.3,
2025-12-22T17:10:52.883748,0.2,60.7,69.3,
2025-12-22T17:10:54.400087,0.0,60.6,69.3,
2025-12-22T17:10:55.914518,0.0,60.5,69.3,
2025-12-22T17:10:57.430680,0.0,60.5,69.3,
2025-12-22T17:10:58.948537,0.0,60.5,69.3,
2025-12-22T17:11:00.457703,0.2,60.6,69.3,
2025-12-22T17:11:01.977987,7.9,60.3,69.3,
2025-12-22T17:11:03.496647,2.6,60.3,69.3,
2025-12-22T17:11:05.015457,0.0,60.3,69.3,
2025-12-22T17:11:06.532975,0.2,60.3,69.3,
2025-12-22T17:11:08.047820,3.1,60.4,69.3,
2025-12-22T17:11:09.564747,0.2,60.4,69.3,
2025-12-22T17:11:11.098150,1.0,60.0,69.3,
2025-12-22T17:11:12.613070,1.4,60.1,69.3,
2025-12-22T17:11:14.122732,1.8,60.1,69.3,
2025-12-22T17:11:15.629822,0.8,60.1,69.3,
2025-12-22T17:11:17.141471,0.4,60.1,69.3,
2025-12-22T17:11:18.662881,2.3,60.1,69.3,
2025-12-22T17:11:20.172514,0.2,60.1,69.3,
2025-12-22T17:11:21.690011,0.2,60.1,69.3,
2025-12-22T17:11:23.205128,0.2,60.1,69.3,
2025-12-22T17:11:24.727288,0.2,60.1,69.3,
2025-12-22T17:11:26.245272,1.0,60.1,69.3,
2025-12-22T17:11:27.764788,0.2,60.1,69.3,
2025-12-22T17:11:38.999115,14.6,60.2,69.3,
2025-12-22T17:11:40.516455,1.4,60.3,69.3,
2025-12-22T17:17:03.565154,13.4,65.5,69.4,
2025-12-22T17:17:05.080480,1.2,65.5,69.4,
2025-12-22T17:17:36.547605,15.5,64.4,69.3,
2025-12-22T17:17:38.054848,6.4,64.8,69.3,
2025-12-22T17:17:43.957935,12.6,65.0,69.3,
2025-12-22T17:17:45.470375,1.2,64.8,69.3,
2025-12-22T17:17:51.418485,10.8,64.9,69.3,
2025-12-22T17:17:52.928470,0.8,64.9,69.3,
2025-12-22T17:17:58.873857,16.4,66.5,69.3,
2025-12-22T17:18:00.385393,4.4,67.9,69.3,
2025-12-22T17:18:06.279243,12.6,67.8,69.3,
2025-12-22T17:18:07.786994,1.2,67.8,69.3,
2025-12-22T17:18:13.738667,11.9,67.2,69.3,
2025-12-22T17:18:15.249584,0.4,67.1,69.3,
2025-12-22T17:18:21.171252,10.1,67.3,69.3,
2025-12-22T17:18:22.680863,0.4,67.1,69.3,
2025-12-22T17:18:30.501844,19.7,61.9,69.3,
2025-12-22T17:18:32.019734,2.0,61.6,69.3,
2025-12-22T17:18:37.918902,12.7,61.7,69.3,
2025-12-22T17:18:39.440170,0.8,61.7,69.3,
2025-12-22T17:18:45.302741,12.7,61.8,69.3,
2025-12-22T17:18:46.814955,0.4,61.8,69.3,
2025-12-22T17:18:52.699296,13.8,61.9,69.3,
2025-12-22T17:18:54.210766,1.0,61.7,69.3,
2025-12-22T17:19:00.073272,15.4,61.7,69.3,
2025-12-22T17:19:01.580788,0.6,61.8,69.3,
2025-12-22T17:19:07.508562,15.6,61.8,69.3,
2025-12-22T17:19:09.021703,1.6,61.3,69.3,
2025-12-22T17:19:14.923871,17.0,61.2,69.3,
2025-12-22T17:19:16.440874,0.0,61.2,69.3,
2025-12-22T17:19:22.340205,12.2,61.2,69.3,
2025-12-22T17:19:23.849757,0.8,61.2,69.3,
2025-12-22T17:19:29.728211,14.5,61.1,69.3,
2025-12-22T17:19:31.237003,0.4,61.2,69.3,
2025-12-22T17:19:37.141055,11.4,61.4,69.3,
2025-12-22T17:19:38.661148,3.3,61.4,69.3,
2025-12-22T17:19:44.509543,15.6,61.7,69.3,
2025-12-22T17:19:46.021060,4.3,61.7,69.3,
2025-12-22T17:19:51.942028,15.9,61.8,69.3,
2025-12-22T17:19:53.454865,2.7,61.8,69.3,
2025-12-22T17:19:59.288627,12.8,61.8,69.3,
2025-12-22T17:20:00.808881,0.2,61.8,69.3,
2025-12-22T17:20:06.709609,8.0,61.7,69.3,
2025-12-22T17:20:08.223226,3.3,61.7,69.3,
2025-12-22T17:20:14.149700,12.5,61.7,69.3,
2025-12-22T17:20:15.670376,1.0,61.4,69.3,
2025-12-22T17:20:21.528153,10.0,61.7,69.3,
2025-12-22T17:20:23.045427,0.2,61.7,69.3,
2025-12-22T17:20:28.904957,13.8,61.8,69.3,
2025-12-22T17:20:30.417535,0.4,61.8,69.3,
2025-12-22T17:20:36.255516,15.6,61.7,69.3,
2025-12-22T17:20:37.770160,0.0,61.7,69.3,
2025-12-22T17:20:43.620096,13.6,61.7,69.3,
2025-12-22T17:20:45.134295,0.0,61.7,69.3,
2025-12-22T17:20:50.993063,14.3,61.8,69.3,
2025-12-22T17:20:52.502476,2.2,61.9,69.3,
2025-12-22T17:20:58.373488,13.6,61.8,69.3,
2025-12-22T17:20:59.886147,0.2,61.8,69.3,
2025-12-22T17:21:05.747744,15.1,61.8,69.3,
2025-12-22T17:21:07.261515,0.4,61.8,69.3,
2025-12-22T17:21:13.120632,12.2,61.7,69.3,
2025-12-22T17:21:14.628099,2.6,62.1,69.3,
2025-12-22T17:21:20.494360,12.6,62.1,69.3,
2025-12-22T17:21:22.014375,0.2,62.1,69.3,
2025-12-22T17:21:27.865630,13.9,62.1,69.3,
2025-12-22T17:21:29.382031,0.2,62.1,69.3,
2025-12-22T17:21:35.225027,14.3,62.0,69.3,
2025-12-22T17:21:36.740727,0.6,62.0,69.3,
2025-12-22T17:21:42.622312,18.8,61.9,69.3,
2025-12-22T17:21:44.138275,0.6,61.9,69.3,
2025-12-22T17:21:50.016838,10.6,61.8,69.3,
2025-12-22T17:21:51.524690,0.4,61.8,69.3,
2025-12-22T17:21:57.388325,13.0,61.8,69.3,
2025-12-22T17:21:58.903708,0.4,61.8,69.3,
2025-12-22T17:22:04.801901,13.5,61.6,69.3,
2025-12-22T17:22:06.316042,0.4,61.6,69.3,
2025-12-22T17:22:09.990745,12.5,61.6,69.3,
2025-12-22T17:22:11.500954,0.8,61.6,69.3,
2025-12-22T17:22:15.019200,14.2,61.1,69.3,
2025-12-22T17:22:16.534667,0.6,61.0,69.3,
2025-12-22T17:22:22.392631,13.0,61.1,69.3,
2025-12-22T17:22:23.909920,0.4,61.1,69.3,
2025-12-22T17:22:29.758568,14.3,61.0,69.3,
2025-12-22T17:22:31.267885,0.4,61.0,69.3,
2025-12-22T17:22:37.164388,13.3,61.1,69.3,
2025-12-22T17:22:38.677794,0.2,61.0,69.3,
2025-12-22T17:22:42.386337,14.9,61.1,69.3,
2025-12-22T17:22:43.891296,1.0,61.1,69.3,
2025-12-22T17:22:47.560702,15.3,60.9,69.3,
2025-12-22T17:22:49.081494,0.8,60.9,69.3,
2025-12-22T17:22:54.880492,14.4,60.6,69.3,
2025-12-22T17:22:56.392146,0.6,60.7,69.3,
2025-12-22T17:23:02.294630,12.8,60.8,69.3,
2025-12-22T17:23:03.808091,0.4,60.8,69.3,
2025-12-22T17:23:09.635550,12.8,61.2,69.3,
2025-12-22T17:23:11.145596,1.6,61.2,69.3,
2025-12-22T17:23:17.033699,10.9,61.2,69.3,
2025-12-22T17:23:18.546035,0.6,61.2,69.3,
2025-12-22T17:23:24.404481,16.0,61.2,69.3,
2025-12-22T17:23:25.910585,0.6,61.2,69.3,
2025-12-22T17:23:31.831928,16.4,61.3,69.3,
2025-12-22T17:23:33.350711,0.8,61.3,69.3,
2025-12-22T17:23:39.201283,11.2,61.4,69.3,
2025-12-22T17:23:40.717167,1.0,61.3,69.3,
2025-12-22T17:23:46.556100,13.9,61.6,69.3,
2025-12-22T17:23:48.063461,2.1,61.5,69.3,
2025-12-22T17:23:53.967010,13.4,61.7,69.3,
2025-12-22T17:23:55.486365,0.2,61.6,69.3,
2025-12-22T17:24:01.351216,11.5,61.7,69.3,
2025-12-22T17:24:02.871209,0.6,61.7,69.3,
2025-12-22T17:24:08.763096,11.2,61.5,69.3,
2025-12-22T17:24:10.282468,1.2,61.5,69.3,
2025-12-22T17:24:16.176006,14.6,61.6,69.3,
2025-12-22T17:24:17.693879,0.6,61.6,69.3,
2025-12-22T17:24:23.530975,11.7,61.7,69.3,
2025-12-22T17:24:25.044736,0.0,61.7,69.3,
2025-12-22T17:24:30.961007,12.6,61.6,69.3,
2025-12-22T17:24:32.471271,1.0,61.5,69.3,
2025-12-22T17:24:38.336387,13.5,61.4,69.3,
2025-12-22T17:24:39.843981,1.0,61.4,69.3,
2025-12-22T17:24:45.741544,11.2,61.9,69.3,
2025-12-22T17:24:47.254240,2.9,61.9,69.3,
2025-12-22T17:24:53.136515,14.2,61.8,69.3,
2025-12-22T17:24:54.656049,0.0,61.8,69.3,
2025-12-22T17:25:00.521818,15.9,61.6,69.3,
2025-12-22T17:25:02.032899,4.5,61.7,69.3,
2025-12-22T17:25:07.893875,14.1,61.6,69.3,
2025-12-22T17:25:09.411604,6.9,61.7,69.3,
2025-12-22T17:25:15.303845,14.6,61.6,69.3,
2025-12-22T17:25:16.811952,0.4,61.3,69.3,
2025-12-22T17:25:22.682472,10.3,61.2,69.3,
2025-12-22T17:25:24.191084,0.6,61.2,69.3,
2025-12-22T17:25:30.115589,12.4,61.3,69.3,
2025-12-22T17:25:31.626903,0.6,61.3,69.3,
2025-12-22T17:25:37.474356,14.7,61.4,69.3,
2025-12-22T17:25:38.982890,0.2,61.3,69.3,
2025-12-22T17:25:44.866908,15.1,61.3,69.3,
2025-12-22T17:25:46.379745,3.3,61.4,69.3,
2025-12-22T17:25:52.250633,12.0,61.3,69.3,
2025-12-22T17:25:53.762702,1.2,61.3,69.3,
2025-12-22T17:25:59.638193,15.6,61.2,69.3,
2025-12-22T17:26:01.151920,0.6,61.2,69.3,
2025-12-22T17:26:07.061982,12.9,61.8,69.3,
2025-12-22T17:26:08.581410,0.4,61.8,69.3,
2025-12-22T17:26:14.444536,12.5,61.8,69.3,
2025-12-22T17:26:15.958296,2.3,61.8,69.3,
2025-12-22T17:26:21.839927,16.3,61.9,69.3,
2025-12-22T17:26:23.351269,0.4,61.9,69.3,
2025-12-22T17:26:29.212268,15.4,61.8,69.3,
2025-12-22T17:26:30.725686,0.4,61.8,69.3,
2025-12-22T17:26:36.619196,13.3,61.8,69.3,
2025-12-22T17:26:38.138515,0.4,61.7,69.3,
2025-12-22T17:26:44.088044,12.1,61.7,69.3,
2025-12-22T17:26:45.601007,1.4,61.7,69.3,
2025-12-22T17:26:51.526153,16.8,61.6,69.3,
2025-12-22T17:26:53.040547,3.9,61.6,69.3,
2025-12-22T17:26:58.912209,13.0,61.7,69.3,
2025-12-22T17:27:00.429423,1.4,61.8,69.3,
2025-12-22T17:27:06.334552,14.9,61.7,69.3,
2025-12-22T17:27:07.847709,1.4,61.7,69.3,
2025-12-22T17:27:13.732430,14.5,61.8,69.3,
2025-12-22T17:27:15.246560,0.6,61.8,69.3,
2025-12-22T17:27:21.182943,17.9,61.6,69.3,
2025-12-22T17:27:22.697057,1.0,61.6,69.3,
2025-12-22T17:27:28.587358,14.5,61.5,69.3,
2025-12-22T17:27:30.105205,1.8,61.6,69.3,
2025-12-22T17:27:36.034776,11.7,61.7,69.3,
2025-12-22T17:27:37.555012,0.4,61.8,69.3,
2025-12-22T17:27:43.464077,14.9,61.8,69.3,
2025-12-22T17:27:44.977108,1.5,61.8,69.3,
2025-12-22T17:27:50.929233,13.3,61.9,69.3,
2025-12-22T17:27:52.438096,0.8,61.9,69.3,
2025-12-22T17:27:58.324156,11.8,62.0,69.3,
2025-12-22T17:27:59.838605,0.8,62.1,69.3,
2025-12-22T17:28:05.683941,10.3,62.1,69.3,
2025-12-22T17:28:07.194949,0.4,62.1,69.3,
2025-12-22T17:28:13.091578,11.7,62.0,69.3,
2025-12-22T17:28:14.608495,3.5,62.0,69.3,
2025-12-22T17:28:20.472325,11.5,62.3,69.3,
2025-12-22T17:28:21.980750,1.6,62.4,69.3,
2025-12-22T17:28:27.853663,18.6,62.9,69.3,
2025-12-22T17:28:29.361397,2.9,62.9,69.3,
2025-12-22T17:28:35.318542,12.2,62.9,69.3,
2025-12-22T17:28:36.830055,8.3,62.9,69.3,
2025-12-22T17:28:42.738632,14.1,62.1,69.3,
2025-12-22T17:28:44.254630,0.6,62.1,69.3,
2025-12-22T17:28:50.116535,14.2,61.9,69.3,
2025-12-22T17:28:51.636835,0.0,61.9,69.3,
2025-12-22T17:28:57.483078,13.5,61.9,69.3,
2025-12-22T17:28:58.995379,0.6,61.8,69.3,
2025-12-22T17:29:04.883877,13.6,61.8,69.3,
2025-12-22T17:29:06.396740,1.0,61.8,69.3,
2025-12-22T17:29:10.103055,12.4,61.9,69.3,
2025-12-22T17:29:11.623955,0.4,61.9,69.3,
2025-12-22T17:29:15.262481,14.9,61.9,69.3,
2025-12-22T17:29:16.773808,0.6,61.9,69.3,
2025-12-22T17:29:22.656925,14.0,62.0,69.3,
2025-12-22T17:29:24.175394,1.8,62.1,69.3,
2025-12-22T17:29:30.111972,10.6,62.0,69.3,
2025-12-22T17:29:31.624880,0.2,62.0,69.3,
2025-12-22T17:29:37.517738,13.6,62.1,69.3,
2025-12-22T17:29:39.023992,0.0,62.1,69.3,
2025-12-22T17:29:42.716924,16.4,62.2,69.3,
2025-12-22T17:29:44.225903,0.2,62.2,69.3,
2025-12-22T17:29:47.824268,12.0,62.2,69.3,
2025-12-22T17:29:49.343926,0.0,62.2,69.3,
2025-12-22T17:29:55.181497,17.2,62.0,69.3,
2025-12-22T17:29:56.691087,1.0,62.0,69.3,
2025-12-22T17:30:02.545579,13.6,62.0,69.3,
2025-12-22T17:30:04.054501,1.2,62.0,69.3,
2025-12-22T17:30:09.954577,12.4,62.0,69.3,
2025-12-22T17:30:11.472426,11.4,61.9,69.3,
2025-12-22T17:30:17.410567,12.4,62.0,69.3,
2025-12-22T17:30:18.916684,5.1,62.0,69.3,
2025-12-22T17:30:24.826674,15.4,63.4,69.3,
2025-12-22T17:30:26.340119,6.3,63.5,69.3,
2025-12-22T17:30:32.209924,17.5,63.7,69.3,
2025-12-22T17:30:33.720424,3.8,63.9,69.3,
2025-12-22T17:30:39.699197,13.8,62.9,69.3,
2025-12-22T17:30:41.207492,1.0,62.9,69.3,
2025-12-22T17:30:47.085907,12.6,62.2,69.3,
2025-12-22T17:30:48.605808,0.2,62.1,69.3,
2025-12-22T17:30:54.471046,11.6,61.4,69.3,
2025-12-22T17:30:55.980324,0.0,61.4,69.3,
2025-12-22T17:31:01.883330,12.1,61.8,69.3,
2025-12-22T17:31:03.397133,1.2,61.9,69.3,
2025-12-22T17:31:09.354341,11.8,62.0,69.3,
2025-12-22T17:31:10.867126,2.5,62.1,69.3,
2025-12-22T17:31:16.768423,13.0,62.4,69.3,
2025-12-22T17:31:18.283118,0.4,62.4,69.3,
2025-12-22T17:31:24.165810,15.9,62.4,69.3,
2025-12-22T17:31:25.678011,0.2,62.3,69.3,
2025-12-22T17:31:31.532004,13.0,62.4,69.3,
2025-12-22T17:31:33.048313,4.8,62.4,69.3,
2025-12-22T17:31:38.914868,12.6,62.4,69.3,
2025-12-22T17:31:40.424523,0.0,62.5,69.3,
2025-12-22T17:31:46.325612,12.2,62.4,69.3,
2025-12-22T17:31:47.846211,0.8,62.4,69.3,
2025-12-22T17:31:53.764945,13.4,63.0,69.3,
2025-12-22T17:31:55.281129,1.4,62.9,69.3,
2025-12-22T17:32:01.190573,13.9,62.7,69.3,
2025-12-22T17:32:02.696975,6.2,62.8,69.3,
2025-12-22T17:32:08.612477,13.1,62.5,69.3,
2025-12-22T17:32:10.120699,0.4,62.5,69.3,
2025-12-22T17:32:15.981155,14.1,62.5,69.3,
2025-12-22T17:32:17.488470,0.6,62.5,69.3,
2025-12-22T17:32:23.345767,13.3,62.2,69.3,
2025-12-22T17:32:24.853091,0.0,62.2,69.3,
2025-12-22T17:32:30.735572,13.6,62.2,69.3,
2025-12-22T17:32:32.253842,1.6,62.2,69.3,
2025-12-22T17:32:38.153761,16.1,62.6,69.3,
2025-12-22T17:32:39.665187,6.3,62.6,69.3,
2025-12-22T17:32:45.644700,9.4,62.8,69.3,
2025-12-22T17:32:47.165190,1.7,62.7,69.3,
2025-12-22T17:32:53.017423,13.8,62.7,69.3,
2025-12-22T17:32:54.533084,3.9,62.7,69.3,
2025-12-22T17:33:00.477204,13.3,63.2,69.3,
2025-12-22T17:33:01.987514,0.8,63.3,69.3,
2025-12-22T17:33:07.837980,12.2,63.3,69.3,
2025-12-22T17:33:09.349086,4.9,62.6,69.3,
2025-12-22T17:33:15.287217,13.7,62.7,69.3,
2025-12-22T17:33:16.804124,0.4,62.6,69.3,
2025-12-22T17:33:22.732826,12.9,62.6,69.3,
2025-12-22T17:33:24.250261,1.0,62.6,69.3,
2025-12-22T17:33:30.205279,14.2,62.7,69.3,
2025-12-22T17:33:31.720190,0.2,62.6,69.3,
2025-12-22T17:33:37.570041,14.7,62.4,69.3,
2025-12-22T17:33:39.081115,0.6,62.4,69.3,
2025-12-22T17:33:44.972702,14.1,62.5,69.3,
2025-12-22T17:33:46.482969,0.8,62.4,69.3,
2025-12-22T17:33:52.338860,13.7,62.6,69.3,
2025-12-22T17:33:53.855808,0.0,62.5,69.3,
2025-12-22T17:33:59.730405,11.7,62.5,69.3,
2025-12-22T17:34:01.236284,2.3,62.6,69.3,
2025-12-22T17:34:07.150523,13.1,62.5,69.3,
2025-12-22T17:34:08.670568,1.0,62.5,69.3,
2025-12-22T17:34:14.594478,12.4,62.6,69.3,
2025-12-22T17:34:16.103235,2.7,62.5,69.3,
2025-12-22T17:34:21.985168,18.0,62.6,69.3,
2025-12-22T17:34:23.493812,5.5,62.6,69.3,
2025-12-22T17:34:29.387413,11.8,62.6,69.3,
2025-12-22T17:34:30.893876,0.6,62.5,69.3,
2025-12-22T17:34:36.756132,12.7,62.6,69.3,
2025-12-22T17:34:38.275205,0.4,62.5,69.3,
2025-12-22T17:34:44.164470,14.6,62.5,69.3,
2025-12-22T17:34:45.677421,0.0,62.5,69.3,
2025-12-22T17:34:51.616247,18.5,62.6,69.3,
2025-12-22T17:34:53.128777,0.4,62.6,69.3,
2025-12-22T17:34:58.987210,16.5,62.6,69.3,
2025-12-22T17:35:00.496665,0.4,62.5,69.3,
2025-12-22T17:35:06.379046,13.7,62.6,69.3,
2025-12-22T17:35:07.889893,0.6,62.6,69.3,
2025-12-22T17:35:13.788416,14.5,61.6,69.3,
2025-12-22T17:35:15.299587,0.2,61.6,69.3,
2025-12-22T17:35:21.173869,13.7,61.6,69.3,
2025-12-22T17:35:22.689005,0.2,61.6,69.3,
2025-12-22T17:35:28.564237,15.0,61.6,69.3,
2025-12-22T17:35:30.070341,0.2,61.6,69.3,
2025-12-22T17:35:35.909636,14.9,61.9,69.3,
2025-12-22T17:35:37.424694,0.2,61.9,69.3,
2025-12-22T17:35:43.289382,14.2,61.9,69.3,
2025-12-22T17:35:44.808786,0.4,61.9,69.3,
2025-12-22T17:35:50.674247,12.7,61.9,69.3,
2025-12-22T17:35:52.189144,2.0,62.0,69.3,
2025-12-22T17:35:58.070980,13.9,61.9,69.3,
2025-12-22T17:35:59.589338,0.0,61.8,69.3,
2025-12-22T17:36:05.518931,12.0,61.7,69.3,
2025-12-22T17:36:07.036319,0.4,61.7,69.3,
2025-12-22T17:36:12.924963,14.2,61.6,69.3,
2025-12-22T17:36:14.446310,0.0,61.6,69.3,
2025-12-22T17:36:20.276813,11.4,61.6,69.3,
2025-12-22T17:36:21.793923,9.2,61.6,69.3,
2025-12-22T17:36:27.632076,12.0,61.6,69.3,
2025-12-22T17:36:29.145629,1.4,61.6,69.3,
2025-12-22T17:36:34.989568,12.7,61.6,69.3,
2025-12-22T17:36:36.499015,3.5,61.5,69.3,
2025-12-22T17:36:40.169354,11.1,61.7,69.3,
2025-12-22T17:36:41.675879,0.2,61.7,69.3,
2025-12-22T17:36:45.152994,10.3,61.8,69.3,
2025-12-22T17:36:46.663119,3.9,61.7,69.3,
2025-12-22T17:36:52.580322,12.7,61.9,69.3,
2025-12-22T17:36:54.097522,0.6,62.0,69.3,
2025-12-22T17:36:59.963292,11.7,62.1,69.3,
2025-12-22T17:37:01.475768,1.6,62.2,69.3,
2025-12-22T17:37:07.326530,11.5,62.2,69.3,
2025-12-22T17:37:08.848096,0.6,62.1,69.3,
2025-12-22T17:37:12.539675,12.6,62.0,69.3,
2025-12-22T17:37:14.055909,0.6,62.0,69.3,
2025-12-22T17:37:15.566124,1.0,62.0,69.3,
2025-12-22T17:37:18.637798,13.5,62.0,69.3,
2025-12-22T17:37:20.154020,0.8,62.1,69.3,
2025-12-22T17:37:26.037378,10.9,62.2,69.3,
2025-12-22T17:37:27.547500,0.4,62.3,69.3,
2025-12-22T17:37:33.425237,12.5,62.4,69.3,
2025-12-22T17:37:34.931528,0.2,62.4,69.3,
2025-12-22T17:37:40.816262,11.6,62.4,69.3,
2025-12-22T17:37:42.328960,1.4,62.3,69.3,
2025-12-22T17:37:45.995370,12.5,62.4,69.3,
2025-12-22T17:37:47.505516,1.2,62.4,69.3,
2025-12-22T17:37:51.122742,12.6,62.4,69.3,
2025-12-22T17:37:52.642608,1.6,62.4,69.3,
2025-12-22T17:37:58.513025,14.3,62.3,69.3,
2025-12-22T17:38:00.020151,0.8,62.3,69.3,
2025-12-22T17:38:05.924991,12.0,62.4,69.3,
2025-12-22T17:38:07.435865,0.0,62.4,69.3,
2025-12-22T17:38:11.123594,19.5,62.3,69.3,
2025-12-22T17:38:12.634894,0.0,62.3,69.3,
2025-12-22T17:38:14.148273,0.2,62.3,69.3,
2025-12-22T17:38:17.252781,12.9,62.3,69.3,
2025-12-22T17:38:18.773110,0.6,62.3,69.3,
2025-12-22T17:38:24.632716,18.5,62.5,69.3,
2025-12-22T17:38:26.150125,6.6,63.0,69.3,
2025-12-22T17:38:32.029575,13.8,63.4,69.3,
2025-12-22T17:38:33.549425,0.6,63.3,69.3,
2025-12-22T17:38:39.447286,12.5,62.9,69.3,
2025-12-22T17:38:40.956774,0.0,62.9,69.3,
2025-12-22T17:38:46.887436,10.0,62.3,69.3,
2025-12-22T17:38:48.400842,1.2,62.3,69.3,
2025-12-22T17:38:54.241849,13.8,62.3,69.3,
2025-12-22T17:38:55.762526,1.2,62.3,69.3,
2025-12-22T17:39:01.612942,10.6,62.3,69.3,
2025-12-22T17:39:03.126220,0.6,62.3,69.3,
2025-12-22T17:39:09.033860,11.3,62.6,69.3,
2025-12-22T17:39:10.554915,9.1,62.9,69.3,
2025-12-22T17:39:16.432012,17.8,63.4,69.3,
2025-12-22T17:39:17.943423,2.6,63.4,69.3,
2025-12-22T17:39:23.780456,15.1,63.2,69.3,
2025-12-22T17:39:25.298534,0.0,63.1,69.3,
2025-12-22T17:39:31.191025,10.7,62.5,69.3,
2025-12-22T17:39:32.700000,0.8,62.5,69.3,
2025-12-22T17:39:38.578588,14.8,62.4,69.3,
2025-12-22T17:39:40.096948,0.8,62.3,69.3,
2025-12-22T17:39:45.947201,12.6,62.1,69.3,
2025-12-22T17:39:47.453685,0.6,62.2,69.3,
2025-12-22T17:39:53.346581,13.3,62.0,69.3,
2025-12-22T17:39:54.865419,0.0,62.0,69.3,
2025-12-22T17:40:00.730161,12.8,62.0,69.3,
2025-12-22T17:40:02.249184,0.2,62.0,69.3,
2025-12-22T17:40:08.127359,20.4,62.2,69.3,
2025-12-22T17:40:09.646682,0.6,62.0,69.3,
2025-12-22T17:40:15.498404,13.0,61.7,69.3,
2025-12-22T17:40:17.009054,0.4,62.1,69.3,
2025-12-22T17:40:22.908531,12.7,62.2,69.3,
2025-12-22T17:40:24.422776,0.6,62.2,69.3,
2025-12-22T17:40:30.362648,13.4,62.5,69.3,
2025-12-22T17:40:31.868797,1.0,62.5,69.3,
2025-12-22T17:40:37.777645,14.6,62.2,69.3,
2025-12-22T17:40:39.294365,1.2,62.2,69.3,
2025-12-22T17:40:45.247693,16.5,63.1,69.3,
2025-12-22T17:40:46.759494,4.5,62.9,69.3,
2025-12-22T17:40:52.683516,19.8,62.9,69.3,
2025-12-22T17:40:54.199765,1.2,62.2,69.3,
2025-12-22T17:41:00.132476,12.1,62.3,69.3,
2025-12-22T17:41:01.647200,6.4,62.3,69.3,
2025-12-22T17:41:07.589516,12.5,62.5,69.3,
2025-12-22T17:41:09.095732,1.6,62.5,69.3,
2025-12-22T17:41:15.022449,11.7,62.6,69.3,
2025-12-22T17:41:16.543138,2.4,62.5,69.3,
2025-12-22T17:41:22.453794,12.6,62.5,69.3,
2025-12-22T17:41:23.972250,3.5,62.5,69.3,
2025-12-22T17:41:29.848084,11.3,62.6,69.3,
2025-12-22T17:41:31.365684,0.4,62.7,69.3,
2025-12-22T17:41:37.315910,15.0,62.1,69.3,
2025-12-22T17:41:38.839623,2.3,62.0,69.3,
2025-12-22T17:41:44.758636,16.0,62.6,69.3,
2025-12-22T17:41:46.263631,9.7,62.5,69.3,
2025-12-22T17:41:52.151864,14.7,62.7,69.3,
2025-12-22T17:41:53.660191,1.0,62.7,69.3,
2025-12-22T17:41:59.587461,12.4,62.6,69.3,
2025-12-22T17:42:01.107894,3.3,62.3,69.3,
2025-12-22T17:42:07.030276,12.7,62.2,69.3,
2025-12-22T17:42:08.549616,0.4,62.2,69.3,
2025-12-22T17:42:14.461348,16.3,61.8,69.3,
2025-12-22T17:42:15.984948,2.4,61.8,69.3,
2025-12-22T17:42:21.928702,12.7,62.0,69.3,
2025-12-22T17:42:23.442810,7.0,62.3,69.3,
2025-12-22T17:42:29.402876,13.6,62.6,69.3,
2025-12-22T17:42:30.926630,6.0,62.6,69.3,
2025-12-22T17:42:36.877469,13.2,62.9,69.3,
2025-12-22T17:42:38.390190,1.0,62.9,69.3,
2025-12-22T17:42:44.334219,12.0,62.3,69.3,
2025-12-22T17:42:45.851243,1.5,62.2,69.3,
2025-12-22T17:42:51.819684,13.8,62.2,69.3,
2025-12-22T17:42:53.332206,2.2,62.2,69.3,
2025-12-22T17:42:59.243258,12.4,62.2,69.3,
2025-12-22T17:43:00.761826,3.3,62.2,69.3,
2025-12-22T17:43:06.653656,11.5,61.8,69.3,
2025-12-22T17:43:08.162204,0.4,61.8,69.3,
2025-12-22T17:43:14.100203,12.7,61.9,69.3,
2025-12-22T17:43:15.609398,0.6,61.9,69.3,
2025-12-22T17:43:21.604814,13.5,61.9,69.3,
2025-12-22T17:43:23.116979,0.4,61.9,69.3,
2025-12-22T17:43:29.030582,17.3,61.9,69.3,
2025-12-22T17:43:30.536998,1.2,61.9,69.3,
2025-12-22T17:43:36.474149,15.7,63.0,69.3,
2025-12-22T17:43:37.983726,6.6,63.1,69.3,
2025-12-22T17:43:43.925559,12.9,63.3,69.3,
2025-12-22T17:43:45.438141,0.6,63.3,69.3,
2025-12-22T17:43:51.362901,11.7,63.2,69.3,
2025-12-22T17:43:52.880399,0.2,63.2,69.3,
2025-12-22T17:43:58.721298,11.0,62.5,69.3,
2025-12-22T17:44:00.238471,0.4,62.5,69.3,
2025-12-22T17:44:06.149955,12.9,62.2,69.3,
2025-12-22T17:44:07.659755,0.6,62.2,69.3,
2025-12-22T17:44:13.569087,12.4,62.3,69.3,
2025-12-22T17:44:15.079411,0.6,62.2,69.3,
2025-12-22T17:44:21.028168,12.3,62.1,69.3,
2025-12-22T17:44:22.548701,1.4,62.1,69.3,
2025-12-22T17:44:28.460974,13.0,62.1,69.3,
2025-12-22T17:44:29.979718,1.2,62.2,69.3,
2025-12-22T17:44:35.949355,16.8,62.3,69.3,
2025-12-22T17:44:37.462003,1.6,62.2,69.3,
2025-12-22T17:44:43.334835,13.2,62.2,69.3,
2025-12-22T17:44:44.845337,0.2,62.2,69.3,
2025-12-22T17:44:50.782799,12.3,62.3,69.3,
2025-12-22T17:44:52.296222,0.0,62.2,69.3,
2025-12-22T17:44:58.236448,13.2,62.4,69.3,
2025-12-22T17:44:59.754812,2.5,62.3,69.3,
2025-12-22T17:45:05.622064,15.4,62.4,69.3,
2025-12-22T17:45:07.134039,0.6,62.4,69.3,
2025-12-22T17:45:13.060412,12.2,62.4,69.3,
2025-12-22T17:45:14.570594,4.2,62.5,69.3,
2025-12-22T17:45:20.414016,10.6,62.5,69.3,
2025-12-22T17:45:21.920963,0.4,62.6,69.3,
2025-12-22T17:45:27.817752,14.0,62.4,69.3,
2025-12-22T17:45:29.328572,0.6,62.4,69.3,
2025-12-22T17:45:35.218618,13.2,62.5,69.3,
2025-12-22T17:45:36.728587,2.8,62.5,69.3,
2025-12-22T17:45:40.465563,15.5,62.4,69.3,
2025-12-22T17:45:41.982652,3.7,62.5,69.3,
2025-12-22T17:45:45.524572,11.7,62.3,69.3,
2025-12-22T17:45:47.039133,2.6,62.4,69.3,
2025-12-22T17:45:52.894811,12.4,62.3,69.3,
2025-12-22T17:45:54.408332,0.8,62.3,69.3,
2025-12-22T17:46:00.336208,11.3,62.4,69.3,
2025-12-22T17:46:01.854204,3.3,62.4,69.3,
2025-12-22T17:46:07.789624,11.6,62.8,69.3,
2025-12-22T17:46:09.304155,0.2,62.8,69.3,
2025-12-22T17:46:13.004342,9.5,62.8,69.3,
2025-12-22T17:46:14.517646,1.0,62.8,69.3,
2025-12-22T17:46:18.087350,13.6,62.8,69.3,
2025-12-22T17:46:19.604530,1.4,62.8,69.3,
2025-12-22T17:46:25.526809,15.6,62.6,69.3,
2025-12-22T17:46:27.035854,1.0,62.0,69.3,
2025-12-22T17:46:32.944273,12.5,62.0,69.3,
2025-12-22T17:46:34.457899,8.5,62.0,69.3,
2025-12-22T17:46:40.359994,13.1,61.7,69.3,
2025-12-22T17:46:41.879676,3.4,61.6,69.3,
2025-12-22T17:46:47.818203,12.7,61.7,69.3,
2025-12-22T17:46:49.333625,3.7,61.6,69.3,
2025-12-22T17:46:55.219329,9.9,61.6,69.3,
2025-12-22T17:46:56.739987,0.2,61.7,69.3,
2025-12-22T17:47:02.598165,13.8,61.6,69.3,
2025-12-22T17:47:04.114279,0.4,61.6,69.3,
2025-12-22T17:47:10.048020,12.1,61.6,69.3,
2025-12-22T17:47:11.563958,1.6,61.6,69.3,
2025-12-22T17:47:17.506459,12.2,61.6,69.3,
2025-12-22T17:47:19.025669,0.0,61.6,69.3,
2025-12-22T17:47:24.985975,13.6,61.7,69.3,
2025-12-22T17:47:26.496772,14.6,61.7,69.3,
2025-12-22T17:47:32.386170,10.4,61.7,69.3,
2025-12-22T17:47:48.730547,9.4,66.5,69.4,
2025-12-22T17:47:50.248126,1.8,66.6,69.4,
2025-12-22T17:47:56.187575,11.9,66.4,69.4,
2025-12-22T17:47:57.704272,0.6,66.4,69.4,
2025-12-22T17:48:03.619743,11.9,66.5,69.4,
2025-12-22T17:48:05.133252,6.6,66.5,69.4,
2025-12-22T17:48:11.082513,10.3,66.2,69.4,
2025-12-22T17:48:12.599229,0.0,66.2,69.4,
2025-12-22T17:48:18.537163,15.2,66.2,69.4,
2025-12-22T17:48:20.054162,0.4,66.2,69.4,
2025-12-22T17:48:25.961213,10.8,66.1,69.4,
2025-12-22T17:48:27.471212,0.0,66.1,69.4,
2025-12-22T17:48:33.403203,16.6,66.2,69.4,
2025-12-22T17:48:34.926311,0.2,66.2,69.4,
2025-12-22T17:48:38.647242,11.4,66.0,69.4,
2025-12-22T17:48:40.152986,1.2,61.9,69.3,
2025-12-22T17:48:43.663012,13.7,62.0,69.3,
2025-12-22T17:48:45.176237,1.2,62.0,69.3,
2025-12-22T17:48:51.071698,11.2,62.2,69.3,
2025-12-22T17:48:52.577359,0.8,62.1,69.3,
2025-12-22T17:48:58.509385,13.3,62.1,69.3,
2025-12-22T17:49:00.022491,0.4,62.1,69.3,
2025-12-22T17:49:05.991770,14.6,62.6,69.3,
2025-12-22T17:49:07.504084,2.6,62.6,69.3,
2025-12-22T17:49:11.237851,15.5,62.5,69.3,
2025-12-22T17:49:12.752601,3.1,62.5,69.3,
2025-12-22T17:49:16.246747,14.5,62.5,69.3,
2025-12-22T17:49:17.767820,0.0,62.0,69.3,
2025-12-22T17:49:23.656301,13.5,62.5,69.3,
2025-12-22T17:49:25.168249,0.6,62.5,69.3,
2025-12-22T17:49:31.096115,13.8,62.4,69.3,
2025-12-22T17:49:32.609094,1.2,62.4,69.3,
2025-12-22T17:49:38.605452,19.5,62.6,69.3,
2025-12-22T17:49:40.112077,3.7,62.6,69.3,
2025-12-22T17:49:46.033608,14.2,62.6,69.3,
2025-12-22T17:49:47.540957,0.4,62.6,69.3,
2025-12-22T17:49:53.502021,14.6,62.9,69.3,
2025-12-22T17:49:55.008961,3.3,62.9,69.3,
2025-12-22T17:50:00.989068,19.6,63.5,69.3,
2025-12-22T17:50:02.504702,0.4,63.5,69.3,
2025-12-22T17:50:08.428773,14.0,63.4,69.3,
2025-12-22T17:50:09.950247,0.0,63.4,69.3,
2025-12-22T17:50:15.849226,16.8,63.2,69.3,
2025-12-22T17:50:17.361651,5.4,62.6,69.3,
2025-12-22T17:50:23.249900,13.2,62.4,69.3,
2025-12-22T17:50:24.757592,2.1,62.4,69.3,
2025-12-22T17:50:30.708193,10.2,62.4,69.3,
2025-12-22T17:50:32.228790,0.2,62.3,69.3,
2025-12-22T17:50:38.132721,11.9,62.3,69.3,
2025-12-22T17:50:50.853154,11.0,66.0,69.4,
2025-12-22T17:50:52.371745,0.4,66.2,69.4,
2025-12-22T17:50:58.336111,11.5,66.1,69.4,
2025-12-22T17:50:59.852963,0.2,66.1,69.4,
2025-12-22T17:51:05.812627,10.7,66.2,69.4,
2025-12-22T17:51:07.330293,1.2,66.3,69.4,
2025-12-22T17:51:13.277218,12.5,65.9,69.4,
2025-12-22T17:51:14.789380,0.6,65.9,69.4,
2025-12-22T17:51:20.735398,10.8,65.9,69.4,
2025-12-22T17:51:22.250258,0.4,65.8,69.4,
2025-12-22T17:51:28.207702,12.4,65.9,69.4,
2025-12-22T17:51:29.716980,1.4,66.0,69.4,
2025-12-22T17:51:35.623108,11.5,66.0,69.4,
2025-12-22T17:51:37.137774,0.8,66.0,69.4,
2025-12-22T17:51:40.829523,12.5,66.0,69.4,
2025-12-22T17:51:42.338587,0.8,62.1,69.3,
2025-12-22T17:51:45.879308,10.6,62.0,69.3,
2025-12-22T17:51:47.391507,0.0,62.0,69.3,
2025-12-22T17:51:53.333198,17.0,59.6,69.3,
2025-12-22T17:51:54.844958,0.4,59.1,69.3,
2025-12-22T17:51:58.535461,11.6,59.0,69.3,
2025-12-22T17:52:00.041712,1.0,59.0,69.3,
2025-12-22T17:52:01.554492,0.4,59.0,69.3,
2025-12-22T17:52:04.222261,14.1,59.0,69.3,
2025-12-22T17:52:05.731757,0.4,59.0,69.3,
2025-12-22T17:52:11.642926,14.3,59.1,69.3,
2025-12-22T17:52:13.153390,0.4,59.0,69.3,
2025-12-22T17:52:19.056315,13.6,59.0,69.3,
2025-12-22T17:52:20.567951,0.8,58.9,69.3,
2025-12-22T17:52:26.458374,12.4,58.7,69.3,
2025-12-22T17:52:27.964799,0.0,58.7,69.3,
2025-12-22T17:52:33.826399,13.1,59.0,69.3,
2025-12-22T17:52:35.334045,0.2,58.9,69.3,
2025-12-22T17:52:41.254102,19.9,59.4,69.3,
2025-12-22T17:52:42.762239,10.4,59.5,69.3,
2025-12-22T17:52:48.696402,13.5,59.5,69.3,
2025-12-22T17:52:50.217014,0.2,59.5,69.3,
2025-12-22T17:52:56.090396,12.9,59.5,69.3,
2025-12-22T17:52:57.609528,0.6,59.5,69.3,
2025-12-22T17:53:03.525389,13.8,59.5,69.3,
2025-12-22T17:53:05.033979,5.1,59.5,69.3,
2025-12-22T17:53:08.744177,12.4,59.6,69.3,
2025-12-22T17:53:10.252439,0.4,59.5,69.3,
2025-12-22T17:53:13.816208,15.0,59.5,69.3,
2025-12-22T17:53:15.331914,0.2,59.5,69.3,
2025-12-22T17:53:21.223214,10.9,59.5,69.3,
2025-12-22T17:53:22.734474,10.8,60.0,69.3,
2025-12-22T17:53:28.649521,21.7,60.6,69.3,
2025-12-22T17:53:30.155350,6.7,60.7,69.3,
2025-12-22T17:53:36.040939,14.6,60.6,69.3,
2025-12-22T17:53:37.561376,0.4,60.5,69.3,
2025-12-22T17:53:41.255279,11.9,60.5,69.3,
2025-12-22T17:53:42.762653,8.2,59.9,69.3,
2025-12-22T17:53:46.411167,12.5,60.0,69.3,
2025-12-22T17:53:47.926668,2.3,60.0,69.3,
2025-12-22T17:53:53.831732,13.0,59.9,69.3,
2025-12-22T17:53:55.344300,1.6,60.0,69.3,
2025-12-22T17:54:01.187022,15.6,60.4,69.3,
2025-12-22T17:54:02.702038,0.2,60.3,69.3,
2025-12-22T17:54:08.572343,14.5,60.2,69.3,
2025-12-22T17:54:10.091294,0.4,60.2,69.3,
2025-12-22T17:54:15.976717,14.6,60.2,69.3,
2025-12-22T17:54:17.494330,0.2,60.2,69.3,
2025-12-22T17:54:23.366282,14.5,60.2,69.3,
2025-12-22T17:54:24.872180,0.0,60.1,69.3,
2025-12-22T17:54:30.730644,12.7,60.0,69.3,
2025-12-22T17:54:32.246602,0.0,60.0,69.3,
2025-12-22T17:54:38.106776,10.8,59.9,69.3,
2025-12-22T17:54:39.621840,0.0,59.9,69.3,
2025-12-22T17:54:45.502429,14.0,59.9,69.3,
2025-12-22T17:54:47.012696,0.0,59.9,69.3,
2025-12-22T17:54:52.899392,12.7,59.9,69.3,
2025-12-22T17:54:54.419543,0.6,59.9,69.3,
2025-12-22T17:55:00.305092,12.1,59.9,69.3,
2025-12-22T17:55:01.824207,0.4,59.9,69.3,
2025-12-22T17:55:07.729615,10.9,59.8,69.3,
2025-12-22T17:55:09.245638,0.4,59.8,69.3,
2025-12-22T17:55:15.101697,13.9,59.6,69.3,
2025-12-22T17:55:16.616038,0.6,59.7,69.3,
2025-12-22T17:55:24.377538,0.4,59.4,69.3,
2025-12-22T17:55:25.891561,13.0,61.8,69.3,
2025-12-22T17:55:35.531753,0.0,62.2,69.3,
2025-12-22T17:55:37.039731,2.8,62.3,69.3,
2025-12-22T17:55:46.712982,0.6,65.9,69.3,
2025-12-22T17:55:48.232969,0.2,65.9,69.3,
2025-12-22T17:55:57.897737,0.2,65.2,69.3,
2025-12-22T17:55:59.413991,1.0,65.3,69.3,
2025-12-22T17:56:09.020987,0.0,65.5,69.3,
2025-12-22T17:56:10.528507,0.2,65.5,69.3,
2025-12-22T17:56:20.158551,0.0,65.4,69.3,
2025-12-22T17:56:21.675567,0.2,65.5,69.3,
2025-12-22T17:56:31.274880,1.2,65.4,69.3,
2025-12-22T17:56:32.794615,0.0,65.4,69.3,
2025-12-22T17:56:42.442896,2.4,65.4,69.3,
2025-12-22T17:56:43.953901,0.2,65.5,69.3,
2025-12-22T17:56:53.579720,3.7,65.7,69.3,
2025-12-22T17:56:55.087507,1.2,65.8,69.3,
2025-12-22T17:57:04.700451,0.2,65.8,69.3,
2025-12-22T17:57:06.207484,2.1,65.8,69.3,
2025-12-22T17:57:15.848504,0.8,65.8,69.3,
2025-12-22T17:57:17.371736,0.4,65.8,69.3,
2025-12-22T17:57:26.942341,1.2,65.3,69.3,
2025-12-22T17:57:28.455282,1.4,65.3,69.3,
2025-12-22T17:57:38.066526,2.2,65.3,69.3,
2025-12-22T17:57:39.575158,0.6,65.3,69.3,
2025-12-22T17:57:49.202704,2.1,65.4,69.3,
2025-12-22T17:57:50.719426,0.2,65.4,69.3,
2025-12-22T17:58:00.348237,2.3,65.5,69.3,
2025-12-22T17:58:01.865482,0.0,65.6,69.3,
2025-12-22T17:58:11.482700,6.4,66.7,69.3,
2025-12-22T17:58:13.000535,4.7,66.7,69.3,
2025-12-22T17:58:22.632855,0.6,66.6,69.3,
2025-12-22T17:58:24.148936,0.8,66.6,69.3,
2025-12-22T17:58:33.795884,0.4,65.7,69.3,
2025-12-22T17:58:35.315279,5.1,65.6,69.3,
2025-12-22T17:58:44.932945,0.2,65.6,69.3,
2025-12-22T17:58:46.445401,1.0,65.6,69.3,
2025-12-22T17:58:56.095359,0.4,65.6,69.3,
2025-12-22T17:58:57.609356,1.4,65.6,69.3,
2025-12-22T17:59:07.192340,0.8,65.6,69.3,
2025-12-22T17:59:08.700496,1.4,65.6,69.3,
2025-12-22T17:59:18.340479,0.0,65.6,69.3,
2025-12-22T17:59:19.845904,2.3,65.6,69.3,
2025-12-22T17:59:29.437406,1.2,65.6,69.3,
2025-12-22T17:59:30.958665,0.8,65.5,69.3,
2025-12-22T17:59:40.562301,2.7,65.4,69.3,
2025-12-22T17:59:42.072838,6.6,65.5,69.3,
2025-12-22T17:59:51.685576,1.4,65.6,69.3,
2025-12-22T17:59:53.208414,0.2,65.5,69.3,
2025-12-22T18:00:02.793254,2.0,65.6,69.3,
2025-12-22T18:00:04.304853,1.4,65.4,69.3,
2025-12-22T18:00:13.992169,0.2,65.5,69.3,
2025-12-22T18:00:15.511928,0.4,65.4,69.3,
2025-12-22T18:00:25.101074,2.7,65.7,69.3,
2025-12-22T18:00:26.614318,0.4,65.9,69.3,
2025-12-22T18:00:36.238080,11.3,65.8,69.3,
2025-12-22T18:00:37.750812,2.3,65.8,69.3,
2025-12-22T18:00:47.399405,6.5,66.1,69.3,
2025-12-22T18:00:48.905287,5.1,66.1,69.3,
2025-12-22T18:00:58.534514,0.2,65.1,69.3,
2025-12-22T18:01:00.041552,0.0,65.2,69.3,
2025-12-22T18:01:09.667573,2.6,65.6,69.3,
2025-12-22T18:01:11.182665,1.0,65.5,69.3,
2025-12-22T18:01:20.798804,0.6,65.3,69.3,
2025-12-22T18:01:22.316634,1.0,65.3,69.3,
2025-12-22T18:01:31.978887,0.2,65.0,69.3,
2025-12-22T18:01:33.497956,0.0,65.0,69.3,
2025-12-22T18:01:39.391684,19.6,61.4,69.3,
2025-12-22T18:01:40.914140,13.7,61.3,69.3,
2025-12-22T18:01:46.778469,14.2,59.9,69.3,
2025-12-22T18:01:48.298600,0.0,59.7,69.3,
2025-12-22T18:01:52.022114,14.9,59.7,69.3,
2025-12-22T18:01:53.536533,0.0,59.7,69.3,
2025-12-22T18:01:57.088084,16.0,59.7,69.3,
2025-12-22T18:01:58.609268,0.4,59.7,69.3,
2025-12-22T18:02:04.460779,15.2,59.6,69.3,
2025-12-22T18:02:05.974861,0.0,59.5,69.3,
2025-12-22T18:02:11.864228,13.9,59.5,69.3,
2025-12-22T18:02:13.379501,0.0,59.5,69.3,
2025-12-22T18:02:19.227597,15.0,59.5,69.3,
2025-12-22T18:02:20.749704,0.0,59.5,69.3,
2025-12-22T18:02:26.664886,14.9,59.6,69.3,
2025-12-22T18:02:28.185791,2.4,59.6,69.3,
2025-12-22T18:02:35.924790,17.5,59.6,69.3,
2025-12-22T18:02:37.440417,0.2,59.5,69.3,
2025-12-22T18:02:43.303815,15.0,59.7,69.3,
2025-12-22T18:02:44.818091,0.0,59.7,69.3,
2025-12-22T18:02:50.669766,14.9,59.6,69.3,
2025-12-22T18:02:52.189187,0.0,59.8,69.3,
2025-12-22T18:02:58.103190,16.8,59.8,69.3,
2025-12-22T18:02:59.619462,0.0,59.8,69.3,
2025-12-22T18:03:05.469181,13.6,59.8,69.3,
2025-12-22T18:03:06.977817,0.0,59.7,69.3,
2025-12-22T18:03:12.926347,15.0,59.4,69.3,
2025-12-22T18:03:14.445102,0.0,59.4,69.3,
2025-12-22T18:03:20.295943,14.1,59.4,69.3,
2025-12-22T18:03:21.809351,0.4,59.5,69.3,
2025-12-22T18:03:27.624491,15.2,59.6,69.3,
2025-12-22T18:03:29.145970,0.0,59.6,69.3,
2025-12-22T18:03:34.968360,14.1,59.6,69.3,
2025-12-22T18:03:36.481709,0.2,59.6,69.3,
2025-12-22T18:03:42.357833,15.5,59.6,69.3,
2025-12-22T18:03:43.866218,0.0,59.7,69.3,
2025-12-22T18:03:49.787574,16.3,59.7,69.3,
2025-12-22T18:03:51.310153,1.4,59.7,69.3,
2025-12-22T18:03:57.196524,12.9,60.1,69.3,
2025-12-22T18:03:58.713733,0.6,60.1,69.3,
2025-12-22T18:04:04.617638,15.2,60.1,69.3,
2025-12-22T18:04:06.133032,0.6,60.1,69.3,
2025-12-22T18:04:11.986825,16.3,60.1,69.3,
2025-12-22T18:04:13.499561,0.0,60.1,69.3,
2025-12-22T18:04:19.360599,13.9,60.0,69.3,
2025-12-22T18:04:20.875038,1.9,60.0,69.3,
2025-12-22T18:04:26.761525,14.0,59.8,69.3,
2025-12-22T18:04:28.276758,3.2,59.8,69.3,
2025-12-22T18:04:34.142899,14.3,59.8,69.3,
2025-12-22T18:04:35.660618,0.0,59.8,69.3,
2025-12-22T18:04:41.527620,16.2,59.8,69.3,
2025-12-22T18:04:43.050547,0.0,59.8,69.3,
2025-12-22T18:04:48.905500,16.4,59.7,69.3,
2025-12-22T18:04:50.419070,1.6,59.7,69.3,
2025-12-22T18:04:56.288389,18.9,59.5,69.3,
2025-12-22T18:04:57.809419,0.0,59.5,69.3,
2025-12-22T18:05:03.717240,13.7,59.5,69.3,
2025-12-22T18:05:05.236180,0.0,59.5,69.3,
2025-12-22T18:05:11.034189,14.5,59.5,69.3,
2025-12-22T18:05:12.548694,0.0,59.5,69.3,
2025-12-22T18:05:18.369905,14.9,59.5,69.3,
2025-12-22T18:05:19.882079,0.0,59.5,69.3,
2025-12-22T18:05:25.736794,13.3,59.5,69.3,
2025-12-22T18:05:27.249507,0.2,59.5,69.3,
2025-12-22T18:05:33.059599,15.2,59.5,69.3,
2025-12-22T18:05:34.570907,0.2,59.5,69.3,
2025-12-22T18:05:40.424722,14.3,59.4,69.3,
2025-12-22T18:05:41.939922,0.0,59.4,69.3,
2025-12-22T18:05:47.764370,15.0,59.5,69.3,
2025-12-22T18:05:49.272100,0.2,59.4,69.3,
2025-12-22T18:05:55.110445,15.4,59.6,69.3,
2025-12-22T18:05:56.616969,1.6,59.6,69.3,
2025-12-22T18:06:00.336824,13.4,59.5,69.3,
2025-12-22T18:06:01.846824,0.8,59.6,69.3,
2025-12-22T18:06:05.337499,15.3,59.6,69.3,
2025-12-22T18:06:06.851016,0.2,59.5,69.3,
2025-12-22T18:06:12.753064,14.8,59.5,69.3,
2025-12-22T18:06:14.265211,0.2,59.5,69.3,
2025-12-22T18:06:20.142384,16.7,59.5,69.3,
2025-12-22T18:06:21.648340,0.8,59.5,69.3,
2025-12-22T18:06:27.534932,15.5,59.5,69.3,
2025-12-22T18:06:29.043526,0.8,59.5,69.3,
2025-12-22T18:06:34.896456,15.4,59.5,69.3,
2025-12-22T18:06:36.414834,0.8,59.6,69.3,
2025-12-22T18:06:42.235833,15.5,59.6,69.3,
2025-12-22T18:06:43.746021,1.2,59.6,69.3,
2025-12-22T18:06:49.632421,15.2,59.6,69.3,
2025-12-22T18:06:51.145076,3.6,59.5,69.3,
2025-12-22T18:06:57.039207,14.3,59.6,69.3,
2025-12-22T18:06:58.557288,1.0,59.5,69.3,
2025-12-22T18:07:04.456828,13.0,59.6,69.3,
2025-12-22T18:07:05.964393,0.8,59.7,69.3,
2025-12-22T18:07:11.862024,14.9,59.6,69.3,
2025-12-22T18:07:13.376596,0.2,59.6,69.3,
2025-12-22T18:07:19.254218,17.1,59.5,69.3,
2025-12-22T18:07:20.760771,0.8,59.5,69.3,
2025-12-22T18:07:26.602579,17.9,59.6,69.3,
2025-12-22T18:07:28.109010,1.9,59.6,69.3,
2025-12-22T18:07:33.994977,16.8,59.9,69.3,
2025-12-22T18:07:35.506605,1.2,59.9,69.3,
2025-12-22T18:07:41.413540,15.5,59.9,69.3,
2025-12-22T18:07:42.921203,2.4,60.0,69.3,
2025-12-22T18:07:48.860294,17.7,59.9,69.3,
2025-12-22T18:07:50.372457,2.8,59.9,69.3,
2025-12-22T18:07:56.248923,13.7,59.9,69.3,
2025-12-22T18:07:57.755651,1.2,59.9,69.3,
2025-12-22T18:08:03.599433,16.9,59.6,69.3,
2025-12-22T18:08:05.121666,1.2,59.6,69.3,
2025-12-22T18:08:11.026465,19.6,59.6,69.3,
2025-12-22T18:08:12.536018,1.4,59.6,69.3,
2025-12-22T18:08:18.372916,15.0,59.6,69.3,
2025-12-22T18:08:19.886710,0.0,59.6,69.3,
2025-12-22T18:08:25.781814,18.1,59.7,69.3,
2025-12-22T18:08:27.301151,4.5,59.8,69.3,
2025-12-22T18:08:33.173447,17.4,59.8,69.3,
2025-12-22T18:08:34.685175,0.0,59.7,69.3,
2025-12-22T18:08:40.592445,15.0,59.7,69.3,
2025-12-22T18:08:42.111267,0.4,59.7,69.3,
2025-12-22T18:08:47.988005,14.8,59.7,69.3,
2025-12-22T18:08:49.502335,0.0,59.7,69.3,
2025-12-22T18:08:55.408151,14.8,59.6,69.3,
2025-12-22T18:08:56.919969,0.0,59.6,69.3,
2025-12-22T18:09:00.613046,13.3,59.7,69.3,
2025-12-22T18:09:02.120932,0.0,59.7,69.3,
2025-12-22T18:09:05.629235,14.5,59.7,69.3,
2025-12-22T18:09:07.144156,1.0,59.7,69.3,
2025-12-22T18:09:13.032597,16.2,59.6,69.3,
2025-12-22T18:09:14.551748,0.2,59.6,69.3,
2025-12-22T18:09:20.438036,14.4,59.6,69.3,
2025-12-22T18:09:21.947111,0.8,59.7,69.3,
2025-12-22T18:09:27.824054,16.2,59.7,69.3,
2025-12-22T18:09:29.345664,0.2,59.7,69.3,
2025-12-22T18:09:35.214431,16.6,59.7,69.3,
2025-12-22T18:09:36.735740,0.2,59.7,69.3,
2025-12-22T18:09:42.639884,15.8,59.7,69.3,
2025-12-22T18:09:44.154778,0.2,59.8,69.3,
2025-12-22T18:09:50.064931,14.8,59.8,69.3,
2025-12-22T18:09:51.571624,0.2,59.8,69.3,
2025-12-22T18:09:57.432590,15.0,59.8,69.3,
2025-12-22T18:09:58.954014,0.2,59.8,69.3,
2025-12-22T18:10:04.816645,15.7,59.8,69.3,
2025-12-22T18:10:06.330769,0.4,59.9,69.3,
2025-12-22T18:10:12.194789,15.4,59.7,69.3,
2025-12-22T18:10:13.716600,0.6,59.7,69.3,
2025-12-22T18:10:19.549356,15.2,59.7,69.3,
2025-12-22T18:10:21.070644,0.2,59.8,69.3,
2025-12-22T18:10:26.944639,16.9,59.8,69.3,
2025-12-22T18:10:28.455620,3.3,59.7,69.3,
2025-12-22T18:10:34.298685,16.0,59.6,69.3,
2025-12-22T18:10:35.805280,1.4,59.7,69.3,
2025-12-22T18:10:41.663916,15.2,59.7,69.3,
2025-12-22T18:10:43.170079,2.4,59.7,69.3,
2025-12-22T18:10:49.121084,14.6,59.7,69.3,
2025-12-22T18:10:50.635972,0.0,59.7,69.3,
2025-12-22T18:10:56.483002,15.6,59.7,69.3,
2025-12-22T18:10:58.003490,0.0,59.6,69.3,
2025-12-22T18:11:03.888571,15.3,60.1,69.3,
2025-12-22T18:11:05.398550,1.4,60.1,69.3,
2025-12-22T18:11:11.345560,18.7,60.1,69.3,
2025-12-22T18:11:12.854099,2.8,60.2,69.3,
2025-12-22T18:11:18.736250,16.3,60.1,69.3,
2025-12-22T18:11:20.254624,1.4,60.1,69.3,
2025-12-22T18:11:26.119781,16.9,60.1,69.3,
2025-12-22T18:11:27.639025,2.1,60.2,69.3,
2025-12-22T18:11:33.539426,15.1,60.3,69.3,
2025-12-22T18:11:35.053050,1.6,60.2,69.3,
2025-12-22T18:11:40.905537,14.1,60.2,69.3,
2025-12-22T18:11:42.413983,1.4,60.3,69.3,
2025-12-22T18:11:48.257334,14.3,60.3,69.3,
2025-12-22T18:11:49.763354,0.8,60.3,69.3,
2025-12-22T18:11:55.616599,16.8,60.3,69.3,
2025-12-22T18:11:57.128692,0.8,60.3,69.3,
2025-12-22T18:12:00.844318,16.9,60.3,69.3,
2025-12-22T18:12:02.352227,1.3,60.3,69.3,
2025-12-22T18:12:03.860932,1.2,60.2,69.3,
2025-12-22T18:12:05.381496,0.8,60.3,69.3,
2025-12-22T18:12:06.887485,1.2,60.2,69.3,
2025-12-22T18:12:08.394628,1.4,60.2,69.3,
2025-12-22T18:12:09.903651,1.4,60.2,69.3,
2025-12-22T18:12:11.410574,0.8,60.2,69.3,
2025-12-22T18:12:12.928750,0.4,60.2,69.3,
2025-12-22T18:12:14.445944,1.2,60.2,69.3,
2025-12-22T18:12:18.114270,19.1,60.2,69.3,
2025-12-22T18:12:19.627915,1.0,60.1,69.3,
2025-12-22T18:12:25.493952,14.1,60.1,69.3,
2025-12-22T18:12:27.011509,1.6,60.1,69.3,
2025-12-22T18:12:32.885834,17.0,60.1,69.3,
2025-12-22T18:12:34.392766,3.7,60.1,69.3,
2025-12-22T18:12:40.263040,19.2,60.1,69.3,
2025-12-22T18:12:41.775061,1.4,60.1,69.3,
2025-12-22T18:12:47.668138,13.1,60.1,69.3,
2025-12-22T18:12:49.188272,0.2,60.1,69.3,
2025-12-22T18:12:55.033073,17.9,59.5,69.3,
2025-12-22T18:12:56.540667,0.8,59.5,69.3,
2025-12-22T18:13:02.461304,14.1,59.5,69.3,
2025-12-22T18:13:03.968007,1.6,59.5,69.3,
2025-12-22T18:13:09.886593,16.2,59.6,69.3,
2025-12-22T18:13:11.403494,0.8,59.6,69.3,
2025-12-22T18:13:17.289024,15.1,59.5,69.3,
2025-12-22T18:13:18.795714,3.0,59.6,69.3,
2025-12-22T18:13:24.684030,15.2,59.0,69.3,
2025-12-22T18:13:26.200190,0.8,59.0,69.3,
2025-12-22T18:13:32.055641,16.6,58.9,69.3,
2025-12-22T18:13:33.569340,1.6,58.9,69.3,
2025-12-22T18:13:39.466860,13.8,58.9,69.3,
2025-12-22T18:13:40.987200,2.3,58.8,69.3,
2025-12-22T18:13:46.859857,13.7,58.9,69.3,
2025-12-22T18:13:48.368072,3.0,58.9,69.3,
2025-12-22T18:13:54.237833,15.4,59.1,69.3,
2025-12-22T18:13:55.748202,0.4,59.1,69.3,
2025-12-22T18:14:01.649961,14.5,59.0,69.3,
2025-12-22T18:14:03.166729,0.8,59.0,69.3,
2025-12-22T18:14:09.056528,17.1,59.1,69.3,
2025-12-22T18:14:10.568531,3.5,59.2,69.3,
2025-12-22T18:14:16.518889,18.3,59.2,69.3,
2025-12-22T18:14:18.031928,2.0,59.2,69.3,
2025-12-22T18:14:23.902207,15.7,59.2,69.3,
2025-12-22T18:14:25.414731,1.2,59.3,69.3,
2025-12-22T18:14:31.282592,14.5,59.2,69.3,
2025-12-22T18:14:32.794432,3.5,59.7,69.3,
2025-12-22T18:14:38.702590,17.7,59.6,69.3,
2025-12-22T18:14:40.211311,1.0,59.5,69.3,
2025-12-22T18:14:46.069826,13.8,59.5,69.3,
2025-12-22T18:14:47.579104,0.4,59.5,69.3,
2025-12-22T18:14:53.424391,15.1,59.5,69.3,
2025-12-22T18:14:54.933743,0.2,59.5,69.3,
2025-12-22T18:14:58.654484,15.3,59.3,69.3,
2025-12-22T18:15:00.165104,1.2,59.3,69.3,
2025-12-22T18:15:03.639221,14.7,59.1,69.3,
2025-12-22T18:15:05.155057,0.4,59.1,69.3,
2025-12-22T18:15:11.058144,15.7,59.1,69.3,
2025-12-22T18:15:12.570086,3.4,59.0,69.3,
2025-12-22T18:15:18.536151,15.3,59.1,69.3,
2025-12-22T18:15:20.049815,1.0,59.0,69.3,
2025-12-22T18:15:25.950192,16.5,59.1,69.3,
2025-12-22T18:15:27.457212,2.2,59.1,69.3,
2025-12-22T18:15:33.391332,17.0,59.0,69.3,
2025-12-22T18:15:34.901076,1.6,59.1,69.3,
2025-12-22T18:15:40.841340,15.2,59.3,69.3,
2025-12-22T18:15:42.356013,1.0,59.3,69.3,
2025-12-22T18:15:48.190132,12.7,59.3,69.3,
2025-12-22T18:15:49.713343,0.0,59.4,69.3,
2025-12-22T18:15:55.577488,18.9,59.3,69.3,
2025-12-22T18:15:57.088872,3.3,59.3,69.3,
2025-12-22T18:16:02.923090,12.2,59.4,69.3,
2025-12-22T18:16:04.438050,3.5,59.4,69.3,
2025-12-22T18:16:10.313371,14.3,59.3,69.3,
2025-12-22T18:16:11.822432,0.6,59.3,69.3,
2025-12-22T18:16:17.722746,16.5,59.3,69.3,
2025-12-22T18:16:19.235772,1.6,59.3,69.3,
2025-12-22T18:16:25.111734,15.8,59.2,69.3,
2025-12-22T18:16:26.618987,3.7,59.3,69.3,
2025-12-22T18:16:32.499703,15.2,59.2,69.3,
2025-12-22T18:16:34.017421,3.1,59.2,69.3,
2025-12-22T18:16:39.850373,14.5,59.3,69.3,
2025-12-22T18:16:41.366422,0.8,59.3,69.3,
2025-12-22T18:16:47.219094,15.0,59.3,69.3,
2025-12-22T18:16:48.731420,4.0,59.3,69.3,
2025-12-22T18:16:54.659333,16.7,59.2,69.3,
2025-12-22T18:16:56.174165,2.0,59.2,69.3,
2025-12-22T18:17:02.079634,18.2,59.3,69.3,
2025-12-22T18:17:03.596385,1.2,59.3,69.3,
2025-12-22T18:17:09.503174,15.6,59.3,69.3,
2025-12-22T18:17:11.014244,0.6,59.3,69.3,
2025-12-22T18:17:16.861968,15.8,59.3,69.3,
2025-12-22T18:17:18.367726,1.4,59.3,69.3,
2025-12-22T18:17:24.213337,15.2,59.3,69.3,
2025-12-22T18:17:25.727851,0.2,59.3,69.3,
2025-12-22T18:17:31.613147,14.8,59.2,69.3,
2025-12-22T18:17:33.130167,0.2,59.2,69.3,
2025-12-22T18:17:38.996603,13.5,59.2,69.3,
2025-12-22T18:17:40.510419,6.7,59.3,69.3,
2025-12-22T18:17:46.388037,15.8,59.2,69.3,
2025-12-22T18:17:47.894789,2.9,59.2,69.3,
2025-12-22T18:17:53.794612,16.6,59.4,69.3,
2025-12-22T18:17:55.309661,2.3,59.7,69.3,
2025-12-22T18:17:58.990910,19.8,59.8,69.3,
2025-12-22T18:18:00.508640,1.6,59.7,69.3,
2025-12-22T18:18:04.042957,12.4,60.3,69.3,
2025-12-22T18:18:05.561292,7.6,60.2,69.3,
2025-12-22T18:18:11.497415,20.7,61.6,69.3,
2025-12-22T18:18:13.009885,10.9,61.8,69.3,
2025-12-22T18:18:18.943306,21.1,61.9,69.3,
2025-12-22T18:18:20.454273,7.1,61.4,69.3,
2025-12-22T18:18:26.435116,13.3,62.5,69.3,
2025-12-22T18:18:27.956189,3.5,62.4,69.3,
2025-12-22T18:18:33.898612,14.7,61.4,69.3,
2025-12-22T18:18:35.406961,3.9,61.5,69.3,
2025-12-22T18:18:41.342189,16.0,61.6,69.3,
2025-12-22T18:18:42.851124,7.0,61.7,69.3,
2025-12-22T18:18:48.821005,18.1,61.9,69.3,
2025-12-22T18:18:50.334218,6.5,62.1,69.3,
2025-12-22T18:18:56.218856,21.1,61.9,69.3,
2025-12-22T18:18:57.739491,6.2,61.8,69.3,
2025-12-22T18:19:03.634501,14.4,61.7,69.3,
2025-12-22T18:19:05.149983,0.0,61.7,69.3,
2025-12-22T18:19:11.064770,15.5,61.1,69.3,
2025-12-22T18:19:12.581409,0.4,61.0,69.3,
2025-12-22T18:19:18.546934,12.4,60.9,69.3,
2025-12-22T18:19:20.067724,0.4,61.0,69.3,
2025-12-22T18:19:25.950107,16.0,60.9,69.3,
2025-12-22T18:19:27.459977,0.0,60.9,69.3,
2025-12-22T18:19:33.384836,13.6,61.0,69.3,
2025-12-22T18:19:34.897560,0.4,61.0,69.3,
2025-12-22T18:19:40.792940,13.3,61.1,69.3,
2025-12-22T18:19:42.308397,0.4,61.2,69.3,
2025-12-22T18:19:48.220233,17.3,60.8,69.3,
2025-12-22T18:19:49.738064,1.8,60.7,69.3,
2025-12-22T18:19:55.655643,20.9,61.8,69.3,
2025-12-22T18:19:57.173069,6.5,61.8,69.3,
2025-12-22T18:20:03.080983,14.4,61.5,69.3,
2025-12-22T18:20:04.594539,1.4,61.5,69.3,
2025-12-22T18:20:10.515187,17.3,61.6,69.3,
2025-12-22T18:20:12.026942,1.4,60.9,69.3,
2025-12-22T18:20:17.945279,17.3,61.1,69.3,
2025-12-22T18:20:19.463234,0.4,60.6,69.3,
2025-12-22T18:20:25.399228,15.3,60.6,69.3,
2025-12-22T18:20:43.031951,16.2,65.6,69.4,
2025-12-22T18:20:44.553212,0.8,65.5,69.4,
2025-12-22T18:20:50.462979,17.1,65.0,69.4,
2025-12-22T18:20:51.974505,1.6,65.1,69.4,
2025-12-22T18:20:57.954402,14.9,65.1,69.4,
2025-12-22T18:20:59.466623,1.2,65.2,69.4,
2025-12-22T18:21:03.174277,14.0,65.0,69.4,
2025-12-22T18:21:04.688620,1.7,65.0,69.4,
2025-12-22T18:21:08.231615,14.2,65.0,69.4,
2025-12-22T18:21:09.745554,0.2,64.9,69.4,
2025-12-22T18:21:15.656393,14.4,64.9,69.4,
2025-12-22T18:21:17.164592,0.4,64.9,69.4,
2025-12-22T18:21:23.129792,11.5,64.8,69.4,
2025-12-22T18:21:24.648707,0.8,64.8,69.4,
2025-12-22T18:21:30.536590,13.9,64.9,69.4,
2025-12-22T18:21:32.048689,1.0,64.9,69.4,
2025-12-22T18:21:37.963061,14.0,61.3,69.3,
2025-12-22T18:21:39.470420,0.8,61.4,69.3,
2025-12-22T18:21:45.387383,12.7,61.4,69.3,
2025-12-22T18:21:46.902937,1.0,61.4,69.3,
2025-12-22T18:21:52.821407,15.2,61.5,69.3,
2025-12-22T18:21:54.335433,2.7,61.5,69.3,
2025-12-22T18:22:00.249004,12.7,61.3,69.3,
2025-12-22T18:22:01.767341,1.4,61.3,69.3,
2025-12-22T18:22:07.654281,15.4,61.1,69.3,
2025-12-22T18:22:09.166649,1.6,61.1,69.3,
2025-12-22T18:22:15.086884,13.6,60.8,69.3,
2025-12-22T18:22:16.597928,1.6,60.8,69.3,
2025-12-22T18:22:22.529994,17.0,60.8,69.3,
2025-12-22T18:22:24.047081,1.4,60.9,69.3,
2025-12-22T18:22:29.931534,17.1,60.9,69.3,
2025-12-22T18:22:31.439137,2.2,60.9,69.3,
2025-12-22T18:22:37.337869,18.0,61.2,69.3,
2025-12-22T18:22:38.851828,0.8,61.0,69.3,
2025-12-22T18:22:44.771808,15.3,61.4,69.3,
2025-12-22T18:22:46.276975,0.8,61.4,69.3,
2025-12-22T18:22:52.195124,15.4,61.5,69.3,
2025-12-22T18:22:53.706545,1.0,61.5,69.3,
2025-12-22T18:22:59.609771,13.4,61.4,69.3,
2025-12-22T18:23:01.126239,3.1,61.4,69.3,
2025-12-22T18:23:06.995269,15.7,61.5,69.3,
2025-12-22T18:23:08.507671,1.6,61.4,69.3,
2025-12-22T18:23:14.407302,17.1,61.5,69.3,
2025-12-22T18:23:15.927880,1.8,61.5,69.3,
2025-12-22T18:23:21.841152,14.3,61.4,69.3,
2025-12-22T18:23:23.355674,0.8,61.4,69.3,
2025-12-22T18:23:29.255211,18.1,61.5,69.3,
2025-12-22T18:23:30.773809,1.4,61.5,69.3,
2025-12-22T18:23:36.646778,16.9,61.4,69.3,
2025-12-22T18:23:38.161378,3.3,61.4,69.3,
2025-12-22T18:23:44.055601,16.4,61.5,69.3,
2025-12-22T18:23:45.568568,1.0,61.5,69.3,
2025-12-22T18:23:51.450343,17.7,61.6,69.3,
2025-12-22T18:23:52.961182,0.6,61.6,69.3,
2025-12-22T18:23:56.635436,16.8,61.7,69.3,
2025-12-22T18:23:58.156560,0.4,61.7,69.3,
2025-12-22T18:23:59.671430,3.3,61.6,69.3,
2025-12-22T18:24:02.846725,13.5,61.6,69.3,
2025-12-22T18:24:04.354358,1.2,61.7,69.3,
2025-12-22T18:24:10.299080,15.7,61.6,69.3,
2025-12-22T18:24:11.819597,2.2,61.6,69.3,
2025-12-22T18:24:17.774164,14.9,61.6,69.3,
2025-12-22T18:24:19.284181,0.4,61.7,69.3,
2025-12-22T18:24:25.178957,16.1,61.7,69.3,
2025-12-22T18:24:26.700258,0.2,61.6,69.3,
2025-12-22T18:24:32.590599,16.8,61.6,69.3,
2025-12-22T18:24:34.099305,0.4,61.6,69.3,
2025-12-22T18:24:39.976231,15.5,61.7,69.3,
2025-12-22T18:24:41.482566,0.4,61.7,69.3,
2025-12-22T18:24:47.332605,15.1,61.7,69.3,
2025-12-22T18:24:48.849460,0.2,61.7,69.3,
2025-12-22T18:24:54.695152,13.0,61.6,69.3,
2025-12-22T18:24:56.213556,1.6,61.7,69.3,
2025-12-22T18:25:02.128957,15.6,61.7,69.3,
2025-12-22T18:25:03.642700,1.0,61.7,69.3,
2025-12-22T18:25:09.505926,13.5,62.0,69.3,
2025-12-22T18:25:11.024809,0.8,62.0,69.3,
2025-12-22T18:25:16.904329,17.0,62.0,69.3,
2025-12-22T18:25:18.412865,0.6,62.0,69.3,
2025-12-22T18:25:24.292836,13.7,62.0,69.3,
2025-12-22T18:25:25.809671,0.2,62.0,69.3,
2025-12-22T18:25:31.641539,16.0,62.0,69.3,
2025-12-22T18:25:33.153156,0.2,62.0,69.3,
2025-12-22T18:25:39.044683,16.8,61.7,69.3,
2025-12-22T18:25:40.554170,0.2,61.7,69.3,
2025-12-22T18:25:46.382870,13.0,61.7,69.3,
2025-12-22T18:25:47.891648,0.4,61.7,69.3,
2025-12-22T18:25:53.786403,15.5,61.9,69.3,
2025-12-22T18:25:55.308251,1.0,61.9,69.3,
2025-12-22T18:26:01.197804,15.9,61.4,69.3,
2025-12-22T18:26:02.704750,0.2,61.3,69.3,
2025-12-22T18:26:08.661568,15.3,61.4,69.3,
2025-12-22T18:26:10.183023,0.0,61.4,69.3,
2025-12-22T18:26:16.051924,14.1,61.3,69.3,
2025-12-22T18:26:17.571206,3.1,61.3,69.3,
2025-12-22T18:26:23.462755,21.1,61.4,69.3,
2025-12-22T18:26:24.969503,2.7,61.5,69.3,
2025-12-22T18:26:30.937923,12.2,61.4,69.3,
2025-12-22T18:26:32.449670,0.6,61.4,69.3,
2025-12-22T18:26:38.361162,19.9,62.2,69.3,
2025-12-22T18:26:39.876903,6.7,62.2,69.3,
2025-12-22T18:26:45.802917,17.9,62.2,69.3,
2025-12-22T18:26:47.317373,0.0,62.2,69.3,
2025-12-22T18:26:53.246346,13.4,62.0,69.3,
2025-12-22T18:26:54.769224,0.4,62.0,69.3,
2025-12-22T18:26:58.545474,11.9,61.1,69.3,
2025-12-22T18:27:00.067583,1.6,61.2,69.3,
2025-12-22T18:27:03.616567,12.8,61.2,69.3,
2025-12-22T18:27:05.138360,0.0,61.2,69.3,
2025-12-22T18:27:11.053400,14.7,61.1,69.3,
2025-12-22T18:27:12.562062,0.2,61.1,69.3,
2025-12-22T18:27:18.478017,12.1,61.1,69.3,
2025-12-22T18:27:19.984799,0.0,61.1,69.3,
2025-12-22T18:27:25.901091,15.8,61.3,69.3,
2025-12-22T18:27:27.420441,0.2,61.3,69.3,
2025-12-22T18:27:33.352502,16.9,61.3,69.3,
2025-12-22T18:27:34.864042,0.8,61.3,69.3,
2025-12-22T18:27:40.753588,22.6,61.4,69.3,
2025-12-23T09:14:11.479275,12.0,58.1,69.2,
2025-12-23T09:14:12.998575,0.8,58.1,69.2,
2025-12-23T09:14:18.909647,15.0,58.1,69.2,
2025-12-23T09:14:20.418846,1.8,58.1,69.2,
2025-12-23T09:14:26.297332,15.6,57.7,69.2,
2025-12-23T09:14:27.818087,1.4,57.7,69.2,
2025-12-23T09:14:33.692613,12.9,57.7,69.2,
2025-12-23T09:14:35.199414,2.5,57.7,69.2,
2025-12-23T09:14:41.099320,14.4,57.6,69.2,
2025-12-23T09:14:42.618595,0.8,57.7,69.2,
2025-12-23T09:14:48.515959,14.1,57.6,69.2,
2025-12-23T09:14:50.033699,0.2,57.5,69.2,
2025-12-23T09:14:55.926965,11.4,57.5,69.2,
2025-12-23T09:14:57.450557,0.4,57.5,69.2,
2025-12-23T09:15:03.339838,14.6,53.5,69.2,
2025-12-23T09:15:04.858819,0.4,53.5,69.2,
2025-12-23T09:15:10.739072,13.6,53.4,69.2,
2025-12-23T09:15:12.248477,1.2,53.4,69.2,
2025-12-23T09:15:15.964551,10.7,53.4,69.2,
2025-12-23T09:15:17.481325,0.2,53.4,69.2,
2025-12-23T09:15:19.002999,1.0,53.4,69.2,
2025-12-23T09:15:21.683127,15.6,53.4,69.2,
2025-12-23T09:15:23.195594,1.0,53.4,69.2,
2025-12-23T09:15:29.102762,14.9,53.4,69.2,
2025-12-23T09:15:30.612412,1.4,53.4,69.2,
2025-12-23T09:15:36.512637,15.5,52.6,69.2,
2025-12-23T09:15:38.031080,0.6,52.5,69.2,
2025-12-23T09:15:43.871879,14.9,52.5,69.2,
2025-12-23T09:15:45.392671,1.0,52.5,69.2,
2025-12-23T09:15:51.268576,13.9,52.6,69.2,
2025-12-23T09:15:52.777739,0.8,52.7,69.2,
2025-12-23T09:15:58.696672,14.9,52.5,69.2,
2025-12-23T09:16:00.203623,0.4,52.4,69.2,
2025-12-23T09:16:06.095823,14.5,52.5,69.2,
2025-12-23T09:16:07.611384,1.6,52.5,69.2,
2025-12-23T09:16:13.525405,14.4,52.6,69.2,
2025-12-23T09:16:15.041536,1.4,52.6,69.2,
2025-12-23T09:16:20.923653,13.2,52.7,69.2,
2025-12-23T09:16:22.439951,1.8,52.7,69.2,
2025-12-23T09:16:28.309189,13.3,52.7,69.2,
2025-12-23T09:16:29.830069,1.0,52.7,69.2,
2025-12-23T09:16:35.711361,14.1,52.6,69.2,
2025-12-23T09:16:37.236153,1.0,52.6,69.2,
2025-12-23T09:16:43.106949,13.1,52.4,69.2,
2025-12-23T09:16:44.615545,1.4,52.4,69.2,
2025-12-23T09:16:50.512363,13.5,52.4,69.2,
2025-12-23T09:16:52.031690,1.0,52.3,69.2,
2025-12-23T09:16:57.889565,9.8,52.3,69.2,
2025-12-23T09:16:59.402511,3.8,52.4,69.2,
2025-12-23T09:17:05.250683,12.8,52.4,69.2,
2025-12-23T09:17:06.768967,1.4,52.4,69.2,
2025-12-23T09:17:12.624060,12.2,52.4,69.2,
2025-12-23T09:17:14.134130,1.0,52.3,69.2,
2025-12-23T09:17:20.000676,12.3,52.3,69.2,
2025-12-23T09:17:21.513272,1.6,52.3,69.2,
2025-12-23T09:17:27.393717,14.1,52.2,69.2,
2025-12-23T09:17:28.906768,0.6,52.3,69.2,
2025-12-23T09:17:34.722247,13.7,52.3,69.2,
2025-12-23T09:17:36.232437,1.0,52.3,69.2,
2025-12-23T09:17:42.052959,12.5,52.4,69.2,
2025-12-23T09:17:43.566373,2.1,52.4,69.2,
2025-12-23T09:17:49.404580,11.7,52.4,69.2,
2025-12-23T09:17:50.924534,2.3,52.4,69.2,
2025-12-23T09:17:56.774441,13.9,52.5,69.2,
2025-12-23T09:17:58.296274,1.8,52.5,69.2,
2025-12-23T09:18:04.168554,12.2,52.4,69.2,
2025-12-23T09:18:05.694041,1.2,52.4,69.2,
2025-12-23T09:18:11.596165,15.2,52.3,69.2,
2025-12-23T09:18:13.110174,2.5,52.3,69.2,
2025-12-23T09:18:16.829384,12.7,52.5,69.2,
2025-12-23T09:18:18.343293,1.2,52.5,69.2,
2025-12-23T09:18:21.990738,13.2,53.3,69.2,
2025-12-23T09:18:23.504541,5.3,54.0,69.2,
2025-12-23T09:18:29.364091,15.5,55.6,69.2,
2025-12-23T09:18:30.873841,0.2,55.6,69.2,
2025-12-23T09:18:36.782924,16.0,55.8,69.2,
2025-12-23T09:18:38.292258,7.4,55.3,69.2,
2025-12-23T09:18:44.188360,17.2,55.3,69.2,
2025-12-23T09:18:45.706578,6.4,55.3,69.2,
2025-12-23T09:18:51.612222,12.2,55.3,69.2,
2025-12-23T09:18:53.129972,0.6,55.3,69.2,
2025-12-23T09:18:59.012796,15.9,54.4,69.2,
2025-12-23T09:19:00.519419,5.0,54.4,69.2,
2025-12-23T09:19:06.454615,14.6,54.5,69.2,
2025-12-23T09:19:07.967962,4.7,54.5,69.2,
2025-12-23T09:19:13.846623,16.8,54.8,69.2,
2025-12-23T09:19:15.354129,1.0,54.9,69.2,
2025-12-23T09:19:21.212958,10.0,54.9,69.2,
2025-12-23T09:19:22.733060,0.4,54.9,69.2,
2025-12-23T09:19:28.609696,14.8,54.8,69.2,
2025-12-23T09:19:30.119238,0.2,54.8,69.2,
2025-12-23T09:19:36.007200,13.6,54.8,69.2,
2025-12-23T09:19:37.528489,2.0,54.8,69.2,
2025-12-23T09:19:43.428569,17.0,54.8,69.2,
2025-12-23T09:19:44.936386,8.3,55.1,69.2,
2025-12-23T09:19:50.883294,13.5,55.2,69.2,
2025-12-23T09:19:52.401071,0.2,55.3,69.2,
2025-12-23T09:19:58.284713,12.1,55.3,69.2,
2025-12-23T09:19:59.797203,0.0,55.3,69.2,
2025-12-23T09:20:05.689506,13.6,55.1,69.2,
2025-12-23T09:20:07.195582,1.4,55.1,69.2,
2025-12-23T09:20:13.103786,14.6,55.2,69.2,
2025-12-23T09:20:14.613698,1.9,54.9,69.2,
2025-12-23T09:20:20.462472,13.9,54.9,69.2,
2025-12-23T09:20:21.979786,1.0,54.9,69.2,
2025-12-23T09:20:27.873113,13.6,54.9,69.2,
2025-12-23T09:20:29.380332,0.2,54.9,69.2,
2025-12-23T09:20:35.194826,12.7,54.9,69.2,
2025-12-23T09:20:36.720245,0.2,54.8,69.2,
2025-12-23T09:20:42.558426,12.4,54.9,69.2,
2025-12-23T09:20:44.075858,1.6,54.9,69.2,
2025-12-23T09:20:49.910668,16.3,54.9,69.2,
2025-12-23T09:20:51.418673,3.3,54.9,69.2,
2025-12-23T09:20:57.267017,14.8,54.9,69.2,
2025-12-23T09:20:58.790573,1.4,54.9,69.2,
2025-12-23T09:21:04.627354,14.3,54.8,69.2,
2025-12-23T09:21:06.143094,0.6,54.8,69.2,
2025-12-23T09:21:12.015020,14.4,54.8,69.2,
2025-12-23T09:21:13.533191,0.2,54.8,69.2,
2025-12-23T09:21:17.245207,12.2,54.8,69.2,
2025-12-23T09:21:18.764706,2.5,54.8,69.2,
2025-12-23T09:21:20.274549,0.8,54.8,69.2,
2025-12-23T09:21:21.782429,0.4,54.8,69.2,
2025-12-23T09:21:23.291628,1.7,54.8,69.2,
2025-12-23T09:21:24.797203,0.4,54.8,69.2,
2025-12-23T09:21:26.314100,0.0,54.8,69.2,
2025-12-23T09:21:29.897017,15.5,54.8,69.2,
2025-12-23T09:21:31.407117,0.6,54.8,69.2,
2025-12-23T09:21:37.304200,27.5,54.3,69.2,
2025-12-23T09:21:38.813868,0.4,54.3,69.2,
2025-12-23T09:21:44.719815,16.1,54.3,69.2,
2025-12-23T09:21:46.238284,1.6,54.3,69.2,
2025-12-23T09:21:52.107472,13.1,54.4,69.2,
2025-12-23T09:21:53.624643,1.0,54.4,69.2,
2025-12-23T09:21:59.481352,14.2,54.5,69.2,
2025-12-23T09:22:01.001169,0.4,54.5,69.2,
2025-12-23T09:22:06.917747,13.9,54.4,69.2,
2025-12-23T09:22:08.436675,1.0,54.4,69.2,
2025-12-23T09:22:14.270414,11.5,54.5,69.2,
2025-12-23T09:22:15.785751,0.2,54.4,69.2,
2025-12-23T09:22:21.706569,14.0,54.5,69.2,
2025-12-23T09:22:23.218593,0.0,54.4,69.2,
2025-12-23T09:22:29.085045,12.2,54.4,69.2,
2025-12-23T09:22:30.599093,2.9,54.4,69.2,
2025-12-23T09:22:36.459184,12.2,54.4,69.2,
2025-12-23T09:22:37.969799,0.6,54.4,69.2,
2025-12-23T09:22:43.822806,16.1,54.4,69.2,
2025-12-23T09:22:45.331327,0.0,54.4,69.2,
2025-12-23T09:22:51.234096,15.0,54.5,69.2,
2025-12-23T09:22:52.749646,2.9,54.5,69.2,
2025-12-23T09:22:58.600054,15.4,54.5,69.2,
2025-12-23T09:23:00.113136,2.2,54.5,69.2,
2025-12-23T09:23:05.979833,14.6,54.5,69.2,
2025-12-23T09:23:07.486742,0.0,54.6,69.2,
2025-12-23T09:23:13.389437,12.2,54.5,69.2,
2025-12-23T09:23:14.907129,0.0,54.5,69.2,
2025-12-23T09:23:20.827541,17.5,55.0,69.2,
2025-12-23T09:23:22.344301,2.2,55.3,69.2,
2025-12-23T09:23:28.188587,13.3,55.2,69.2,
2025-12-23T09:23:29.704645,0.0,55.2,69.2,
2025-12-23T09:23:35.624375,11.7,55.2,69.2,
2025-12-23T09:23:37.141862,1.8,55.2,69.2,
2025-12-23T09:23:42.985018,16.9,55.1,69.2,
2025-12-23T09:23:44.500004,4.1,55.1,69.2,
2025-12-23T09:23:50.428726,14.2,54.9,69.2,
2025-12-23T09:23:51.937563,4.7,55.0,69.2,
2025-12-23T09:23:57.781326,12.6,54.9,69.2,
2025-12-23T09:23:59.290765,3.3,55.0,69.2,
2025-12-23T09:24:05.231018,14.3,55.0,69.2,
2025-12-23T09:24:06.738830,1.9,54.9,69.2,
2025-12-23T09:24:12.627257,14.1,54.9,69.2,
2025-12-23T09:24:14.135643,0.6,54.8,69.2,
2025-12-23T09:24:17.855603,13.3,54.8,69.2,
2025-12-23T09:24:19.363355,0.6,54.9,69.2,
2025-12-23T09:24:22.940981,12.0,54.9,69.2,
2025-12-23T09:24:24.453326,0.6,54.9,69.2,
2025-12-23T09:24:30.335017,11.5,54.9,69.2,
2025-12-23T09:24:31.855614,0.8,55.0,69.2,
2025-12-23T09:24:37.740967,14.1,54.9,69.2,
2025-12-23T09:24:39.251163,0.0,54.9,69.2,
2025-12-23T09:24:45.129492,12.3,54.9,69.2,
2025-12-23T09:24:46.642413,0.2,54.9,69.2,
2025-12-23T09:24:52.536574,12.5,54.8,69.2,
2025-12-23T09:24:54.047907,0.2,54.8,69.2,
2025-12-23T09:24:59.935748,12.4,54.7,69.2,
2025-12-23T09:25:01.454857,0.0,54.7,69.2,
2025-12-23T09:25:07.359057,12.7,54.8,69.2,
2025-12-23T09:25:08.875427,0.0,54.8,69.2,
2025-12-23T09:25:14.776293,11.1,54.8,69.2,
2025-12-23T09:25:16.299080,0.4,54.8,69.2,
2025-12-23T09:25:22.221719,11.3,54.7,69.2,
2025-12-23T09:25:23.736309,0.0,54.7,69.2,
2025-12-23T09:25:29.651350,13.9,54.7,69.2,
2025-12-23T09:25:31.174919,0.0,54.7,69.2,
2025-12-23T09:25:37.050735,10.1,54.7,69.2,
2025-12-23T09:25:38.565322,0.2,54.7,69.2,
2025-12-23T09:25:44.449010,13.1,54.7,69.2,
2025-12-23T09:25:45.962688,0.6,54.7,69.2,
2025-12-23T09:25:51.834657,13.0,54.7,69.2,
2025-12-23T09:25:53.344999,0.2,54.7,69.2,
2025-12-23T09:25:59.237681,14.8,54.7,69.2,
2025-12-23T09:26:00.758019,1.4,54.7,69.2,
2025-12-23T09:26:06.597560,14.1,54.7,69.2,
2025-12-23T09:26:08.107793,0.8,54.7,69.2,
2025-12-23T09:26:13.987259,15.6,54.7,69.2,
2025-12-23T09:26:15.493254,0.8,54.7,69.2,
2025-12-23T09:26:21.376405,12.1,54.6,69.2,
2025-12-23T09:26:22.891229,0.0,54.7,69.2,
2025-12-23T09:26:28.766898,14.0,54.6,69.2,
2025-12-23T09:26:30.282137,0.2,54.6,69.2,
2025-12-23T09:26:36.122882,15.9,54.6,69.2,
2025-12-23T09:26:37.642293,0.0,54.7,69.2,
2025-12-23T09:26:43.519279,12.1,54.6,69.2,
2025-12-23T09:26:45.030976,0.4,54.6,69.2,
2025-12-23T09:26:50.957450,13.3,55.0,69.2,
2025-12-23T09:26:52.474418,0.4,55.1,69.2,
2025-12-23T09:26:58.330711,17.4,55.1,69.2,
2025-12-23T09:26:59.839756,1.6,55.1,69.2,
2025-12-23T09:27:05.680107,9.5,55.2,69.2,
2025-12-23T09:27:07.186990,1.0,55.1,69.2,
2025-12-23T09:27:13.100894,16.0,55.0,69.2,
2025-12-23T09:27:14.606406,1.8,55.0,69.2,
2025-12-23T09:27:26.983734,11.5,59.1,69.2,
2025-12-23T09:27:28.492814,2.8,59.1,69.2,
2025-12-23T09:27:32.204348,12.2,59.1,69.2,
2025-12-23T09:27:33.720187,0.0,59.0,69.2,
2025-12-23T09:27:37.400872,12.4,59.0,69.2,
2025-12-23T09:27:38.918985,1.0,59.1,69.2,
2025-12-23T09:27:42.623225,14.1,59.0,69.2,
2025-12-23T09:27:44.141305,2.0,59.0,69.2,
2025-12-23T09:27:45.658828,1.6,59.0,69.2,
2025-12-23T09:27:47.174934,1.8,58.9,69.2,
2025-12-23T09:27:50.786115,12.9,58.9,69.2,
2025-12-23T09:27:52.298523,0.6,58.9,69.2,
2025-12-23T09:27:55.993489,12.5,58.9,69.2,
2025-12-23T09:27:57.499999,1.4,58.9,69.2,
2025-12-23T09:28:01.204458,13.4,58.8,69.2,
2025-12-23T09:28:02.717316,1.6,58.9,69.2,
2025-12-23T09:28:06.392179,11.5,58.8,69.2,
2025-12-23T09:28:07.898209,1.2,58.9,69.2,
2025-12-23T09:28:11.611635,10.9,58.9,69.2,
2025-12-23T09:28:13.131174,0.6,58.8,69.2,
2025-12-23T09:28:16.822912,12.8,58.8,69.2,
2025-12-23T09:28:18.332047,2.0,58.8,69.2,
2025-12-23T09:28:22.028509,11.7,54.8,69.2,
2025-12-23T09:28:23.548201,1.2,54.8,69.2,
2025-12-23T09:28:27.227898,14.2,54.8,69.2,
2025-12-23T09:28:28.746866,0.6,54.7,69.2,
2025-12-23T09:28:32.424058,12.2,54.7,69.2,
2025-12-23T09:28:33.930396,0.8,54.7,69.2,
2025-12-23T09:28:37.656036,14.3,54.8,69.2,
2025-12-23T09:28:39.162021,1.4,54.7,69.2,
2025-12-23T09:28:42.865297,13.3,54.7,69.2,
2025-12-23T09:28:44.377094,1.0,54.7,69.2,
2025-12-23T09:28:48.084568,14.8,54.7,69.2,
2025-12-23T09:28:49.594198,1.4,55.2,69.2,
2025-12-23T09:28:53.263162,11.0,55.2,69.2,
2025-12-23T09:28:54.778105,1.2,55.2,69.2,
2025-12-23T09:28:58.500263,13.7,55.2,69.2,
2025-12-23T09:29:00.009509,2.2,55.2,69.2,
2025-12-23T09:29:03.706178,11.8,55.2,69.2,
2025-12-23T09:29:05.226701,2.2,55.2,69.2,
2025-12-23T09:29:08.906840,14.0,55.2,69.2,
2025-12-23T09:29:10.425113,1.0,55.2,69.2,
2025-12-23T09:29:14.080978,13.8,55.2,69.2,
2025-12-23T09:29:15.591145,0.8,55.2,69.2,
2025-12-23T09:29:19.297593,15.3,55.2,69.2,
2025-12-23T09:29:20.808385,0.4,55.2,69.2,
2025-12-23T09:29:24.481880,15.0,55.1,69.2,
2025-12-23T09:29:25.991456,0.8,55.1,69.2,
2025-12-23T09:29:29.656390,12.9,55.1,69.2,
2025-12-23T09:29:31.174135,1.0,55.1,69.2,
2025-12-23T09:29:34.850247,13.7,55.0,69.2,
2025-12-23T09:29:36.357897,1.0,55.0,69.2,
2025-12-23T09:29:40.065145,11.9,55.1,69.2,
2025-12-23T09:29:41.572530,1.2,55.1,69.2,
2025-12-23T09:29:45.276025,10.1,55.1,69.2,
2025-12-23T09:29:46.788856,1.0,55.1,69.2,
2025-12-23T09:29:50.474668,11.7,54.8,69.2,
2025-12-23T09:29:51.989029,0.6,54.8,69.2,
2025-12-23T09:29:55.669160,11.5,54.8,69.2,
2025-12-23T09:29:57.186422,1.6,54.8,69.2,
2025-12-23T09:30:00.864061,14.9,54.8,69.2,
2025-12-23T09:30:02.370168,1.8,54.8,69.2,
2025-12-23T09:30:06.099955,9.4,54.7,69.2,
2025-12-23T09:32:32.905531,12.8,59.9,69.3,
2025-12-23T09:32:34.419079,2.7,60.0,69.3,
2025-12-23T09:32:38.119698,13.4,60.0,69.3,
2025-12-23T09:32:39.628623,1.0,60.0,69.3,
2025-12-23T09:32:43.308339,9.4,59.9,69.3,
2025-12-23T09:32:44.829501,0.2,59.9,69.3,
2025-12-23T09:32:48.519502,11.8,59.9,69.3,
2025-12-23T09:32:50.032987,0.4,59.8,69.3,
2025-12-23T09:32:53.726311,12.5,59.9,69.3,
2025-12-23T09:32:55.234439,0.4,59.9,69.3,
2025-12-23T09:32:58.928168,13.6,59.8,69.3,
2025-12-23T09:33:00.450093,0.8,59.8,69.3,
2025-12-23T09:33:04.107669,13.7,59.9,69.3,
2025-12-23T09:33:05.617037,0.0,59.9,69.3,
2025-12-23T09:33:09.307092,10.4,59.9,69.3,
2025-12-23T09:33:10.816137,0.4,59.9,69.3,
2025-12-23T09:33:12.326439,0.2,59.9,69.3,
2025-12-23T09:33:13.848548,0.0,59.9,69.3,
2025-12-23T09:33:15.360326,2.0,59.9,69.3,
2025-12-23T09:33:18.078809,13.9,60.0,69.3,
2025-12-23T09:33:19.601199,0.4,59.9,69.3,
2025-12-23T09:33:23.263661,12.0,56.0,69.2,
2025-12-23T09:33:24.781223,0.2,55.9,69.2,
2025-12-23T09:33:28.413348,12.4,55.9,69.2,
2025-12-23T09:33:29.923067,0.2,55.9,69.2,
2025-12-23T09:33:33.615433,11.7,55.9,69.2,
2025-12-23T09:33:35.127675,0.0,55.5,69.2,
2025-12-23T09:33:38.806180,11.8,55.5,69.2,
2025-12-23T09:33:40.328837,0.4,55.5,69.2,
2025-12-23T09:33:44.006049,12.6,55.4,69.2,
2025-12-23T09:33:45.515706,0.8,55.4,69.2,
2025-12-23T09:33:49.194423,10.7,55.4,69.2,
2025-12-23T09:33:50.703887,2.4,55.8,69.2,
2025-12-23T09:33:54.357043,10.2,55.8,69.2,
2025-12-23T09:33:55.879026,0.0,55.8,69.2,
2025-12-23T09:33:59.539814,11.9,55.8,69.2,
2025-12-23T09:34:01.058377,0.8,55.2,69.2,
2025-12-23T09:34:04.763419,10.7,55.1,69.2,
2025-12-23T09:34:06.281574,0.8,55.1,69.2,
2025-12-23T09:34:09.958851,10.7,55.0,69.2,
2025-12-23T09:34:11.468891,0.0,55.0,69.2,
2025-12-23T09:34:15.181696,12.6,55.0,69.2,
2025-12-23T09:34:16.688872,0.0,55.0,69.2,
2025-12-23T09:34:20.356497,10.6,54.7,69.2,
2025-12-23T09:34:21.877378,0.0,54.7,69.2,
2025-12-23T09:34:25.560000,12.1,54.7,69.2,
2025-12-23T09:34:27.096491,0.4,54.7,69.2,
2025-12-23T09:34:30.755278,10.9,54.7,69.2,
2025-12-23T09:34:32.267513,0.0,54.7,69.2,
2025-12-23T09:34:35.971615,12.0,54.7,69.2,
2025-12-23T09:34:37.486578,0.4,54.8,69.2,
2025-12-23T09:34:41.184508,10.5,54.7,69.2,
2025-12-23T09:34:42.702245,0.0,54.7,69.2,
2025-12-23T09:34:46.378268,13.2,54.7,69.2,
2025-12-23T09:34:47.891536,0.2,54.7,69.2,
2025-12-23T09:34:51.608335,11.2,54.7,69.2,
2025-12-23T09:34:53.120103,0.6,54.7,69.2,
2025-12-23T09:34:56.766272,12.1,54.7,69.2,
2025-12-23T09:34:58.283212,0.2,54.7,69.2,
2025-12-23T09:35:01.936807,11.8,54.7,69.2,
2025-12-23T09:35:03.453021,0.4,54.7,69.2,
2025-12-23T09:35:07.105687,10.5,54.7,69.2,
2025-12-23T09:35:08.620392,1.2,54.7,69.2,
2025-12-23T09:35:12.300526,11.5,54.7,69.2,
2025-12-23T09:35:13.814348,1.2,54.7,69.2,
2025-12-23T09:35:17.519836,12.1,54.7,69.2,
2025-12-23T09:35:19.032496,2.2,54.6,69.2,
2025-12-23T09:35:22.693331,14.0,54.4,69.2,
2025-12-23T09:35:24.201521,1.4,54.5,69.2,
2025-12-23T09:35:27.884991,10.8,54.5,69.2,
2025-12-23T09:45:30.831127,11.5,59.0,69.3,
2025-12-23T09:45:32.346336,4.7,59.0,69.3,
2025-12-23T09:45:33.855672,0.2,59.1,69.3,
2025-12-23T09:45:35.377492,0.6,59.1,69.3,
2025-12-23T09:45:36.892706,5.3,58.2,69.3,
2025-12-23T09:45:38.408380,0.2,56.8,69.3,
2025-12-23T09:45:39.924441,0.2,56.8,69.3,
2025-12-23T09:45:41.440808,0.2,56.8,69.3,
2025-12-23T09:45:42.953528,0.2,56.9,69.3,
2025-12-23T09:45:44.470032,1.4,56.9,69.3,
2025-12-23T09:45:45.988326,0.2,56.9,69.3,
2025-12-23T09:45:47.516472,1.6,56.9,69.3,
2025-12-23T09:45:49.032370,0.2,56.8,69.3,
2025-12-23T09:45:50.545735,0.4,56.8,69.3,
2025-12-23T09:45:52.055343,1.2,56.8,69.3,
2025-12-23T09:45:53.566335,3.8,56.8,69.3,
2025-12-23T09:45:55.075289,0.6,56.8,69.3,
2025-12-23T09:45:56.586087,0.6,56.8,69.3,
2025-12-23T09:45:58.095520,0.0,56.8,69.3,
2025-12-23T09:45:59.611608,0.2,56.8,69.3,
2025-12-23T09:46:01.125600,0.6,56.8,69.3,
2025-12-23T09:46:02.641734,0.4,56.8,69.3,
2025-12-23T09:46:04.156300,0.4,56.8,69.3,
2025-12-23T09:46:05.672334,0.6,56.8,69.3,
2025-12-23T09:46:07.184452,0.2,56.8,69.3,
2025-12-23T09:46:08.706417,0.2,56.8,69.3,
2025-12-23T09:46:10.219521,0.4,56.8,69.3,
2025-12-23T09:46:11.734316,1.6,56.8,69.3,
2025-12-23T09:46:13.241512,4.3,56.8,69.3,
2025-12-23T09:46:14.752107,0.0,56.8,69.3,
2025-12-23T09:46:16.268220,0.6,52.8,69.2,
2025-12-23T09:46:17.785156,0.0,52.8,69.2,
2025-12-23T09:46:19.298287,1.0,52.7,69.2,
2025-12-23T09:46:20.817243,1.2,52.7,69.2,
2025-12-23T09:46:22.328702,0.2,52.7,69.2,
2025-12-23T09:46:43.241190,12.8,57.2,69.3,
2025-12-23T09:46:44.747482,2.9,57.2,69.3,
2025-12-23T09:46:48.427885,12.1,57.3,69.3,
2025-12-23T09:46:49.939303,1.8,57.3,69.3,
2025-12-23T09:46:53.645855,10.3,57.3,69.3,
2025-12-23T09:46:55.155567,1.0,57.3,69.3,
2025-12-23T09:46:58.863856,12.0,57.2,69.3,
2025-12-23T09:47:00.377743,0.6,57.2,69.3,
2025-12-23T09:47:04.094808,13.5,57.4,69.3,
2025-12-23T09:47:05.613156,2.5,57.2,69.3,
2025-12-23T09:47:09.297900,13.6,57.1,69.3,
2025-12-23T09:47:10.809692,0.6,57.1,69.3,
2025-12-23T09:47:14.485044,11.6,57.2,69.3,
2025-12-23T09:47:15.994039,1.4,57.1,69.3,
2025-12-23T09:47:19.672997,13.0,57.1,69.3,
2025-12-23T09:47:21.194234,1.9,57.1,69.3,
2025-12-23T09:47:24.881787,13.7,57.2,69.3,
2025-12-23T09:47:26.394416,2.2,57.2,69.3,
2025-12-23T09:47:30.064668,10.8,57.2,69.3,
2025-12-23T09:47:31.579321,1.2,57.2,69.3,
2025-12-23T09:47:35.248650,12.0,57.2,69.3,
2025-12-23T09:47:36.756157,1.0,53.3,69.2,
2025-12-23T09:47:40.422974,10.8,53.2,69.2,
2025-12-23T09:47:41.941272,0.2,53.2,69.2,
2025-12-23T09:47:45.590892,11.2,53.2,69.2,
2025-12-23T09:47:47.108480,0.0,53.2,69.2,
2025-12-23T09:47:50.793430,11.4,53.2,69.2,
2025-12-23T09:47:52.303095,0.8,53.1,69.2,
2025-12-23T09:47:56.036759,10.7,53.4,69.2,
2025-12-23T18:45:04.098588,10.9,58.4,69.4,
2025-12-23T18:45:05.635217,2.0,58.4,69.4,
2025-12-23T18:45:09.325041,11.0,58.4,69.4,
2025-12-23T18:45:10.840800,4.7,58.5,69.4,
2025-12-23T18:45:14.549232,11.6,58.4,69.4,
2025-12-23T18:45:16.063296,2.0,58.4,69.4,
2025-12-23T18:45:19.819799,11.5,58.9,69.4,
2025-12-23T18:45:21.340662,1.6,59.0,69.4,
2025-12-23T18:45:25.059786,11.7,59.0,69.4,
2025-12-23T18:45:26.577048,0.0,59.0,69.4,
2025-12-23T18:45:30.315004,11.6,59.0,69.4,
2025-12-23T18:45:31.833157,0.2,59.0,69.4,
2025-12-23T18:45:35.526963,9.4,55.1,69.3,
2025-12-23T18:45:37.047110,0.2,55.1,69.3,
2025-12-23T18:45:40.760008,13.5,55.0,69.3,
2025-12-23T18:45:42.273785,1.0,55.0,69.3,
2025-12-23T18:45:45.978332,14.9,55.0,69.3,
2025-12-23T18:45:47.488518,0.8,55.0,69.3,
2025-12-23T18:45:51.185868,13.7,55.0,69.3,
2025-12-23T18:45:52.695344,2.9,54.9,69.3,
2025-12-23T18:45:56.415283,9.6,54.9,69.3,
2025-12-23T18:45:57.929545,0.8,54.8,69.3,
2025-12-23T18:46:01.703459,12.8,54.8,69.3,
2025-12-23T18:46:03.220447,2.3,54.9,69.3,
2025-12-23T18:46:06.919274,14.5,54.7,69.3,
2025-12-23T18:46:08.436398,1.8,54.6,69.3,
2025-12-23T18:46:12.116006,12.5,55.1,69.3,
2025-12-23T18:46:13.627087,1.0,55.0,69.3,
2025-12-23T18:46:17.333659,10.7,54.7,69.3,
2025-12-23T18:46:18.847906,1.6,54.9,69.3,
2025-12-23T18:46:22.567717,13.2,54.7,69.3,
2025-12-23T18:46:24.079982,1.0,54.9,69.3,
2025-12-23T18:46:27.806359,14.4,54.5,69.3,
2025-12-23T18:46:29.330304,1.6,54.4,69.3,
2025-12-23T18:46:33.055738,14.0,54.4,69.3,
2025-12-23T18:46:34.567900,0.6,54.4,69.3,
2025-12-23T18:47:35.168632,10.6,58.7,69.3,
2025-12-23T18:47:36.678372,1.5,58.8,69.3,
2025-12-23T18:47:40.400212,12.4,58.8,69.3,
2025-12-23T18:48:17.698237,14.0,59.1,69.3,
2025-12-23T18:48:19.214887,2.7,59.3,69.3,
2025-12-23T18:48:22.922368,13.4,59.4,69.3,
2025-12-23T18:48:24.447677,0.8,59.3,69.3,
2025-12-23T18:48:28.161597,12.1,59.2,69.3,
2025-12-23T18:48:29.680711,1.0,59.2,69.3,
2025-12-23T18:48:33.387691,13.9,61.9,69.4,
2025-12-23T18:48:34.903066,3.5,63.8,69.4,
2025-12-23T18:48:36.420603,5.1,62.1,69.4,
2025-12-23T18:48:37.936956,5.8,57.9,69.4,
2025-12-23T18:48:41.445002,12.4,57.8,69.3,
2025-12-23T18:48:42.958675,0.8,57.8,69.3,
2025-12-23T18:48:46.689564,11.4,57.8,69.3,
2025-12-23T18:48:48.209554,4.1,57.9,69.3,
2025-12-23T18:48:51.947321,9.6,57.8,69.4,
2025-12-23T18:48:53.457874,0.4,57.8,69.4,
2025-12-23T18:48:57.150828,12.4,57.9,69.4,
2025-12-23T18:48:58.664947,1.4,57.9,69.4,
2025-12-23T18:49:02.406086,10.4,58.0,69.4,
2025-12-23T18:49:03.920114,0.8,58.0,69.4,
2025-12-23T18:49:07.626503,10.3,57.9,69.4,
2025-12-23T18:49:09.151684,1.2,57.9,69.3,
2025-12-23T18:49:12.848565,11.4,53.8,69.3,
2025-12-23T18:49:14.360756,0.4,53.8,69.3,
2025-12-23T18:49:18.039266,16.0,54.1,69.3,
2025-12-23T18:49:19.549297,4.3,54.1,69.3,
2025-12-23T18:49:23.257445,14.7,54.1,69.3,
2025-12-23T18:49:24.767787,7.2,54.1,69.3,
2025-12-23T18:49:28.482713,13.5,54.0,69.3,
2025-12-23T18:49:29.994606,3.2,53.6,69.3,
2025-12-23T18:49:33.727817,11.9,53.6,69.3,
2025-12-23T18:49:35.244953,4.8,53.6,69.3,
2025-12-23T18:49:38.941180,14.9,53.4,69.3,
2025-12-23T18:49:40.454489,0.4,53.4,69.3,
2025-12-23T18:49:44.158170,13.1,53.5,69.3,
2025-12-23T18:49:45.670212,0.8,53.4,69.3,
2025-12-23T18:49:49.387293,13.7,53.5,69.3,
2025-12-23T18:49:50.900124,0.4,53.5,69.3,
2025-12-23T18:49:54.609946,13.2,53.5,69.3,
2025-12-23T18:49:56.121756,1.0,53.5,69.3,
2025-12-23T18:49:59.824749,11.9,53.5,69.3,
2025-12-23T18:50:01.348020,0.4,53.5,69.3,
2025-12-23T18:50:05.123965,12.0,53.4,69.3,
2025-12-23T18:50:06.644623,1.0,53.5,69.3,
2025-12-23T18:50:10.369856,15.8,53.5,69.3,
2025-12-23T18:50:11.888704,0.8,53.5,69.3,
2025-12-23T18:50:15.597897,16.3,53.5,69.3,
2025-12-23T18:50:17.110264,0.4,53.5,69.3,
2025-12-23T18:50:20.836526,16.5,53.5,69.3,
2025-12-23T18:50:22.347487,2.5,54.0,69.3,
2025-12-23T18:50:26.055658,12.9,54.2,69.3,
2025-12-23T18:50:27.571260,1.4,54.2,69.3,
2025-12-23T18:50:29.093952,5.4,54.3,69.3,
2025-12-23T18:50:30.621804,1.8,54.5,69.3,
2025-12-23T18:50:34.159543,13.0,54.6,69.3,
2025-12-23T18:50:35.680503,2.5,54.6,69.3,
2025-12-23T18:50:39.394210,10.4,54.6,69.3,
2025-12-23T18:50:40.907809,2.5,54.5,69.3,
2025-12-23T18:50:44.600434,12.5,54.6,69.3,
2025-12-23T18:50:46.115987,4.5,54.6,69.3,
2025-12-23T18:50:49.817665,14.2,54.6,69.3,
2025-12-23T18:50:51.330809,1.6,54.7,69.3,
2025-12-23T18:50:55.031394,11.8,54.6,69.3,
2025-12-23T18:50:56.544442,2.1,54.6,69.3,
2025-12-23T18:51:00.244788,12.8,54.8,69.3,
2025-12-23T18:51:01.767681,2.0,55.0,69.3,
2025-12-23T18:51:05.528435,13.6,54.9,69.3,
2025-12-23T18:51:07.040690,0.8,55.0,69.3,
2025-12-23T18:51:10.745935,13.1,54.8,69.3,
2025-12-23T18:51:12.263087,1.7,54.9,69.3,
2025-12-23T18:51:17.873193,1.6,54.6,69.3,
2025-12-23T18:51:19.400082,0.0,54.6,69.3,
2025-12-23T18:51:24.929571,6.6,55.2,69.3,
2025-12-23T18:51:26.437742,14.0,57.0,69.3,
2025-12-23T18:51:31.997314,7.2,56.5,69.3,
2025-12-23T18:51:33.507469,12.5,57.9,69.3,
2025-12-23T18:51:39.042852,7.0,67.5,69.4,
2025-12-23T18:51:40.553490,1.4,67.5,69.4,
2025-12-23T18:51:46.129998,0.8,67.0,69.4,
2025-12-23T18:51:47.638661,0.4,67.0,69.4,
2025-12-23T18:51:53.181562,1.1,67.1,69.4,
2025-12-23T18:51:54.700343,0.8,66.8,69.4,
2025-12-23T18:52:00.269917,1.6,66.0,69.4,
2025-12-23T18:52:01.780165,0.2,66.1,69.4,
2025-12-23T18:52:07.348617,0.8,65.8,69.4,
2025-12-23T18:52:08.859656,1.2,65.8,69.4,
2025-12-23T18:52:14.424693,0.8,65.8,69.4,
2025-12-23T18:52:15.943828,0.6,65.7,69.4,
2025-12-23T18:52:21.480194,0.6,65.7,69.4,
2025-12-23T18:52:23.001883,0.6,65.8,69.4,
2025-12-23T18:52:28.555601,1.0,65.7,69.4,
2025-12-23T18:52:30.074292,1.2,65.7,69.4,
2025-12-23T18:52:35.659846,1.0,65.6,69.4,
2025-12-23T18:52:37.172182,1.7,65.5,69.4,
2025-12-23T18:52:42.750773,0.8,61.2,69.3,
2025-12-23T18:52:44.268674,0.6,61.2,69.3,
2025-12-23T18:52:49.813186,1.6,61.1,69.3,
2025-12-23T18:52:51.330183,1.4,61.1,69.3,
2025-12-23T18:52:56.880294,0.8,61.0,69.3,
2025-12-23T18:52:58.400882,0.2,61.0,69.3,
2025-12-23T18:53:03.939827,0.8,61.1,69.3,
2025-12-23T18:53:05.449721,1.9,61.1,69.3,
2025-12-23T18:53:11.002576,0.2,60.5,69.3,
2025-12-23T18:53:12.521745,4.1,60.4,69.3,
2025-12-23T18:53:18.082257,2.3,60.7,69.3,
2025-12-23T18:53:19.594624,1.4,60.9,69.3,
2025-12-23T18:53:25.130749,0.8,60.4,69.3,
2025-12-23T18:53:26.648445,1.6,60.4,69.3,
2025-12-23T18:53:32.221762,0.8,60.5,69.3,
2025-12-23T18:53:33.730706,0.0,60.5,69.3,
2025-12-23T18:53:39.291221,2.8,60.7,69.3,
2025-12-23T18:53:40.805966,3.8,60.6,69.3,
2025-12-23T18:53:46.349196,1.6,60.5,69.3,
2025-12-23T18:53:47.858796,1.6,60.6,69.3,
2025-12-23T18:53:53.430794,2.0,60.6,69.3,
2025-12-23T18:53:54.947471,0.6,60.5,69.3,
2025-12-23T18:54:00.498309,1.4,60.6,69.3,
2025-12-23T18:54:02.009559,3.0,60.6,69.3,
2025-12-23T18:54:07.568119,0.8,60.7,69.3,
2025-12-23T18:54:09.080158,1.9,60.0,69.3,
2025-12-23T18:54:14.675971,2.3,64.5,69.4,
2025-12-23T18:54:16.185330,1.2,64.4,69.4,
2025-12-23T18:54:22.000028,12.5,65.4,69.4,
2025-12-23T18:54:23.513562,1.6,65.4,69.4,
2025-12-23T18:54:27.271813,11.1,65.5,69.4,
2025-12-23T18:54:28.788691,0.8,65.5,69.4,
2025-12-23T18:54:32.529311,14.3,65.1,69.4,
2025-12-23T18:54:46.977642,11.1,64.8,69.4,
2025-12-23T18:54:48.493352,1.4,64.8,69.4,
2025-12-23T18:54:52.194881,12.3,64.8,69.4,
2025-12-23T18:54:53.708789,5.7,64.8,69.4,
2025-12-23T18:54:57.449738,16.9,62.4,69.4,
2025-12-23T18:54:58.969108,8.1,61.5,69.4,
2025-12-23T18:55:02.688256,12.7,61.7,69.4,
2025-12-23T18:55:04.203453,1.4,61.7,69.4,
2025-12-23T18:55:07.929565,11.2,61.9,69.4,
2025-12-23T18:55:09.449301,0.8,61.9,69.4,
2025-12-23T18:55:13.194614,11.3,61.9,69.4,
2025-12-23T18:55:14.711144,0.0,61.9,69.4,
2025-12-23T18:55:18.419204,12.0,61.8,69.4,
2025-12-23T18:55:19.929591,0.4,61.8,69.4,
2025-12-23T18:55:23.710042,12.3,61.9,69.4,
2025-12-23T18:55:25.221854,0.6,62.1,69.4,
2025-12-23T18:55:28.935177,14.3,61.9,69.4,
2025-12-23T18:55:30.450779,2.1,61.6,69.4,
2025-12-23T18:55:34.177700,16.5,61.5,69.4,
2025-12-23T18:55:35.689153,4.7,57.6,69.3,
2025-12-23T18:55:39.413841,12.0,57.6,69.3,
2025-12-23T18:55:40.927340,1.0,57.7,69.3,
2025-12-23T18:55:44.668974,11.5,57.5,69.3,
2025-12-23T18:55:46.179843,1.2,57.5,69.3,
2025-12-23T18:55:49.899906,11.5,57.6,69.3,
2025-12-23T18:55:51.411001,1.4,57.6,69.3,
2025-12-23T18:55:55.138644,15.3,57.6,69.3,
2025-12-23T18:55:56.650909,0.8,57.7,69.3,
2025-12-23T18:56:00.343182,12.2,57.3,69.3,
2025-12-23T18:56:01.860259,0.4,57.0,69.3,
2025-12-23T18:56:05.582104,11.6,56.9,69.3,
2025-12-23T18:56:07.100479,1.6,57.0,69.3,
2025-12-23T18:56:10.818596,12.1,56.9,69.3,
2025-12-23T18:56:12.333048,3.1,56.9,69.3,
2025-12-23T18:56:16.056699,11.7,56.8,69.3,
2025-12-23T18:56:17.574333,3.5,56.7,69.3,
2025-12-23T18:57:04.600357,14.1,62.1,69.4,
2025-12-23T18:57:06.116504,2.3,62.0,69.4,
2025-12-23T18:57:09.843914,11.8,62.0,69.4,
2025-12-23T18:57:11.359596,3.1,62.1,69.4,
2025-12-23T18:57:15.075783,11.8,62.0,69.4,
2025-12-23T18:57:16.597946,0.8,62.0,69.4,
2025-12-23T18:57:20.309494,13.8,61.5,69.4,
2025-12-23T18:57:21.823288,2.1,61.6,69.4,
2025-12-23T18:57:25.589644,12.4,61.4,69.4,
2025-12-23T18:57:27.100755,1.8,61.4,69.4,
2025-12-23T18:57:30.830417,12.2,61.5,69.4,
2025-12-23T18:57:32.347293,1.2,61.5,69.4,
2025-12-23T18:57:36.074009,12.7,61.5,69.4,
2025-12-23T18:57:37.596435,1.6,61.6,69.4,
2025-12-23T18:57:41.325409,11.7,61.5,69.4,
2025-12-23T18:57:42.848696,1.8,61.5,69.4,
2025-12-23T18:57:46.560299,11.0,61.6,69.4,
2025-12-23T18:57:48.069994,1.2,61.5,69.4,
2025-12-23T18:57:51.788078,10.5,61.8,69.4,
2025-12-23T18:57:53.310063,1.2,61.8,69.4,
2025-12-23T18:57:57.099964,15.5,59.5,69.3,
2025-12-23T18:57:58.619673,1.8,57.8,69.3,
2025-12-23T18:59:59.237496,13.2,60.6,69.4,
2025-12-23T19:00:00.756057,2.0,60.8,69.4,
2025-12-23T19:00:04.474430,12.4,60.7,69.4,
2025-12-23T19:00:05.985836,1.9,60.7,69.4,
2025-12-23T19:00:09.683012,11.5,60.8,69.4,
2025-12-23T19:00:11.195684,0.6,60.8,69.4,
2025-12-23T19:03:29.674740,12.2,62.1,69.4,
2025-12-23T19:03:31.190481,1.0,62.2,69.4,
2025-12-23T19:03:34.896852,11.4,61.4,69.4,
2025-12-23T19:03:36.419403,1.2,61.4,69.4,
2025-12-23T19:03:40.110508,11.2,61.4,69.4,
2025-12-23T19:03:41.620869,0.8,61.4,69.4,
2025-12-23T19:03:45.359918,10.9,61.3,69.4,
2025-12-23T19:03:46.876451,1.0,61.4,69.4,
2025-12-23T19:03:50.627846,17.8,61.3,69.4,
2025-12-23T19:03:52.140624,1.6,61.2,69.4,
2025-12-23T19:03:55.918147,9.3,61.6,69.4,
2025-12-23T19:03:57.439812,0.6,61.7,69.4,
2025-12-23T19:04:01.150074,15.4,61.7,69.4,
2025-12-23T19:04:02.661067,7.4,61.8,69.4,
2025-12-23T19:04:06.410874,13.8,61.8,69.4,
2025-12-23T19:04:07.928119,1.2,61.8,69.4,
2025-12-23T19:04:11.630844,10.4,61.8,69.4,
2025-12-23T19:04:13.149154,0.4,61.9,69.4,
2025-12-23T19:04:16.874272,12.6,61.9,69.4,
2025-12-23T19:04:18.390645,5.8,61.9,69.4,
2025-12-23T19:04:22.110361,11.4,61.8,69.4,
2025-12-23T19:04:23.620405,3.5,57.9,69.4,
2025-12-23T19:04:27.384053,10.8,57.5,69.4,
2025-12-23T19:04:28.902866,3.1,57.4,69.4,
2025-12-23T19:04:32.623677,12.5,57.6,69.4,
2025-12-23T19:04:34.137708,2.5,57.6,69.4,
2025-12-23T19:04:37.861832,13.5,57.8,69.4,
2025-12-23T19:05:06.473509,12.0,60.7,69.4,
2025-12-23T19:05:07.996307,2.9,60.8,69.4,
2025-12-23T19:05:09.513678,0.4,60.8,69.4,
2025-12-23T19:05:11.038571,0.4,60.8,69.4,
2025-12-23T19:05:12.567586,1.2,60.7,69.4,
2025-12-23T19:05:14.076398,0.4,60.8,69.4,
2025-12-23T19:05:15.588309,0.6,60.8,69.4,
2025-12-23T19:05:17.098301,0.8,60.8,69.4,
2025-12-23T19:05:18.607991,1.6,60.7,69.4,
2025-12-23T19:05:20.117409,0.4,60.8,69.4,
2025-12-23T19:05:21.633946,1.2,60.8,69.4,
2025-12-23T19:05:23.154081,2.2,60.8,69.4,
2025-12-23T19:08:14.226467,12.8,61.2,69.4,
2025-12-23T19:08:26.438178,10.2,60.3,69.4,
2025-12-23T19:08:27.958330,0.4,60.4,69.4,
2025-12-23T19:10:44.072570,16.2,57.9,69.4,
2025-12-23T19:10:45.581804,3.2,58.1,69.4,
2025-12-23T19:10:47.097077,1.4,58.1,69.4,
2025-12-23T19:10:48.614348,1.4,58.1,69.4,
2025-12-23T19:10:50.133599,0.6,58.1,69.4,
2025-12-23T19:10:51.653369,0.4,58.2,69.4,
2025-12-23T19:10:53.164581,0.6,58.1,69.4,
2025-12-23T19:10:54.676287,3.0,58.1,69.4,
2025-12-23T19:10:56.184578,1.8,58.1,69.4,
2025-12-23T19:10:57.699243,2.0,58.1,69.4,
2025-12-23T19:10:59.220760,0.2,58.1,69.4,
2025-12-23T19:11:47.639159,11.1,61.3,69.4,
2025-12-23T19:11:49.162589,1.2,61.3,69.4,
2025-12-23T19:11:52.849127,14.2,61.3,69.4,
2025-12-23T19:11:54.360366,1.2,61.3,69.4,
2025-12-23T19:11:58.090845,11.7,61.4,69.4,
2025-12-23T19:11:59.614432,0.2,61.5,69.4,
2025-12-23T19:12:03.347687,10.6,61.3,69.4,
2025-12-23T19:12:04.860427,0.8,61.4,69.4,
2025-12-23T19:12:08.567981,12.2,61.5,69.4,
2025-12-23T19:12:10.092143,1.2,61.3,69.4,
2025-12-23T19:12:13.819608,12.8,61.3,69.4,
2025-12-23T19:12:15.341043,0.2,61.3,69.4,
2025-12-23T19:12:19.076292,13.6,61.3,69.4,
2025-12-23T19:12:20.596423,0.2,61.3,69.4,
2025-12-23T19:12:24.314582,11.1,61.2,69.4,
2025-12-23T19:12:25.830861,0.8,61.1,69.4,
2025-12-23T19:12:29.566317,10.8,61.2,69.4,
2025-12-23T19:12:31.078353,1.6,61.3,69.4,
2025-12-23T19:12:34.810827,12.5,61.2,69.4,
2025-12-23T19:15:43.441949,11.2,61.3,69.4,
2025-12-23T19:15:44.958109,5.6,61.4,69.4,
2025-12-23T19:15:48.672774,8.3,61.6,69.4,
2025-12-23T19:15:50.197115,0.4,61.6,69.4,
2025-12-23T19:15:53.948362,16.3,61.6,69.4,
2025-12-23T19:15:55.464612,6.6,61.7,69.4,
2025-12-23T19:15:59.222233,11.5,61.3,69.4,
2025-12-23T19:16:00.734183,4.3,61.1,69.4,
2025-12-23T19:16:04.472404,14.5,61.0,69.4,
2025-12-23T19:16:05.989528,1.2,60.9,69.4,
2025-12-23T19:16:09.693788,13.9,61.2,69.4,
2025-12-23T19:16:11.214070,1.0,61.3,69.4,
2025-12-23T19:16:14.965534,10.8,61.3,69.4,
2025-12-23T19:16:16.488462,0.0,61.3,69.4,
2025-12-23T19:16:20.203136,12.0,61.3,69.4,
2025-12-23T19:16:21.723641,0.8,61.4,69.4,
2025-12-23T19:16:25.445556,13.1,61.3,69.4,
2025-12-23T19:16:26.954494,1.6,61.2,69.4,
2025-12-23T19:16:30.663581,13.1,61.3,69.4,
2025-12-23T19:16:32.184747,0.6,61.3,69.4,
2025-12-23T19:16:35.901192,14.0,57.3,69.4,
2025-12-23T19:16:37.418502,1.8,57.1,69.4,
2025-12-23T19:16:41.131157,14.1,57.0,69.4,
2025-12-23T19:16:42.642957,1.6,57.0,69.4,
2025-12-23T19:16:46.353211,14.4,57.0,69.4,
2025-12-23T19:16:47.865009,1.2,57.0,69.4,
2025-12-23T19:16:51.593611,14.1,56.9,69.4,
2025-12-23T19:16:53.112545,2.4,56.9,69.4,
2025-12-23T19:16:56.823081,9.9,56.7,69.4,
2025-12-23T19:16:58.333879,2.2,56.7,69.4,
2025-12-23T19:17:02.055561,12.7,56.7,69.4,
2025-12-23T19:17:03.581507,0.2,56.7,69.4,
2025-12-23T19:17:07.265754,11.8,56.7,69.4,
2025-12-23T19:17:08.775259,0.4,56.7,69.4,
2025-12-23T19:17:12.518039,14.5,56.2,69.4,
2025-12-23T19:17:14.044032,0.6,56.1,69.4,
2025-12-23T19:17:17.764292,15.0,56.2,69.4,
2025-12-23T19:17:19.279796,0.4,56.1,69.4,
2025-12-23T19:17:23.010776,12.2,56.2,69.4,
2025-12-23T19:17:24.523760,0.6,56.2,69.4,
2025-12-23T19:17:28.242705,17.7,56.2,69.4,
2025-12-23T19:17:29.760624,1.1,56.2,69.4,
2025-12-23T19:17:33.489301,13.4,56.2,69.4,
2025-12-23T19:17:35.004266,1.4,56.2,69.4,
2025-12-23T19:17:38.718020,13.8,56.1,69.4,
2025-12-23T19:17:40.226687,0.6,56.0,69.4,
2025-12-23T19:17:43.950041,12.4,56.0,69.4,
2025-12-23T19:17:45.460317,0.8,56.0,69.4,
2025-12-23T19:17:49.188344,17.6,56.1,69.4,
2025-12-23T19:17:50.701553,1.0,56.1,69.4,
2025-12-23T19:17:54.422870,11.7,56.1,69.4,
2025-12-23T19:17:55.938426,0.4,56.1,69.4,
2025-12-23T19:17:59.658355,9.2,56.2,69.4,
2025-12-23T19:18:01.173161,3.5,56.3,69.4,
2025-12-23T19:18:04.941684,11.7,56.3,69.4,
2025-12-23T19:18:06.453281,2.0,56.2,69.4,
2025-12-23T19:18:10.213737,14.0,56.5,69.4,
2025-12-23T19:18:11.723068,1.4,56.5,69.4,
2025-12-23T19:18:15.461919,13.4,56.6,69.4,
2025-12-23T19:18:16.983658,5.2,56.7,69.4,
2025-12-23T19:18:20.700244,12.4,56.5,69.4,
2025-12-23T19:18:22.219927,4.1,56.2,69.4,
2025-12-23T19:18:25.937161,14.4,56.3,69.4,
2025-12-23T19:18:27.452161,1.0,56.3,69.4,
2025-12-23T19:18:31.221224,13.9,56.4,69.4,
2025-12-23T19:18:32.733241,1.6,56.3,69.4,
2025-12-23T19:18:36.457106,15.3,56.4,69.4,
2025-12-23T19:18:37.976806,1.7,56.3,69.4,
2025-12-23T19:18:41.707450,11.0,56.3,69.4,
2025-12-23T19:18:43.216817,1.9,56.3,69.4,
2025-12-23T19:18:46.953596,11.4,56.3,69.4,
2025-12-23T19:18:48.467280,1.8,56.3,69.4,
2025-12-23T19:18:52.184968,13.9,56.4,69.4,
2025-12-23T19:18:53.701574,1.4,56.4,69.4,
2025-12-23T19:18:57.414507,14.0,56.4,69.4,
2025-12-23T19:18:58.933044,0.8,56.4,69.4,
2025-12-23T19:19:02.623367,14.3,56.4,69.4,
2025-12-23T19:19:04.132701,3.3,56.4,69.4,
2025-12-23T19:19:07.845118,13.9,56.4,69.4,
2025-12-23T19:19:09.367520,1.0,56.4,69.4,
2025-12-23T19:19:13.093398,14.5,56.4,69.4,
2025-12-23T19:19:14.609430,0.8,56.4,69.4,
2025-12-23T19:19:18.330530,12.7,56.4,69.4,
2025-12-23T19:19:19.848479,1.4,56.4,69.4,
2025-12-23T19:19:23.585189,16.1,56.4,69.4,
2025-12-23T19:19:25.098929,1.2,56.4,69.4,
2025-12-23T19:19:28.853089,12.9,56.4,69.4,
2025-12-23T19:19:30.361745,3.7,56.5,69.4,
2025-12-23T19:19:34.083528,10.7,56.4,69.4,
2025-12-23T19:19:35.591316,1.2,56.4,69.4,
2025-12-23T19:19:39.348375,13.5,56.8,69.4,
2025-12-23T19:19:40.864747,0.4,56.9,69.4,
2025-12-23T19:19:44.544376,13.2,56.9,69.4,
2025-12-23T19:19:46.057753,1.0,56.9,69.4,
2025-12-23T19:19:49.748644,15.6,56.9,69.4,
2025-12-23T19:19:51.260409,0.8,57.0,69.4,
2025-12-23T19:19:54.971345,13.6,57.0,69.4,
2025-12-23T19:19:56.490648,0.0,57.0,69.4,
2025-12-23T19:20:00.210905,12.4,56.8,69.4,
2025-12-23T19:20:01.731194,1.8,56.9,69.4,
2025-12-23T19:20:05.457095,15.3,56.9,69.4,
2025-12-23T19:20:06.970503,1.2,56.9,69.4,
2025-12-23T19:20:10.700849,13.3,56.6,69.4,
2025-12-23T19:20:12.210271,0.8,56.6,69.4,
2025-12-23T19:20:15.894593,12.8,56.6,69.4,
2025-12-23T19:20:17.408096,1.4,56.6,69.4,
2025-12-23T19:20:21.148491,14.7,56.5,69.4,
2025-12-23T19:20:22.662667,2.9,56.6,69.4,
2025-12-23T19:20:26.381588,12.9,56.6,69.4,
2025-12-23T19:20:27.896110,1.6,56.6,69.4,
2025-12-23T19:20:31.634838,13.4,56.6,69.4,
2025-12-23T19:20:33.146656,2.7,56.7,69.4,
2025-12-23T19:20:36.874072,11.7,56.7,69.4,
2025-12-23T19:20:38.392742,2.3,56.7,69.4,
2025-12-23T19:20:42.114375,15.4,56.6,69.4,
2025-12-23T19:20:43.626482,1.8,56.6,69.4,
2025-12-23T19:20:47.356398,13.2,56.6,69.4,
2025-12-23T19:20:48.871067,2.9,56.7,69.4,
2025-12-23T19:20:52.601610,13.5,56.8,69.4,
2025-12-23T19:20:54.117394,0.6,56.8,69.4,
2025-12-23T19:20:57.834474,13.3,56.7,69.4,
2025-12-23T19:20:59.352916,0.8,56.7,69.4,
2025-12-23T19:21:03.065063,13.1,56.6,69.4,
2025-12-23T19:21:04.576428,1.0,56.6,69.4,
2025-12-23T19:21:08.278393,12.4,56.5,69.4,
2025-12-23T19:21:09.794762,1.0,56.5,69.4,
2025-12-23T19:21:13.522108,11.6,56.6,69.4,
2025-12-23T19:21:15.044043,3.9,56.5,69.4,
2025-12-23T19:21:18.771999,15.0,56.5,69.4,
2025-12-23T19:21:20.280305,3.3,56.5,69.4,
2025-12-23T19:21:23.975899,13.2,56.7,69.4,
2025-12-23T19:21:25.517018,4.5,56.8,69.4,
2025-12-23T19:21:29.210836,14.0,56.9,69.4,
2025-12-23T19:21:30.732291,2.5,56.8,69.4,
2025-12-23T19:21:34.452859,17.2,56.8,69.4,
2025-12-23T19:21:35.970128,1.0,56.9,69.4,
2025-12-23T19:21:39.647741,13.3,56.8,69.4,
2025-12-23T19:21:41.162899,2.3,56.8,69.4,
2025-12-23T19:21:44.845469,17.2,56.9,69.4,
2025-12-23T19:21:46.361170,2.9,56.9,69.4,
2025-12-23T19:21:50.064553,10.5,56.7,69.4,
2025-12-23T19:21:51.591116,3.2,56.8,69.4,
2025-12-23T19:21:55.325247,13.9,56.8,69.4,
2025-12-23T19:21:56.839460,2.2,56.7,69.4,
2025-12-23T19:22:00.587607,14.0,56.7,69.4,
2025-12-23T19:22:02.107528,1.6,56.7,69.4,
2025-12-23T19:22:05.843281,13.5,56.7,69.4,
2025-12-23T19:22:07.359467,3.2,56.7,69.4,
2025-12-23T19:22:11.085618,13.2,56.7,69.4,
2025-12-23T19:22:12.609833,1.0,56.0,69.4,
2025-12-23T19:22:16.342548,13.5,56.1,69.4,
2025-12-23T19:22:17.858876,1.4,56.1,69.4,
2025-12-23T19:22:21.560319,14.5,56.2,69.4,
2025-12-23T19:22:23.074601,3.3,56.2,69.4,
2025-12-23T19:22:26.784415,11.3,56.2,69.4,
2025-12-23T19:22:28.303448,0.6,56.2,69.4,
2025-12-23T19:22:32.006191,13.2,56.1,69.4,
2025-12-23T19:22:33.521687,3.0,56.0,69.4,
2025-12-23T19:22:37.222332,10.0,56.2,69.4,
2025-12-23T19:22:38.735938,3.5,56.3,69.4,
2025-12-23T19:22:42.446139,12.0,56.4,69.4,
2025-12-23T19:22:43.955527,1.9,56.4,69.4,
2025-12-23T19:22:47.711946,13.4,56.3,69.4,
2025-12-23T19:22:49.222168,5.6,56.3,69.4,
2025-12-23T19:22:52.961509,15.7,56.3,69.4,
2025-12-23T19:23:04.253396,13.1,60.7,69.4,
2025-12-23T19:23:05.774122,0.0,60.7,69.4,
2025-12-23T19:23:09.509016,16.2,60.5,69.4,
2025-12-23T19:23:11.034965,1.0,60.8,69.4,
2025-12-23T19:23:14.714752,12.5,60.9,69.4,
2025-12-23T19:23:16.230667,0.0,60.9,69.4,
2025-12-23T19:23:19.931057,11.6,60.9,69.4,
2025-12-23T19:23:21.446156,2.7,60.9,69.4,
2025-12-23T19:23:25.145509,13.2,60.9,69.4,
2025-12-23T19:23:26.667791,1.8,60.7,69.4,
2025-12-23T19:23:30.400117,15.1,60.7,69.4,
2025-12-23T19:23:31.911338,1.2,60.7,69.4,
2025-12-23T19:23:35.664170,14.8,60.7,69.4,
2025-12-23T19:23:37.193719,0.2,60.7,69.4,
2025-12-23T19:23:40.918078,13.0,60.5,69.4,
2025-12-23T19:23:42.444240,0.4,60.5,69.4,
2025-12-23T19:23:46.126199,13.6,60.5,69.4,
2025-12-23T19:23:47.641655,0.0,60.5,69.4,
2025-12-23T19:23:51.345081,15.5,60.5,69.4,
2025-12-23T19:23:52.863506,0.4,60.5,69.4,
2025-12-23T19:23:56.572826,12.3,60.5,69.4,
2025-12-23T19:23:58.084378,4.9,55.9,69.4,
2025-12-23T19:24:01.775488,14.9,55.9,69.4,
2025-12-23T19:24:03.297696,0.2,55.9,69.4,
2025-12-23T19:24:06.972052,11.0,55.9,69.4,
2025-12-23T19:24:08.487731,0.2,55.9,69.4,
2025-12-23T19:24:12.203493,12.2,55.8,69.4,
2025-12-23T19:24:13.715241,0.2,55.8,69.4,
2025-12-23T19:24:17.425259,14.9,55.9,69.4,
2025-12-23T19:24:18.954964,0.6,55.8,69.4,
2025-12-23T19:24:22.665695,13.5,55.9,69.4,
2025-12-23T19:24:24.173154,0.8,55.9,69.4,
2025-12-23T19:27:27.868804,11.7,59.5,69.4,
2025-12-23T19:27:29.388019,3.1,59.6,69.4,
2025-12-23T19:27:33.105648,14.4,59.7,69.4,
2025-12-23T19:27:34.621314,0.4,59.7,69.4,
2025-12-23T19:27:38.345784,12.0,59.7,69.4,
2025-12-23T19:27:39.856805,2.5,59.7,69.4,
2025-12-23T19:27:43.599035,13.2,59.7,69.4,
2025-12-23T19:27:45.118667,1.8,59.7,69.4,
2025-12-23T19:27:48.853237,13.6,59.6,69.4,
2025-12-23T19:27:50.363539,0.6,59.7,69.4,
2025-12-23T19:27:54.099564,15.1,59.8,69.4,
2025-12-23T19:27:55.612047,1.6,59.7,69.4,
2025-12-23T19:27:59.333749,11.7,59.8,69.4,
2025-12-23T19:28:00.849164,3.5,59.8,69.4,
2025-12-23T19:28:04.574164,13.6,59.7,69.4,
2025-12-23T19:34:18.812657,14.3,58.3,69.4,
2025-12-23T19:34:20.336230,1.6,58.3,69.4,
2025-12-23T19:34:24.057779,12.5,58.3,69.4,
2025-12-23T19:34:25.575498,0.8,58.3,69.4,
2025-12-23T19:34:29.324294,12.5,58.3,69.4,
2025-12-23T19:34:30.839672,0.2,58.3,69.4,
2025-12-23T19:34:34.579037,11.4,58.3,69.4,
2025-12-23T19:34:36.102854,0.6,58.2,69.4,
2025-12-23T19:34:39.793013,13.3,58.3,69.4,
2025-12-23T19:34:41.307211,0.0,58.1,69.4,
2025-12-23T19:34:45.012261,11.9,58.1,69.4,
2025-12-23T19:34:46.536630,0.2,58.1,69.4,
2025-12-23T19:34:50.227012,14.4,58.1,69.4,
2025-12-23T19:34:51.742091,0.0,57.9,69.4,
2025-12-23T19:34:55.470201,15.1,58.0,69.4,
2025-12-23T19:34:56.988626,0.2,58.0,69.4,
2025-12-23T19:35:00.689852,11.6,57.8,69.4,
2025-12-23T19:35:02.208689,5.5,56.6,69.4,
2025-12-23T19:35:05.903055,12.5,56.2,69.4,
2025-12-23T19:35:07.427049,0.2,56.2,69.4,
2025-12-23T19:35:11.143182,12.7,56.2,69.4,
2025-12-23T19:35:12.660623,0.0,52.1,69.4,
2025-12-23T19:35:16.350128,13.5,52.1,69.4,
2025-12-23T19:35:17.866768,0.0,52.0,69.4,
2025-12-23T19:35:21.596585,16.1,52.1,69.4,
2025-12-23T19:35:23.114037,0.4,52.1,69.4,
2025-12-23T19:35:26.834331,16.7,52.1,69.4,
2025-12-23T19:35:28.343897,0.0,52.1,69.4,
2025-12-23T19:35:32.055561,14.5,52.1,69.4,
2025-12-23T19:35:33.571040,0.0,52.1,69.4,
2025-12-23T19:35:37.282480,12.4,52.0,69.4,
2025-12-23T19:35:38.792981,0.0,52.0,69.4,
2025-12-23T19:35:42.518869,12.2,52.0,69.4,
2025-12-23T19:35:44.041427,0.0,52.0,69.4,
2025-12-23T19:35:47.755449,12.1,52.0,69.4,
2025-12-23T19:35:49.266710,0.2,52.0,69.4,
2025-12-23T19:35:52.985467,13.0,52.1,69.4,
2025-12-23T19:35:54.495034,0.2,52.1,69.4,
2025-12-23T19:35:58.191805,11.8,52.0,69.4,
2025-12-23T19:35:59.706622,0.2,52.0,69.4,
2025-12-23T19:36:03.409180,15.3,52.1,69.4,
2025-12-23T19:36:04.918325,0.2,52.1,69.4,
2025-12-23T19:36:08.628395,13.6,52.1,69.4,
2025-12-23T19:36:10.146428,0.4,52.1,69.4,
2025-12-23T19:36:13.859846,14.8,52.1,69.4,
2025-12-23T19:36:15.369919,0.2,52.1,69.4,
2025-12-23T19:36:19.081132,13.3,52.1,69.4,
2025-12-23T19:36:20.594629,0.2,52.0,69.4,
2025-12-23T19:36:24.321196,11.0,52.1,69.4,
2025-12-23T19:36:25.838126,1.8,52.2,69.4,
2025-12-23T19:36:29.559351,11.7,52.4,69.4,
2025-12-23T19:36:31.067582,0.6,52.4,69.4,
2025-12-23T19:36:34.785953,12.1,52.4,69.4,
2025-12-23T19:36:36.299415,1.6,52.4,69.4,
2025-12-23T19:36:40.024407,13.8,52.4,69.4,
2025-12-23T19:36:41.534264,1.0,52.4,69.4,
2025-12-23T19:36:45.234866,14.5,52.4,69.4,
2025-12-23T19:36:46.753122,2.2,52.4,69.4,
2025-12-23T19:36:50.445342,12.0,52.4,69.4,
2025-12-23T19:36:51.966174,1.0,52.5,69.4,
2025-12-23T19:36:55.674419,14.1,52.5,69.4,
2025-12-23T19:36:57.197970,1.4,52.3,69.4,
2025-12-23T19:37:00.902510,13.5,52.3,69.4,
2025-12-23T19:37:02.414620,1.0,52.4,69.4,
2025-12-23T19:37:06.107178,13.6,52.4,69.4,
2025-12-23T19:37:07.631602,1.8,52.3,69.4,
2025-12-23T19:37:11.338218,13.8,52.2,69.4,
2025-12-23T19:37:12.851038,0.2,52.2,69.4,
2025-12-23T19:37:16.542102,15.6,52.5,69.4,
2025-12-23T19:37:18.062150,1.0,52.6,69.4,
2025-12-23T19:37:21.787135,15.1,52.5,69.4,
2025-12-23T19:37:23.317876,2.0,52.5,69.4,
2025-12-23T19:37:27.016556,15.5,52.4,69.4,
2025-12-23T19:37:28.531320,1.2,52.4,69.4,
2025-12-23T19:37:32.268422,14.5,52.3,69.4,
2025-12-23T19:37:33.780866,1.8,52.3,69.4,
2025-12-23T19:37:37.541209,13.6,52.2,69.4,
2025-12-23T19:37:39.054869,1.8,52.2,69.4,
2025-12-23T19:37:42.760270,10.9,52.2,69.4,
2025-12-23T19:37:44.281930,0.8,52.2,69.4,
2025-12-23T19:37:47.991918,12.7,51.9,69.4,
2025-12-23T19:37:49.512778,1.8,52.0,69.4,
2025-12-23T19:37:53.217802,14.7,52.0,69.4,
2025-12-23T19:37:54.727663,1.0,52.0,69.4,
2025-12-23T19:37:58.438442,12.9,52.0,69.4,
2025-12-23T19:37:59.950127,0.6,52.5,69.4,
2025-12-23T19:38:03.652134,12.4,52.9,69.4,
2025-12-23T19:38:05.175686,1.0,52.9,69.4,
2025-12-23T19:38:08.895296,12.6,52.8,69.4,
2025-12-23T19:38:10.411485,1.5,52.8,69.4,
2025-12-23T19:38:14.141310,13.8,52.7,69.4,
2025-12-23T19:38:15.660039,1.6,52.7,69.4,
2025-12-23T19:38:19.373056,13.2,52.7,69.4,
2025-12-23T19:38:20.891374,1.0,52.7,69.4,
2025-12-23T19:38:24.597776,14.3,52.7,69.4,
2025-12-23T19:38:26.118211,2.2,52.7,69.4,
2025-12-23T19:38:29.817859,12.9,52.7,69.4,
2025-12-23T19:38:31.336469,1.6,52.7,69.4,
2025-12-23T19:38:35.071829,12.5,52.7,69.4,
2025-12-23T19:38:36.584123,1.4,52.7,69.4,
2025-12-23T19:38:40.314533,11.2,52.7,69.4,
2025-12-23T19:38:41.824695,0.8,52.7,69.4,
2025-12-23T19:38:45.546725,14.2,52.7,69.4,
2025-12-23T19:38:47.067420,1.2,52.7,69.4,
2025-12-23T19:38:50.764961,15.1,52.7,69.4,
2025-12-23T19:38:52.287889,1.2,52.7,69.4,
2025-12-23T19:38:55.997761,11.4,52.8,69.4,
2025-12-23T19:38:57.522430,0.8,52.8,69.4,
2025-12-23T19:39:01.234590,15.0,52.8,69.4,
2025-12-23T19:39:02.750906,0.8,52.9,69.4,
2025-12-23T19:39:06.473637,15.6,52.9,69.4,
2025-12-23T19:39:07.988339,1.4,52.9,69.4,
2025-12-23T19:39:11.713470,12.4,52.8,69.4,
2025-12-23T19:39:13.232733,1.4,52.8,69.4,
2025-12-23T19:39:16.960050,11.6,52.7,69.4,
2025-12-23T19:39:18.469505,0.6,52.7,69.4,
2025-12-23T19:39:22.192738,13.3,52.7,69.4,
2025-12-23T19:39:23.701744,2.0,52.7,69.4,
2025-12-23T19:39:27.438189,14.6,52.5,69.4,
2025-12-23T19:39:28.953251,0.8,52.5,69.4,
2025-12-23T19:39:32.665303,11.4,52.5,69.4,
2025-12-23T19:39:34.177983,1.6,52.5,69.4,
2025-12-23T19:39:37.910347,12.8,52.5,69.4,
2025-12-23T19:39:39.428772,1.2,52.5,69.4,
2025-12-23T19:39:43.151563,11.1,52.5,69.4,
2025-12-23T19:39:44.662455,0.8,52.5,69.4,
2025-12-23T19:39:48.389629,13.9,52.7,69.4,
2025-12-23T19:39:49.915132,1.8,52.7,69.4,
2025-12-23T19:39:53.608868,13.5,52.8,69.4,
2025-12-23T19:39:55.125687,1.0,52.8,69.4,
2025-12-23T19:39:58.859394,14.4,52.8,69.4,
2025-12-23T19:40:00.373479,2.0,52.8,69.4,
2025-12-23T19:40:04.075929,14.0,52.0,69.4,
2025-12-23T19:40:05.585584,2.2,52.0,69.4,
2025-12-23T19:40:09.308995,13.1,52.0,69.4,
2025-12-23T19:40:10.830175,1.6,52.0,69.4,
2025-12-23T19:40:14.572440,14.7,52.0,69.4,
2025-12-23T19:40:16.095617,2.9,52.0,69.4,
2025-12-23T19:40:19.791403,12.6,52.0,69.4,
2025-12-23T19:40:21.310081,1.8,52.0,69.4,
2025-12-23T19:40:25.015605,15.5,52.1,69.4,
2025-12-23T19:40:26.539241,1.4,52.0,69.4,
2025-12-23T19:40:30.266512,14.4,52.1,69.4,
2025-12-23T19:40:31.777834,1.6,52.1,69.4,
2025-12-23T19:40:35.502904,13.7,52.2,69.4,
2025-12-23T19:40:37.021122,1.2,52.2,69.4,
2025-12-23T19:40:40.745017,12.5,52.2,69.4,
2025-12-23T19:40:42.273844,1.6,52.2,69.4,
2025-12-23T19:40:45.996510,14.7,52.1,69.4,
2025-12-23T19:40:47.511575,1.2,52.1,69.4,
2025-12-23T19:40:51.244549,12.0,52.6,69.4,
2025-12-23T19:40:52.757276,1.4,52.5,69.4,
2025-12-23T19:40:56.464277,14.0,52.5,69.4,
2025-12-23T19:40:57.986040,0.6,52.5,69.4,
2025-12-23T19:41:01.710237,12.1,52.6,69.4,
2025-12-23T19:41:03.224879,1.4,52.5,69.4,
2025-12-23T19:41:06.930826,10.4,52.5,69.4,
2025-12-23T19:41:08.456830,1.2,52.5,69.4,
2025-12-23T19:41:12.177059,11.3,52.4,69.4,
2025-12-23T19:41:13.688973,0.6,52.4,69.4,
2025-12-23T19:41:17.402435,11.7,52.4,69.4,
2025-12-23T19:41:18.922591,2.1,52.3,69.4,
2025-12-23T19:41:22.658734,14.2,52.1,69.4,
2025-12-23T19:41:24.169609,1.9,52.1,69.4,
2025-12-23T19:41:27.933923,11.5,52.1,69.4,
2025-12-23T19:41:29.453285,2.0,51.9,69.4,
2025-12-23T19:41:33.172412,12.9,51.9,69.4,
2025-12-23T19:41:34.684746,0.8,51.9,69.4,
2025-12-23T19:41:38.391330,12.7,51.9,69.4,
2025-12-23T19:41:39.916551,2.0,51.9,69.4,
2025-12-23T19:41:43.626012,15.5,51.9,69.4,
2025-12-23T19:41:45.137104,1.6,51.9,69.4,
2025-12-23T19:41:48.848291,13.7,51.9,69.4,
2025-12-23T19:41:50.367771,1.2,51.8,69.4,
2025-12-23T19:41:54.105814,10.0,51.9,69.4,
2025-12-23T19:41:55.627331,3.6,51.9,69.4,
2025-12-23T19:41:59.346076,13.2,51.9,69.4,
2025-12-23T19:42:00.857173,1.8,52.0,69.4,
2025-12-23T19:42:04.567781,11.0,52.0,69.4,
2025-12-23T19:42:06.083337,1.2,52.0,69.4,
2025-12-23T19:42:09.830250,12.8,52.0,69.4,
2025-12-23T19:42:11.362931,1.8,52.0,69.4,
2025-12-23T19:42:15.052037,14.3,52.0,69.4,
2025-12-23T19:42:16.560907,5.1,52.1,69.4,
2025-12-23T19:42:20.347423,13.5,52.0,69.4,
2025-12-23T19:42:21.866784,2.3,52.1,69.4,
2025-12-23T19:42:25.631690,14.5,52.1,69.4,
2025-12-23T19:42:27.143613,4.1,52.1,69.4,
2025-12-23T19:42:30.870487,11.8,52.1,69.4,
2025-12-23T19:42:32.382830,2.1,52.1,69.4,
2025-12-23T19:42:36.112785,11.0,52.2,69.4,
2025-12-23T19:42:37.623664,1.8,52.2,69.4,
2025-12-23T19:42:41.378701,12.8,52.1,69.4,
2025-12-23T19:42:42.886847,4.1,52.1,69.4,
2025-12-23T19:42:46.614282,9.7,52.1,69.4,
2025-12-23T19:42:48.133705,3.5,52.2,69.4,
2025-12-23T19:42:51.858463,13.1,52.2,69.4,
2025-12-23T19:42:53.376804,4.6,52.2,69.4,
2025-12-23T19:42:57.098705,11.0,52.1,69.4,
2025-12-23T19:42:58.609076,3.5,52.2,69.4,
2025-12-23T19:43:02.333592,12.2,52.2,69.4,
2025-12-23T19:43:03.849297,4.5,52.2,69.4,
2025-12-23T19:43:07.546835,12.7,52.2,69.4,
2025-12-23T19:43:09.072054,2.3,52.1,69.4,
2025-12-23T19:43:12.796072,15.6,52.1,69.4,
2025-12-23T19:43:14.307615,2.3,52.1,69.4,
2025-12-23T19:43:18.031419,15.0,52.1,69.4,
2025-12-23T19:43:19.555484,2.4,52.1,69.4,
2025-12-23T19:43:23.289980,14.2,52.2,69.4,
2025-12-23T19:43:24.810554,1.6,52.1,69.4,
2025-12-23T19:43:28.539244,14.2,52.1,69.4,
2025-12-23T19:43:39.952607,12.2,53.0,69.4,
2025-12-23T19:43:41.476472,1.8,52.9,69.4,
2025-12-23T19:43:45.186719,15.1,52.9,69.4,
2025-12-23T19:43:46.705020,0.4,52.9,69.4,
2025-12-23T19:43:50.389771,13.0,52.8,69.4,
2025-12-23T19:43:51.902395,1.0,52.8,69.4,
2025-12-23T19:43:55.618894,16.7,52.7,69.4,
2025-12-23T19:43:57.143519,0.4,52.7,69.4,
2025-12-23T19:44:00.877150,14.5,52.8,69.4,
2025-12-23T19:44:02.403876,1.0,52.8,69.4,
2025-12-23T19:44:06.122987,15.6,52.9,69.3,
2025-12-23T19:44:07.639590,1.2,53.0,69.3,
2025-12-23T19:44:11.371599,17.5,52.9,69.3,
2025-12-23T19:44:12.886214,1.8,52.9,69.3,
2025-12-23T19:44:16.595549,12.8,52.9,69.3,
2025-12-23T19:44:18.117555,1.4,52.9,69.3,
2025-12-23T19:44:21.844509,16.6,53.1,69.3,
2025-12-23T19:44:23.353111,2.5,53.1,69.3,
2025-12-23T19:44:27.089659,16.1,53.1,69.3,
2025-12-23T19:44:28.614375,1.9,53.1,69.3,
2025-12-23T19:44:32.324785,14.2,53.2,69.3,
2025-12-23T19:44:33.844452,1.8,53.2,69.3,
2025-12-23T19:44:37.552027,11.3,53.2,69.3,
2025-12-23T19:44:39.068984,1.2,53.2,69.3,
2025-12-23T19:44:42.812659,12.4,53.2,69.3,
2025-12-23T19:44:44.329493,1.0,53.2,69.3,
2025-12-23T19:44:48.038424,13.3,53.2,69.3,
2025-12-23T19:44:49.562126,1.0,53.2,69.3,
2025-12-23T19:44:53.266882,13.4,53.0,69.3,
2025-12-23T19:44:54.777456,1.8,53.0,69.3,
2025-12-23T19:44:58.521490,12.3,53.0,69.3,
2025-12-23T19:45:00.055804,0.8,53.0,69.3,
2025-12-23T19:45:03.783595,13.0,52.9,69.3,
2025-12-23T19:45:05.293441,4.1,52.9,69.3,
2025-12-23T19:45:08.992235,11.5,52.8,69.3,
2025-12-23T19:45:10.501439,3.6,52.8,69.3,
2025-12-23T19:45:14.229046,13.5,52.8,69.3,
2025-12-23T19:45:15.743375,3.3,52.8,69.3,
2025-12-23T19:45:19.463539,12.4,52.8,69.3,
2025-12-23T19:45:20.975972,4.3,52.8,69.3,
2025-12-23T19:45:24.714255,13.0,52.9,69.3,
2025-12-23T19:45:26.224958,1.2,52.9,69.3,
2025-12-23T19:45:29.921951,12.1,52.9,69.3,
2025-12-23T19:45:31.442584,1.8,52.9,69.3,
2025-12-23T19:45:35.139896,12.5,52.9,69.3,
2025-12-23T19:45:36.659155,0.4,52.8,69.3,
2025-12-23T19:45:40.376552,13.0,52.8,69.3,
2025-12-23T19:45:41.888978,1.0,52.8,69.3,
2025-12-23T19:45:45.604958,12.0,52.8,69.3,
2025-12-23T19:45:47.123711,1.2,52.8,69.3,
2025-12-23T19:45:50.814636,12.0,52.8,69.3,
2025-12-23T19:45:52.323239,1.6,52.9,69.3,
2025-12-23T19:45:56.025863,13.6,52.9,69.3,
2025-12-23T19:45:57.544633,2.0,52.8,69.3,
2025-12-23T19:46:01.262201,14.5,52.9,69.3,
2025-12-23T19:46:02.782334,1.0,52.9,69.3,
2025-12-23T19:46:06.483725,12.5,52.8,69.3,
2025-12-23T19:46:08.010250,0.8,52.8,69.3,
2025-12-23T19:46:11.704687,11.3,52.8,69.3,
2025-12-23T19:46:13.216269,1.2,52.8,69.3,
2025-12-23T19:46:16.927478,13.7,52.8,69.3,
2025-12-23T19:46:18.452305,1.2,52.8,69.3,
2025-12-23T19:46:22.180008,16.9,52.8,69.3,
2025-12-23T19:46:23.697084,2.3,52.8,69.3,
2025-12-23T19:46:27.457329,13.8,52.6,69.3,
2025-12-23T19:46:28.971806,2.5,52.6,69.3,
2025-12-23T19:46:32.697185,11.3,52.7,69.3,
2025-12-23T19:46:34.207500,0.4,52.6,69.3,
2025-12-23T19:46:37.962658,9.9,52.8,69.3,
2025-12-23T19:46:39.483599,2.5,52.8,69.3,
2025-12-23T19:46:43.196998,12.9,52.9,69.3,
2025-12-23T19:46:44.714846,3.1,52.8,69.3,
2025-12-23T19:46:48.435188,11.8,52.9,69.3,
2025-12-23T19:46:49.960939,2.6,53.3,69.3,
2025-12-23T19:46:53.683000,11.0,53.6,69.3,
2025-12-23T19:46:55.200241,3.4,53.7,69.3,
2025-12-23T19:46:58.931930,16.3,53.8,69.3,
2025-12-23T19:47:00.443294,2.8,53.9,69.3,
2025-12-23T19:47:04.165058,13.6,54.0,69.3,
2025-12-23T19:47:05.674539,3.8,54.0,69.3,
2025-12-23T19:47:09.449461,14.5,54.1,69.3,
2025-12-23T19:47:10.963100,1.8,54.1,69.3,
2025-12-23T19:47:14.699946,12.6,54.1,69.3,
2025-12-23T19:47:16.211002,1.9,54.1,69.3,
2025-12-23T19:47:19.954058,12.6,54.1,69.3,
2025-12-23T19:47:21.475262,2.0,54.0,69.3,
2025-12-23T19:47:25.177106,13.1,54.1,69.3,
2025-12-23T19:47:26.695756,1.2,54.1,69.3,
2025-12-23T19:47:30.436316,14.6,54.1,69.3,
2025-12-23T19:47:31.954046,1.6,54.2,69.3,
2025-12-23T19:47:35.681862,12.5,54.3,69.3,
2025-12-23T19:47:37.194029,2.3,54.3,69.3,
2025-12-23T19:47:40.943173,12.2,54.4,69.3,
2025-12-23T19:47:42.454567,3.7,54.4,69.3,
2025-12-23T19:47:46.214878,12.7,54.5,69.3,
2025-12-23T19:47:47.726760,1.0,54.6,69.3,
2025-12-23T19:47:51.467359,14.5,54.7,69.3,
2025-12-23T19:47:52.986062,5.0,55.1,69.3,
2025-12-23T19:47:56.674902,12.5,55.1,69.3,
2025-12-23T19:47:58.192024,1.2,55.1,69.3,
2025-12-23T19:48:01.905436,14.0,55.1,69.3,
2025-12-23T19:48:03.416461,3.1,55.1,69.3,
2025-12-23T19:48:07.136515,12.4,55.1,69.3,
2025-12-23T19:48:08.654897,2.5,55.1,69.3,
2025-12-23T19:48:12.388184,13.3,55.0,69.3,
2025-12-23T19:48:13.897036,0.8,54.9,69.3,
2025-12-23T19:48:17.618552,13.7,54.9,69.3,
2025-12-23T19:48:19.138330,2.0,54.9,69.3,
2025-12-23T19:48:22.845394,15.4,55.0,69.3,
2025-12-23T19:48:24.360755,2.0,54.6,69.3,
2025-12-23T19:48:28.099272,14.5,54.6,69.3,
2025-12-23T19:48:29.618025,2.2,54.6,69.3,
2025-12-23T19:48:33.318339,12.6,54.6,69.3,
2025-12-23T19:48:34.833807,5.1,54.6,69.3,
2025-12-23T19:48:38.602645,14.3,54.6,69.3,
2025-12-23T19:48:40.118999,1.8,54.6,69.3,
2025-12-23T19:48:43.849111,15.3,53.8,69.3,
2025-12-23T19:48:45.368263,2.9,53.8,69.3,
2025-12-23T19:48:49.101381,13.9,53.8,69.3,
2025-12-23T19:48:50.616985,1.0,53.8,69.3,
2025-12-23T19:48:54.356624,14.5,53.9,69.3,
2025-12-23T19:48:55.878021,1.8,53.8,69.3,
2025-12-23T19:48:59.593676,12.3,53.8,69.3,
2025-12-23T19:49:01.117686,1.4,53.9,69.3,
2025-12-23T19:49:04.848221,15.1,54.0,69.3,
2025-12-23T19:49:06.363009,4.7,53.9,69.3,
2025-12-23T19:49:10.081690,14.4,54.0,69.3,
2025-12-23T19:49:11.598959,1.2,54.0,69.3,
2025-12-23T19:49:15.313135,14.3,54.0,69.3,
2025-12-23T19:49:16.827745,1.8,54.0,69.3,
2025-12-23T19:49:20.541803,14.2,54.0,69.3,
2025-12-23T19:49:22.064118,3.3,54.0,69.3,
2025-12-23T19:49:25.800323,13.2,54.0,69.3,
2025-12-23T19:49:27.315973,1.9,53.4,69.3,
2025-12-23T19:49:31.066868,13.1,53.4,69.3,
2025-12-23T19:49:32.582100,4.5,53.3,69.3,
2025-12-23T19:49:36.335295,11.5,53.4,69.3,
2025-12-23T19:49:37.851298,2.3,53.5,69.3,
2025-12-23T19:49:41.549806,13.4,53.5,69.3,
2025-12-23T19:49:43.059036,1.2,53.5,69.3,
2025-12-23T19:49:46.793440,11.9,53.5,69.3,
2025-12-23T19:49:48.309178,1.6,53.5,69.3,
2025-12-23T19:49:52.027616,11.9,53.5,69.3,
2025-12-23T19:49:53.537760,1.0,53.5,69.3,
2025-12-23T19:49:57.256222,13.5,53.5,69.3,
2025-12-23T19:49:58.770790,2.0,53.4,69.3,
2025-12-23T19:50:02.475516,14.1,53.4,69.3,
2025-12-23T19:50:03.993257,3.9,53.4,69.3,
2025-12-23T19:50:07.705383,14.0,53.5,69.3,
2025-12-23T19:50:09.221751,2.5,53.4,69.3,
2025-12-23T19:50:12.940269,16.5,53.4,69.3,
2025-12-23T19:50:14.457484,3.3,53.4,69.3,
2025-12-23T19:50:18.157782,11.1,53.4,69.3,
2025-12-23T19:50:19.672332,2.9,53.4,69.3,
2025-12-23T19:50:23.409621,15.2,53.4,69.3,
2025-12-23T19:50:24.918953,1.4,53.4,69.3,
2025-12-23T19:50:28.627145,13.0,53.4,69.3,
2025-12-23T19:50:30.140757,2.9,53.4,69.3,
2025-12-23T19:50:33.860553,12.5,53.4,69.3,
2025-12-23T19:50:35.369276,1.4,53.4,69.3,
2025-12-23T19:50:39.084650,11.7,53.5,69.3,
2025-12-23T19:50:40.600558,1.4,53.5,69.3,
2025-12-23T19:50:44.330500,11.9,53.5,69.3,
2025-12-23T19:50:45.849377,1.4,53.5,69.3,
2025-12-23T19:50:49.578736,14.4,53.5,69.3,
2025-12-23T19:50:51.087915,1.4,53.5,69.3,
2025-12-23T19:50:54.836791,12.3,53.5,69.3,
2025-12-23T19:50:56.348594,3.3,53.5,69.3,
2025-12-23T19:51:00.073582,18.0,53.6,69.3,
2025-12-23T19:51:01.585069,2.3,53.7,69.3,
2025-12-23T19:51:05.295409,14.8,53.7,69.3,
2025-12-23T19:51:06.810194,2.2,53.7,69.3,
2025-12-23T19:51:10.565397,14.2,53.7,69.3,
2025-12-23T19:51:12.085842,2.5,53.7,69.3,
2025-12-23T19:51:15.786088,11.7,53.7,69.3,
2025-12-23T19:51:17.301785,2.3,53.7,69.3,
2025-12-23T19:51:21.008494,12.7,53.7,69.3,
2025-12-23T19:51:22.518125,2.2,53.7,69.3,
2025-12-23T19:51:26.264610,11.4,54.0,69.3,
2025-12-23T19:51:27.780879,1.2,54.0,69.3,
2025-12-23T19:51:31.494491,13.3,54.0,69.3,
2025-12-23T19:51:33.015260,2.5,54.0,69.3,
2025-12-23T19:51:36.712494,10.1,54.1,69.3,
2025-12-23T19:51:38.230221,1.0,54.1,69.3,
2025-12-23T19:51:41.953669,13.6,54.1,69.3,
2025-12-23T19:51:43.470455,0.4,54.1,69.3,
2025-12-23T19:51:47.195249,14.0,54.1,69.3,
2025-12-23T19:51:48.714062,1.8,54.1,69.3,
2025-12-23T19:51:52.430190,15.8,54.1,69.3,
2025-12-23T19:51:53.948496,2.2,54.0,69.3,
2025-12-23T19:51:57.685212,11.5,53.8,69.3,
2025-12-23T19:51:59.195685,2.3,53.7,69.3,
2025-12-23T19:52:02.933539,15.2,53.7,69.3,
2025-12-23T19:52:04.442315,2.0,53.7,69.3,
2025-12-23T19:52:08.186223,11.9,53.7,69.3,
2025-12-23T19:52:09.703049,0.6,53.5,69.3,
2025-12-23T19:52:13.419094,13.0,53.5,69.3,
2025-12-23T19:52:14.929536,1.6,53.5,69.3,
2025-12-23T19:52:18.671438,18.3,53.5,69.3,
2025-12-23T19:52:20.192861,2.5,53.5,69.3,
2025-12-23T19:52:23.902428,12.7,53.7,69.3,
2025-12-23T19:52:25.416880,2.7,53.8,69.3,
2025-12-23T19:52:29.152363,16.6,53.8,69.3,
2025-12-23T19:52:30.660892,1.2,53.8,69.3,
2025-12-23T19:52:34.390405,14.8,53.7,69.3,
2025-12-23T19:52:35.905370,3.3,53.7,69.3,
2025-12-23T19:52:39.622588,12.9,53.7,69.3,
2025-12-23T19:52:41.141805,2.3,53.7,69.3,
2025-12-23T19:52:44.851549,14.3,53.8,69.3,
2025-12-23T19:52:46.364786,2.1,53.8,69.3,
2025-12-23T19:52:50.125953,14.3,53.8,69.3,
2025-12-23T19:52:51.637736,3.7,53.8,69.3,
2025-12-23T19:52:55.387646,11.8,53.8,69.3,
2025-12-23T19:52:56.905421,3.9,53.8,69.3,
2025-12-23T19:53:00.629415,14.3,53.8,69.3,
2025-12-23T19:53:02.146565,0.6,53.8,69.3,
2025-12-23T19:53:05.872108,13.4,53.9,69.3,
2025-12-23T19:53:07.382176,2.1,53.9,69.3,
2025-12-23T19:53:11.115415,14.2,54.0,69.3,
2025-12-23T19:53:12.636577,2.0,54.1,69.3,
2025-12-23T19:53:16.367918,14.4,54.2,69.3,
2025-12-23T19:53:17.882503,0.8,54.3,69.3,
2025-12-23T19:53:21.841882,13.2,55.4,69.3,
2025-12-23T19:53:23.365549,4.1,55.5,69.3,
2025-12-23T19:53:27.237115,8.9,55.7,69.3,
2025-12-23T19:53:28.754227,3.1,55.7,69.3,
2025-12-23T19:53:32.650450,9.8,55.4,69.3,
2025-12-23T19:53:34.169844,3.1,55.5,69.3,
2025-12-23T19:53:38.026413,10.9,55.5,69.3,
2025-12-23T19:53:39.544345,0.6,55.6,69.3,
2025-12-23T19:53:43.414850,10.7,55.6,69.3,
2025-12-23T19:53:44.931333,0.2,55.6,69.3,
2025-12-23T19:53:50.913121,45.2,56.0,69.3,
2025-12-23T19:53:52.529286,82.8,56.0,69.3,
2025-12-23T19:53:55.982350,19.0,56.3,69.3,
2025-12-23T19:53:57.497116,1.0,56.3,69.3,
2025-12-23T19:54:01.203371,17.4,56.4,69.3,
2025-12-23T19:54:02.722330,1.0,56.4,69.3,
2025-12-23T19:54:06.410937,14.8,56.3,69.3,
2025-12-23T19:54:07.926776,0.0,56.3,69.3,
2025-12-23T19:54:11.613146,16.3,56.2,69.3,
2025-12-23T19:54:13.125337,0.4,56.3,69.3,
2025-12-23T19:54:16.804117,15.0,56.3,69.3,
2025-12-23T19:54:18.312382,2.1,56.2,69.3,
2025-12-23T19:54:22.018799,17.6,56.2,69.3,
2025-12-23T19:54:23.529302,2.2,56.3,69.3,
2025-12-23T19:54:27.233985,12.7,56.4,69.3,
2025-12-23T19:54:28.744691,2.5,56.4,69.3,
2025-12-23T19:54:32.414677,12.4,56.4,69.3,
2025-12-23T19:54:33.924840,0.8,56.4,69.3,
2025-12-23T19:54:37.630464,12.5,56.3,69.3,
2025-12-23T19:54:39.139281,2.0,56.3,69.3,
2025-12-23T19:54:42.810259,12.6,56.3,69.3,
2025-12-23T19:54:44.326496,1.0,56.3,69.3,
2025-12-23T19:54:48.013685,14.7,56.3,69.3,
2025-12-23T19:54:49.526159,1.6,56.4,69.3,
2025-12-23T19:54:53.176771,13.0,56.4,69.3,
2025-12-23T19:54:54.708050,0.2,56.3,69.3,
2025-12-23T19:54:58.393604,14.6,56.4,69.3,
2025-12-23T19:54:59.908497,1.9,56.5,69.3,
2025-12-23T19:55:03.571245,12.7,56.4,69.3,
2025-12-23T19:55:05.083164,1.8,56.5,69.3,
2025-12-23T19:55:08.790072,14.3,56.5,69.3,
2025-12-23T19:55:10.306458,1.2,56.4,69.3,
2025-12-23T19:55:14.017647,16.1,56.4,69.3,
2025-12-23T19:55:15.524071,1.2,56.4,69.3,
2025-12-23T19:55:19.204742,14.3,56.4,69.3,
2025-12-23T19:55:20.722034,1.2,56.3,69.3,
2025-12-23T19:55:24.405397,17.3,56.4,69.3,
2025-12-23T19:55:25.921577,1.8,56.5,69.3,
2025-12-23T19:55:30.865019,30.5,55.9,69.3,
2025-12-23T19:55:32.390014,5.6,55.9,69.3,
2025-12-23T19:55:36.058740,12.6,56.1,69.3,
2025-12-23T19:55:37.570053,2.2,56.1,69.3,
2025-12-23T19:55:41.467556,32.7,56.0,69.3,
2025-12-23T19:55:43.003997,22.0,56.0,69.3,
2025-12-23T19:55:46.651881,13.9,56.3,69.3,
2025-12-23T19:55:48.172018,1.2,56.2,69.3,
2025-12-23T19:55:51.840450,14.8,56.2,69.3,
2025-12-23T19:55:53.346157,0.6,56.3,69.3,
2025-12-23T19:55:57.087642,13.8,56.3,69.3,
2025-12-23T19:55:58.601910,0.8,56.2,69.3,
2025-12-23T19:56:02.317266,12.5,56.2,69.3,
2025-12-23T19:56:03.834845,1.2,56.2,69.3,
2025-12-23T19:56:07.531773,13.9,56.2,69.3,
2025-12-23T19:56:09.049853,1.8,56.2,69.3,
2025-12-23T19:56:12.704817,13.3,56.2,69.3,
2025-12-23T19:56:14.216944,0.8,56.2,69.3,
2025-12-23T19:56:17.891415,13.3,56.2,69.3,
2025-12-23T19:56:19.397885,1.0,56.2,69.3,
2025-12-23T19:56:23.080308,14.6,56.2,69.3,
2025-12-23T19:56:24.599006,0.8,56.2,69.3,
2025-12-23T19:56:28.288204,12.6,56.1,69.3,
2025-12-23T19:56:29.799071,1.4,56.1,69.3,
2025-12-23T19:56:33.486472,14.5,56.1,69.3,
2025-12-23T19:56:34.995823,1.9,56.1,69.3,
2025-12-23T19:56:38.694836,13.1,56.1,69.3,
2025-12-23T19:56:40.212035,0.8,56.1,69.3,
2025-12-23T19:56:44.757529,15.0,56.0,69.3,
2025-12-23T19:56:46.299748,9.9,55.9,69.3,
2025-12-23T19:56:49.958165,13.4,56.0,69.3,
2025-12-23T19:56:51.463917,1.4,56.1,69.3,
2025-12-23T19:56:55.971008,29.3,56.0,69.3,
2025-12-23T19:56:57.481916,21.2,56.0,69.3,
2025-12-23T19:57:01.116420,14.3,56.1,69.3,
2025-12-23T19:57:02.626816,0.6,56.1,69.3,
2025-12-23T19:57:06.319259,13.0,56.1,69.3,
2025-12-23T19:57:07.825890,1.2,56.1,69.3,
2025-12-23T19:57:11.527441,14.1,55.3,69.3,
2025-12-23T19:57:13.042128,0.8,55.3,69.3,
2025-12-23T19:57:17.497829,30.7,55.3,69.3,
2025-12-23T19:57:19.034146,22.8,55.3,69.3,
2025-12-23T19:57:22.658371,13.3,55.3,69.3,
2025-12-23T19:57:24.174048,1.0,55.3,69.3,
2025-12-23T19:57:27.879626,11.5,55.4,69.3,
2025-12-23T19:57:29.390662,1.4,55.4,69.3,
2025-12-23T19:57:33.954299,19.8,55.4,69.3,
2025-12-23T19:57:35.474654,19.2,55.3,69.3,
2025-12-23T19:57:40.115354,14.0,55.1,69.3,
2025-12-23T19:57:41.628959,9.5,55.0,69.3,
2025-12-23T19:57:45.308161,11.5,55.4,69.3,
2025-12-23T19:57:46.820334,1.2,55.4,69.3,
2025-12-23T19:57:50.540797,11.1,55.3,69.3,
2025-12-23T19:57:52.064319,1.0,55.3,69.3,
2025-12-23T19:57:55.729283,14.2,55.3,69.3,
2025-12-23T19:57:57.236414,1.2,55.4,69.3,
2025-12-23T19:58:00.917808,13.9,55.4,69.3,
2025-12-23T19:58:02.437437,0.6,55.4,69.3,
2025-12-23T19:58:06.118769,13.7,55.3,69.3,
2025-12-23T19:58:07.636107,0.6,55.4,69.3,
2025-12-23T19:58:11.280549,13.7,55.4,69.3,
2025-12-23T19:58:12.788608,1.2,55.4,69.3,
2025-12-23T19:58:16.477027,11.7,55.4,69.3,
2025-12-23T19:58:17.985232,1.0,55.4,69.3,
2025-12-23T19:58:21.699435,15.2,55.4,69.3,
2025-12-23T19:58:23.216605,1.6,55.4,69.3,
2025-12-23T19:58:27.811985,31.1,55.2,69.3,
2025-12-23T19:58:29.320764,25.1,55.5,69.3,
2025-12-23T19:58:33.025220,13.3,55.6,69.3,
2025-12-23T19:58:34.532517,1.0,55.6,69.3,
2025-12-23T19:58:38.245897,14.7,55.7,69.3,
2025-12-23T19:58:39.766123,3.0,55.7,69.3,
2025-12-23T19:58:44.332889,14.0,55.4,69.3,
2025-12-23T19:58:45.851763,18.5,55.3,69.3,
2025-12-23T19:58:49.541929,12.6,55.6,69.3,
2025-12-23T19:58:51.057465,0.8,55.5,69.3,
2025-12-23T19:58:54.751992,17.3,55.8,69.3,
2025-12-23T19:58:56.262406,6.4,55.8,69.3,
2025-12-23T19:58:59.966367,13.4,52.9,69.3,
2025-12-23T19:59:01.483870,1.0,53.1,69.3,
2025-12-23T19:59:05.177279,13.0,53.1,69.3,
2025-12-23T19:59:06.696259,1.9,53.2,69.3,
2025-12-23T19:59:10.391994,13.8,53.1,69.3,
2025-12-23T19:59:11.908574,0.4,53.1,69.3,
2025-12-23T19:59:15.622977,10.1,53.1,69.3,
2025-12-23T19:59:17.145491,0.8,53.1,69.3,
2025-12-23T19:59:21.980077,21.3,52.9,69.3,
2025-12-23T19:59:23.497495,7.0,52.8,69.3,
2025-12-23T19:59:27.194677,13.6,53.1,69.3,
2025-12-23T19:59:28.710651,0.6,53.1,69.3,
2025-12-23T19:59:32.404505,16.2,53.1,69.3,
2025-12-23T19:59:33.927121,1.2,53.2,69.3,
2025-12-23T19:59:37.592087,14.1,53.2,69.3,
2025-12-23T19:59:39.108413,1.0,53.2,69.3,
2025-12-23T19:59:43.805503,16.2,52.9,69.3,
2025-12-23T19:59:45.329880,9.5,52.9,69.3,
2025-12-23T19:59:49.001824,11.9,53.2,69.3,
2025-12-23T19:59:50.507899,2.2,53.3,69.3,
2025-12-23T19:59:54.202945,11.2,53.3,69.3,
2025-12-23T19:59:55.723674,1.0,53.3,69.3,
2025-12-23T19:59:59.412852,14.0,54.1,69.3,
2025-12-23T20:00:00.924053,3.7,53.9,69.3,
2025-12-23T20:00:04.605858,10.9,53.9,69.3,
2025-12-23T20:00:06.124292,1.8,53.9,69.3,
2025-12-23T20:00:10.669565,27.8,53.7,69.3,
2025-12-23T20:00:12.194584,21.6,53.7,69.3,
2025-12-23T20:00:15.840876,13.4,53.8,69.3,
2025-12-23T20:00:17.353921,1.0,53.8,69.3,
2025-12-23T20:00:21.097761,12.3,53.8,69.3,
2025-12-23T20:00:22.618445,1.0,54.0,69.3,
2025-12-23T20:00:26.332085,12.1,54.4,69.3,
2025-12-23T20:00:27.840633,2.2,54.5,69.3,
2025-12-23T20:00:31.537939,13.7,54.2,69.3,
2025-12-23T20:00:33.054462,2.6,54.2,69.3,
2025-12-23T20:00:36.750656,13.6,54.0,69.3,
2025-12-23T20:00:38.266840,1.8,54.1,69.3,
2025-12-23T20:00:43.836461,1.6,54.1,69.3,
2025-12-23T20:00:45.353533,3.3,54.1,69.3,
2025-12-23T20:00:50.934248,2.7,53.5,69.3,
2025-12-23T20:00:52.441839,1.6,53.5,69.3,
2025-12-23T20:00:58.015464,3.1,53.6,69.3,
2026-01-05T18:04:00.566752,2.7,58.6,70.9,
2026-01-05T18:04:02.082929,1.6,58.7,70.9,
2026-01-05T18:04:07.664000,1.6,58.7,70.9,
2026-01-05T18:04:09.178893,0.4,58.7,70.9,
2026-01-05T18:04:14.801858,5.6,59.2,70.9,
2026-01-05T18:04:16.309596,0.6,59.2,70.9,
2026-01-05T18:04:21.928419,1.7,59.2,70.9,
2026-01-05T18:04:23.441883,0.6,59.2,70.9,
2026-01-05T18:04:27.317890,12.1,60.2,70.9,
2026-01-05T18:04:28.831203,0.8,60.5,70.9,
2026-01-05T18:04:32.526003,12.1,60.5,70.9,
2026-01-05T18:04:34.037134,0.6,60.5,70.9,
2026-01-05T18:04:37.721439,12.2,56.3,70.9,
2026-01-05T18:04:39.254450,2.9,56.1,70.9,
2026-01-05T18:04:42.913977,12.6,56.1,70.9,
2026-01-05T18:04:44.427346,0.2,55.9,70.9,
2026-01-05T18:04:48.122566,14.1,55.7,70.9,
2026-01-05T18:04:49.632714,1.6,55.3,70.9,
2026-01-05T18:04:53.306391,12.2,55.0,70.9,
2026-01-05T18:04:54.819589,0.0,55.0,70.9,
2026-01-05T18:04:58.497030,10.7,54.7,70.9,
2026-01-05T18:05:00.005599,0.0,54.7,70.9,
2026-01-05T18:05:03.708301,16.3,54.9,70.9,
2026-01-05T18:05:05.214366,1.6,54.9,70.9,
2026-01-05T18:05:08.895310,12.1,54.9,70.9,
2026-01-05T18:05:10.407631,1.9,54.5,70.9,
2026-01-05T18:05:14.112895,11.4,54.2,70.9,
2026-01-05T18:05:15.623420,1.9,54.2,70.9,
2026-01-05T18:05:19.336329,12.4,54.4,70.9,
2026-01-05T18:05:20.854933,2.1,54.5,70.9,
2026-01-05T18:05:24.524260,14.3,54.9,70.9,
2026-01-05T18:05:26.038886,3.3,55.0,70.9,
2026-01-05T18:05:29.712728,15.6,54.9,70.9,
2026-01-05T18:05:31.221885,1.2,54.9,70.9,
2026-01-05T18:05:34.943806,12.3,54.8,70.9,
2026-01-05T18:05:36.455439,1.6,54.8,70.9,
2026-01-05T18:05:40.124020,13.6,54.7,70.9,
2026-01-05T18:05:41.635703,0.4,54.7,70.9,
2026-01-05T18:05:45.326496,13.1,54.7,70.9,
2026-01-05T18:05:46.836045,0.8,54.7,70.9,
2026-01-05T18:05:50.528525,12.5,54.7,70.9,
2026-01-05T18:05:52.036279,1.2,54.8,70.9,
2026-01-05T18:05:55.747634,10.9,54.7,70.9,
2026-01-05T18:05:57.270344,1.4,54.7,70.9,
2026-01-05T18:06:00.954686,11.4,54.7,70.9,
2026-01-05T18:06:02.467977,1.4,54.7,70.9,
2026-01-05T18:06:06.136344,14.5,55.1,70.9,
2026-01-05T18:06:07.645029,6.3,55.0,70.9,
2026-01-05T18:06:11.380729,9.6,51.3,70.9,
2026-01-05T18:06:12.900958,1.8,51.3,70.9,
2026-01-05T18:06:16.595745,13.4,51.3,70.9,
2026-01-05T18:06:18.113542,1.2,51.3,70.9,
2026-01-05T18:06:21.799370,12.1,51.7,70.9,
2026-01-05T18:06:23.315533,3.5,51.7,70.9,
2026-01-05T18:06:26.987497,12.5,51.7,70.9,
2026-01-05T18:06:28.499675,1.8,51.7,70.9,
2026-01-05T18:06:32.178245,11.4,51.7,70.9,
2026-01-05T18:06:33.701933,4.3,51.8,70.9,
2026-01-05T18:06:37.371484,13.6,51.9,70.9,
2026-01-05T18:06:38.880669,2.3,51.9,70.9,
2026-01-05T18:06:42.601825,14.1,52.1,70.9,
2026-01-05T18:06:44.113786,2.4,52.2,70.9,
2026-01-05T18:06:47.864264,14.6,51.7,70.9,
2026-01-05T18:06:49.380692,2.9,51.7,70.9,
2026-01-05T18:06:53.044600,14.9,51.8,70.9,
2026-01-05T18:06:54.564019,5.4,51.8,70.9,
2026-01-05T18:06:58.250244,12.1,51.8,70.9,
2026-01-05T18:06:59.763769,5.7,51.7,70.9,
2026-01-05T18:07:03.496137,12.6,51.3,70.9,
2026-01-05T18:07:05.013525,2.7,51.3,70.9,
2026-01-05T18:07:08.678643,15.7,51.4,70.9,
2026-01-05T18:07:10.194552,2.9,51.5,70.9,
2026-01-05T18:07:13.887691,13.1,52.0,70.9,
2026-01-05T18:07:15.394303,4.5,52.4,70.9,
2026-01-05T18:07:19.101349,12.1,52.5,70.9,
2026-01-05T18:07:20.612379,3.1,52.4,70.9,
2026-01-05T18:07:24.313252,13.9,52.6,70.9,
2026-01-05T18:07:25.825485,2.8,52.5,70.9,
2026-01-05T18:07:29.519802,12.5,52.4,70.9,
2026-01-05T18:07:31.042817,0.4,52.5,70.9,
2026-01-05T18:07:34.717875,14.3,52.5,70.9,
2026-01-05T18:07:36.225104,1.6,52.4,70.9,
2026-01-05T18:07:39.913008,15.0,52.4,70.9,
2026-01-05T18:07:41.427507,4.2,52.4,70.9,
2026-01-05T18:07:45.107524,14.2,52.4,70.9,
2026-01-05T18:07:46.623610,0.8,52.4,70.9,
2026-01-05T18:07:50.284293,13.6,52.4,70.9,
2026-01-05T18:07:51.790479,3.6,52.5,70.9,
2026-01-05T18:07:55.489657,11.0,52.5,70.9,
2026-01-05T18:07:57.007069,1.2,52.5,70.9,
2026-01-05T18:08:00.695504,11.0,52.4,70.9,
2026-01-05T18:08:02.206302,0.6,52.5,70.9,
2026-01-05T18:08:05.913855,13.3,52.5,70.9,
2026-01-05T18:08:07.427810,1.6,52.5,70.9,
2026-01-05T18:08:11.117209,12.9,52.3,70.9,
2026-01-05T18:08:12.625327,1.4,52.3,70.9,
2026-01-05T18:08:16.301864,16.4,52.4,70.9,
2026-01-05T18:08:17.820441,1.7,52.4,70.9,
2026-01-05T18:08:21.511110,15.2,52.3,70.9,
2026-01-05T18:08:23.020665,2.9,52.3,70.9,
2026-01-05T18:08:26.725871,13.8,52.5,70.9,
2026-01-05T18:08:28.236833,3.2,52.5,70.9,
2026-01-05T18:08:31.932319,16.1,52.5,70.9,
2026-01-05T18:08:33.453164,4.9,52.4,70.9,
2026-01-05T18:08:37.110144,12.1,52.4,70.9,
2026-01-05T18:08:38.620662,3.2,52.4,70.9,
2026-01-05T18:08:42.339284,16.1,52.3,70.9,
2026-01-05T18:08:43.850455,4.8,52.4,70.9,
2026-01-05T18:08:47.533689,13.8,52.4,70.9,
2026-01-05T18:08:49.051730,4.3,52.4,70.9,
2026-01-05T18:08:52.716961,12.6,52.4,70.9,
2026-01-05T18:08:54.228082,0.6,52.4,70.9,
2026-01-05T18:08:57.921376,10.4,52.4,70.9,
2026-01-05T18:08:59.434373,2.0,52.4,70.9,
2026-01-05T18:09:03.136606,13.7,52.4,70.9,
2026-01-05T18:09:04.648151,0.8,52.3,70.9,
2026-01-05T18:09:08.327316,12.9,52.3,70.9,
2026-01-05T18:09:09.832536,3.7,52.0,70.9,
2026-01-05T18:09:13.498437,13.8,51.9,70.9,
2026-01-05T18:09:15.031745,1.4,51.9,70.9,
2026-01-05T18:09:18.668198,12.5,52.0,70.9,
2026-01-05T18:09:20.179996,0.6,52.0,70.9,
2026-01-05T18:09:23.858383,13.4,52.1,70.9,
2026-01-05T18:09:25.365426,1.0,52.1,70.9,
2026-01-05T18:09:29.064220,11.7,52.1,70.9,
2026-01-05T18:09:30.580819,3.1,52.0,70.9,
2026-01-05T18:09:34.284030,14.8,52.0,70.9,
2026-01-05T18:09:35.795433,7.2,52.3,70.9,
2026-01-05T18:09:39.464612,12.9,52.4,70.9,
2026-01-05T18:09:40.973193,2.7,52.4,70.9,
2026-01-05T18:09:44.660619,11.7,52.5,70.9,
2026-01-05T18:09:46.180216,0.6,52.4,70.9,
2026-01-05T18:09:49.807101,13.4,52.4,70.9,
2026-01-05T18:09:51.316980,2.1,52.3,70.9,
2026-01-05T18:09:54.996125,14.9,52.5,70.9,
2026-01-05T18:09:56.510072,1.4,52.5,70.9,
2026-01-05T18:10:00.149674,12.8,52.5,70.9,
2026-01-05T18:10:01.659116,6.1,52.7,70.9,
2026-01-05T18:10:05.380456,15.2,52.8,70.9,
2026-01-05T18:10:06.891466,6.6,52.7,70.9,
2026-01-05T18:10:10.568420,10.2,52.7,70.9,
2026-01-05T18:10:12.075239,1.2,52.7,70.9,
2026-01-05T18:10:15.752018,11.5,52.6,70.9,
2026-01-05T18:10:17.271728,2.3,52.6,70.9,
2026-01-05T18:10:20.943452,13.5,52.6,70.9,
2026-01-05T18:10:22.458531,2.5,52.6,70.9,
2026-01-05T18:10:26.128644,12.5,52.0,70.9,
2026-01-05T18:10:27.647698,1.2,52.0,70.9,
2026-01-05T18:10:31.318801,13.2,52.0,70.9,
2026-01-05T18:10:32.824615,1.4,52.0,70.9,
2026-01-05T18:10:36.510005,17.3,52.1,70.9,
2026-01-05T18:10:38.024130,3.6,52.0,70.9,
2026-01-05T18:10:41.697464,15.3,52.2,70.9,
2026-01-05T18:10:43.205422,4.1,52.3,70.9,
2026-01-05T18:10:46.898676,12.7,52.3,70.9,
2026-01-05T18:10:48.405305,2.3,52.3,70.9,
2026-01-05T18:10:52.055403,13.2,52.2,70.9,
2026-01-05T18:10:53.574849,2.9,52.2,70.9,
2026-01-05T18:10:57.245167,13.8,52.2,70.9,
2026-01-05T18:10:58.755018,3.5,52.3,70.9,
2026-01-05T18:11:02.441401,12.1,52.4,70.9,
2026-01-05T18:11:03.955252,0.6,52.4,70.9,
2026-01-05T18:11:07.605191,14.1,52.4,70.9,
2026-01-05T18:11:09.110720,3.1,52.4,70.9,
2026-01-05T18:11:12.774032,14.0,52.4,70.9,
2026-01-05T18:11:14.285604,2.4,52.6,70.9,
2026-01-05T18:11:17.982386,14.5,52.7,70.9,
2026-01-05T18:11:19.498956,2.2,52.7,70.9,
2026-01-05T18:11:23.144965,13.6,52.8,70.9,
2026-01-05T18:11:24.650946,2.9,52.9,70.9,
2026-01-05T18:11:28.398112,12.8,53.0,70.9,
2026-01-05T18:11:29.928504,4.3,53.1,70.9,
2026-01-05T18:11:33.580419,17.4,53.2,70.9,
2026-01-05T18:11:35.100059,4.5,53.3,70.9,
2026-01-05T18:11:38.763104,13.1,53.5,70.9,
2026-01-05T18:11:40.268808,4.5,53.5,70.9,
2026-01-05T18:11:43.963117,13.8,53.6,70.9,
2026-01-05T18:11:45.473898,2.2,53.3,70.9,
2026-01-05T18:11:49.206612,14.7,54.8,70.9,
2026-01-05T18:11:50.715635,8.4,56.8,70.9,
2026-01-05T18:11:54.419717,11.6,52.5,70.9,
2026-01-05T18:11:55.930847,6.7,52.4,70.9,
2026-01-05T18:11:59.639984,15.8,52.5,70.9,
2026-01-05T18:12:01.148488,5.1,52.6,70.9,
2026-01-05T18:12:04.820326,16.0,52.6,70.9,
2026-01-05T18:12:06.329377,6.7,52.6,70.9,
2026-01-05T18:12:10.006580,16.2,52.6,70.9,
2026-01-05T18:12:11.516243,3.5,52.8,70.9,
2026-01-05T18:12:15.251815,13.0,52.8,70.9,
2026-01-05T18:12:16.765541,3.2,52.8,70.9,
2026-01-05T18:12:20.463419,14.4,52.8,70.9,
2026-01-05T18:12:21.978355,2.5,52.9,70.9,
2026-01-05T18:12:25.660352,13.2,52.9,70.9,
2026-01-05T18:12:27.178983,2.7,52.9,70.9,
2026-01-05T18:12:30.869482,13.2,52.9,70.9,
2026-01-05T18:12:32.377890,1.6,53.0,70.9,
2026-01-05T18:12:36.094290,17.1,53.2,70.9,
2026-01-05T18:12:37.609707,1.2,53.1,70.9,
2026-01-05T18:12:41.281494,12.7,53.0,70.9,
2026-01-05T18:12:42.794098,1.8,52.9,70.9,
2026-01-05T18:12:46.458685,16.0,53.0,70.9,
2026-01-05T18:12:47.972496,1.0,53.0,70.9,
2026-01-05T18:12:51.656221,14.0,53.1,70.9,
2026-01-05T18:12:53.174877,0.4,53.0,70.9,
2026-01-05T18:12:56.844411,11.3,53.0,70.9,
2026-01-05T18:12:58.358237,1.4,53.0,70.9,
2026-01-05T18:13:02.041204,12.4,53.0,70.9,
2026-01-05T18:13:03.555100,2.8,53.0,70.9,
2026-01-05T18:13:07.243092,19.4,52.8,70.9,
2026-01-05T18:13:08.757322,1.6,52.8,70.9,
2026-01-05T18:13:12.458045,11.3,52.9,70.9,
2026-01-05T18:13:13.972641,4.3,52.9,70.9,
2026-01-05T18:13:17.645486,11.2,53.0,70.9,
2026-01-05T18:13:19.156617,1.9,53.0,70.9,
2026-01-05T18:13:22.839692,10.7,53.0,70.9,
2026-01-05T18:13:24.356559,2.1,53.0,70.9,
2026-01-05T18:13:28.039062,12.3,53.0,70.9,
2026-01-05T18:13:29.556059,2.0,53.0,70.9,
2026-01-05T18:13:33.208385,15.8,52.9,70.9,
2026-01-05T18:13:34.722250,4.1,53.0,70.9,
2026-01-05T18:13:38.436359,16.7,53.0,70.9,
2026-01-05T18:13:39.953230,2.5,53.3,70.9,
2026-01-05T18:13:43.657160,13.1,53.3,70.9,
2026-01-05T18:13:45.168992,1.5,53.3,70.9,
2026-01-05T18:13:48.881400,16.1,53.2,70.9,
2026-01-05T18:13:50.404036,0.8,53.2,70.9,
2026-01-05T18:13:54.092209,12.2,53.1,70.9,
2026-01-05T18:13:55.601520,2.7,53.2,70.9,
2026-01-05T18:13:59.319635,11.5,53.3,70.9,
2026-01-05T18:14:00.835074,5.6,53.6,70.9,
2026-01-05T18:14:04.506310,15.0,53.7,70.9,
2026-01-05T18:14:06.015579,1.4,53.7,70.9,
2026-01-05T18:14:09.722825,13.9,53.8,70.9,
2026-01-05T18:14:11.232430,1.8,53.8,70.9,
2026-01-05T18:14:14.941458,13.5,54.0,70.9,
2026-01-05T18:14:16.450124,3.0,54.1,70.9,
2026-01-05T18:14:20.154922,12.1,54.2,70.9,
2026-01-05T18:14:21.666565,2.0,54.2,70.9,
2026-01-05T18:14:25.357657,13.4,54.2,70.9,
2026-01-05T18:14:26.866805,2.0,54.3,70.9,
2026-01-05T18:14:30.543202,13.6,54.1,70.9,
2026-01-05T18:14:32.049816,1.7,54.0,70.9,
2026-01-05T18:14:35.738126,8.0,53.5,70.9,
2026-01-05T18:14:37.248968,1.2,53.5,70.9,
2026-01-05T18:14:40.928873,12.1,53.5,70.9,
2026-01-05T18:14:42.448849,2.2,53.5,70.9,
2026-01-05T18:14:46.149937,14.0,53.5,70.9,
2026-01-05T18:14:47.663849,0.8,53.5,70.9,
2026-01-05T18:14:51.388758,11.2,53.5,70.9,
2026-01-05T18:14:52.897831,1.9,53.5,70.9,
2026-01-05T18:14:56.592600,13.3,53.5,70.9,
2026-01-05T18:14:58.112106,1.0,53.5,70.9,
2026-01-05T18:15:01.805595,15.0,52.7,70.9,
2026-01-05T18:15:03.328026,2.1,52.7,70.9,
2026-01-05T18:15:06.990922,11.4,52.7,70.9,
2026-01-05T18:15:08.512641,0.6,52.7,70.9,
2026-01-05T18:15:12.222539,13.4,52.7,70.9,
2026-01-05T18:15:13.744544,0.8,52.6,70.9,
2026-01-05T18:15:17.420864,14.5,52.6,70.9,
2026-01-05T18:15:18.926536,0.2,52.6,70.9,
2026-01-05T18:15:22.636172,12.7,52.8,70.9,
2026-01-05T18:15:24.145559,2.7,52.9,70.9,
2026-01-05T18:15:27.827432,15.1,52.9,70.9,
2026-01-05T18:15:29.341530,4.5,52.9,70.9,
2026-01-05T18:15:33.029032,11.7,52.9,70.9,
2026-01-05T18:15:34.542116,3.9,52.9,70.9,
2026-01-05T18:15:38.265477,14.6,52.8,70.9,
2026-01-05T18:15:39.774735,1.9,52.7,70.9,
2026-01-05T18:15:43.491623,12.8,52.7,70.9,
2026-01-05T18:15:45.005262,1.0,52.7,70.9,
2026-01-05T18:15:48.681967,12.9,52.8,70.9,
2026-01-05T18:15:50.200277,1.2,52.8,70.9,
2026-01-05T18:15:53.865858,12.9,52.9,70.9,
2026-01-05T18:15:55.373920,5.1,52.9,70.9,
2026-01-05T18:15:59.067307,10.8,52.9,70.9,
2026-01-05T18:16:00.589471,2.6,52.9,70.9,
2026-01-05T18:16:04.227587,13.6,53.0,70.9,
2026-01-05T18:16:05.739709,2.7,52.9,70.9,
2026-01-05T18:16:09.429791,16.0,53.2,70.9,
2026-01-05T18:16:10.938851,1.8,53.3,70.9,
2026-01-05T18:16:14.591936,14.4,53.1,70.9,
2026-01-05T18:16:16.103759,2.5,53.0,70.9,
2026-01-05T18:16:19.802148,12.1,53.0,70.9,
2026-01-05T18:16:21.320914,1.4,53.0,70.9,
2026-01-05T18:16:24.986120,13.3,53.1,70.9,
2026-01-05T18:16:26.503733,1.8,53.1,70.9,
2026-01-05T18:16:30.198296,11.3,53.1,70.9,
2026-01-05T18:16:31.718771,1.9,53.1,70.9,
2026-01-05T18:16:35.395533,11.9,53.0,70.9,
2026-01-05T18:16:36.901442,2.3,53.1,70.9,
2026-01-05T18:16:40.592506,13.3,52.9,70.9,
2026-01-05T18:16:42.105071,1.6,52.9,70.9,
2026-01-05T18:16:45.790411,13.3,53.0,70.9,
2026-01-05T18:16:47.300379,1.6,53.0,70.9,
2026-01-05T18:16:50.972925,13.2,53.0,70.9,
2026-01-05T18:16:52.484139,0.6,53.0,70.9,
2026-01-05T18:16:56.187321,11.0,52.9,70.9,
2026-01-05T18:16:57.700927,0.8,52.9,70.9,
2026-01-05T18:17:01.393665,13.6,53.1,70.9,
2026-01-05T18:17:02.900320,1.2,53.0,70.9,
2026-01-05T18:17:06.574441,11.7,53.1,70.9,
2026-01-05T18:17:08.082674,1.2,53.0,70.9,
2026-01-05T18:17:11.804011,10.1,52.9,70.9,
2026-01-05T18:17:13.319822,1.8,52.9,70.9,
2026-01-05T18:17:16.967014,12.2,52.9,70.9,
2026-01-05T18:17:18.482586,0.8,52.9,70.9,
2026-01-05T18:17:22.168408,15.3,52.9,70.9,
2026-01-05T18:17:23.681096,1.4,52.9,70.9,
2026-01-05T18:17:27.380178,12.7,52.9,70.9,
2026-01-05T18:17:28.894284,1.6,52.9,70.9,
2026-01-05T18:17:32.613410,15.4,52.9,70.9,
2026-01-05T18:17:34.129997,0.8,52.9,70.9,
2026-01-05T18:17:37.812735,14.6,50.4,70.9,
2026-01-05T18:17:39.325942,1.8,50.1,70.9,
2026-01-05T18:17:43.025771,13.4,50.1,70.9,
2026-01-05T18:17:44.546611,0.6,50.1,70.9,
2026-01-05T18:17:48.204815,13.4,50.2,70.9,
2026-01-05T18:17:49.710378,2.4,50.2,70.9,
2026-01-05T18:17:53.394424,13.8,50.2,70.9,
2026-01-05T18:17:54.906205,1.8,50.1,70.9,
2026-01-05T18:17:58.593855,14.3,50.2,70.9,
2026-01-05T18:18:00.108841,1.8,50.2,70.9,
2026-01-05T18:18:03.821737,12.7,50.2,70.9,
2026-01-05T18:18:05.327885,2.1,50.2,70.9,
2026-01-05T18:18:09.033089,14.3,50.2,70.9,
2026-01-05T18:18:10.542484,3.7,50.2,70.9,
2026-01-05T18:18:14.257480,12.7,50.0,70.9,
2026-01-05T18:18:15.774148,2.3,50.0,70.9,
2026-01-05T18:18:19.439979,15.8,50.1,70.9,
2026-01-05T18:18:20.956120,2.9,50.2,70.9,
2026-01-05T18:18:24.653499,11.0,50.1,70.9,
2026-01-05T18:18:26.174197,3.7,50.2,70.9,
2026-01-05T18:18:29.851470,14.4,50.3,70.9,
2026-01-05T18:18:31.371733,2.0,50.3,70.9,
2026-01-05T18:18:35.094590,14.4,50.4,70.9,
2026-01-05T18:18:36.608066,2.3,50.4,70.9,
2026-01-05T18:18:40.302559,14.3,50.4,70.9,
2026-01-05T18:18:41.820013,4.1,50.5,70.9,
2026-01-05T18:18:45.486120,14.7,50.5,70.9,
2026-01-05T18:18:47.005885,1.8,50.4,70.9,
2026-01-05T18:18:50.661560,14.4,50.6,70.9,
2026-01-05T18:18:52.171209,2.7,50.6,70.9,
2026-01-05T18:18:55.866161,13.9,50.5,70.9,
2026-01-05T18:18:57.386915,2.4,50.5,70.9,
2026-01-05T18:19:01.047261,15.5,50.6,70.9,
2026-01-05T18:19:02.553874,3.4,50.6,70.9,
2026-01-05T18:19:06.254185,13.9,50.5,70.9,
2026-01-05T18:19:07.771571,3.1,50.6,70.9,
2026-01-05T18:19:11.424108,12.6,50.6,70.9,
2026-01-05T18:19:12.935822,8.8,50.6,70.9,
2026-01-05T18:19:16.639207,14.4,50.6,70.9,
2026-01-05T18:19:18.149064,1.6,50.4,70.9,
2026-01-05T18:19:21.822400,16.0,50.5,70.9,
2026-01-05T18:19:23.333026,1.2,50.5,70.9,
2026-01-05T18:19:27.074019,15.5,50.4,70.9,
2026-01-05T18:19:28.583496,1.4,50.4,70.9,
2026-01-05T18:19:32.268029,15.0,50.5,70.9,
2026-01-05T18:19:33.784640,1.2,50.5,70.9,
2026-01-05T18:19:37.472292,11.6,50.6,70.9,
2026-01-05T18:19:38.993702,1.4,50.6,70.9,
2026-01-05T18:19:42.683285,13.3,50.6,70.9,
2026-01-05T18:19:44.200159,1.0,50.5,70.9,
2026-01-05T18:19:47.881132,11.1,50.5,70.9,
2026-01-05T18:19:49.394223,3.5,50.4,70.9,
2026-01-05T18:19:53.116791,13.6,50.7,70.9,
2026-01-05T18:19:54.630981,2.3,50.7,70.9,
2026-01-05T18:19:58.295135,10.7,50.7,70.9,
2026-01-05T18:19:59.814475,2.5,50.7,70.9,
2026-01-05T18:20:03.511038,17.2,50.8,70.9,
2026-01-05T18:20:05.027582,3.8,50.8,70.9,
2026-01-05T18:20:08.685401,12.9,50.9,70.9,
2026-01-05T18:20:10.195431,1.2,50.8,70.9,
2026-01-05T18:20:13.849163,18.6,50.9,70.9,
2026-01-05T18:20:15.362092,1.0,50.9,70.9,
2026-01-05T18:20:19.025914,14.3,50.9,70.9,
2026-01-05T18:20:20.546400,1.4,50.9,70.9,
2026-01-05T18:20:24.243028,10.7,50.9,70.9,
2026-01-05T18:20:25.759701,2.0,50.9,70.9,
2026-01-05T18:20:29.497534,13.9,50.8,70.9,
2026-01-05T18:20:31.009594,1.2,50.8,70.9,
2026-01-05T18:20:34.688537,12.1,50.9,70.9,
2026-01-05T18:20:36.207160,3.5,50.9,70.9,
2026-01-05T18:20:39.906947,13.3,50.9,70.9,
2026-01-05T18:20:41.422581,2.1,50.8,70.9,
2026-01-05T18:20:45.096830,12.5,51.0,70.9,
2026-01-05T18:20:46.605864,2.6,51.0,70.9,
2026-01-05T18:20:50.292047,11.4,51.0,70.9,
2026-01-05T18:20:51.804311,3.9,51.1,70.9,
2026-01-05T18:20:55.484082,12.8,51.1,70.9,
2026-01-05T18:20:57.002245,4.3,51.1,70.9,
2026-01-05T18:21:00.718777,12.2,51.4,70.9,
2026-01-05T18:21:02.234770,2.7,51.3,70.9,
2026-01-05T18:21:05.897765,13.1,51.3,70.9,
2026-01-05T18:21:07.417358,4.1,51.3,70.9,
2026-01-05T18:21:11.105169,13.8,51.2,70.9,
2026-01-05T18:21:12.614616,3.7,51.2,70.9,
2026-01-05T18:21:16.331948,10.4,51.2,70.9,
2026-01-05T18:21:17.846418,2.1,51.2,70.9,
2026-01-05T18:21:21.539126,13.3,51.3,70.9,
2026-01-05T18:21:23.044815,3.0,51.3,70.9,
2026-01-05T18:21:26.724995,12.4,51.3,70.9,
2026-01-05T18:21:28.241801,1.0,51.3,70.9,
2026-01-05T18:21:31.931058,11.5,51.3,70.9,
2026-01-05T18:21:33.442428,2.1,51.4,70.9,
2026-01-05T18:21:37.150895,13.7,51.3,70.9,
2026-01-05T18:21:38.671748,1.4,51.2,70.9,
2026-01-05T18:21:42.302767,13.0,51.4,70.9,
2026-01-05T18:21:43.818398,1.2,51.3,70.9,
2026-01-05T18:21:47.505551,13.5,51.3,70.9,
2026-01-05T18:21:49.019782,1.0,51.3,70.9,
2026-01-05T18:21:52.675289,11.2,51.3,70.9,
2026-01-05T18:21:54.185120,1.6,51.3,70.9,
2026-01-05T18:21:57.877720,12.4,51.3,70.9,
2026-01-05T18:21:59.384997,2.1,51.4,70.9,
2026-01-05T18:22:03.056818,11.9,51.4,70.9,
2026-01-05T18:22:04.569136,2.2,51.4,70.9,
2026-01-05T18:22:08.254083,11.6,51.3,70.9,
2026-01-05T18:22:09.761781,1.2,51.4,70.9,
2026-01-05T18:22:13.424276,16.1,51.3,70.9,
2026-01-05T18:22:14.944580,1.2,51.3,70.9,
2026-01-05T18:22:18.609397,16.1,51.2,70.9,
2026-01-05T18:22:20.127006,1.8,51.2,70.9,
2026-01-05T18:22:23.797809,9.5,51.2,70.9,
2026-01-05T18:22:25.308484,6.1,51.2,70.9,
2026-01-05T18:22:29.029914,9.5,51.2,70.9,
2026-01-05T18:22:30.541459,2.9,51.2,70.9,
2026-01-05T18:22:34.293727,9.8,51.2,70.9,
2026-01-05T18:22:35.806490,2.5,51.2,70.9,
2026-01-05T18:22:39.504327,13.1,49.5,70.9,
2026-01-05T18:22:41.020718,3.5,49.5,70.9,
2026-01-05T18:22:44.719503,20.8,50.0,70.9,
2026-01-05T18:22:46.236075,3.3,50.2,70.9,
2026-01-05T18:22:49.918115,13.6,50.2,70.9,
2026-01-05T18:22:51.434719,1.2,50.1,70.9,
2026-01-05T18:22:55.109591,14.2,50.2,70.9,
2026-01-05T18:22:56.632264,1.9,50.2,70.9,
2026-01-05T18:23:00.340081,11.3,50.0,70.9,
2026-01-05T18:23:01.858336,1.2,50.1,70.9,
2026-01-05T18:23:05.525805,13.3,50.0,70.9,
2026-01-05T18:23:07.047700,2.3,50.2,70.9,
2026-01-05T18:23:10.710018,16.9,50.1,70.9,
2026-01-05T18:23:12.229806,1.6,50.1,70.9,
2026-01-05T18:23:15.893161,13.3,50.1,70.9,
2026-01-05T18:23:17.411577,1.8,50.0,70.9,
2026-01-05T18:23:21.140714,12.8,50.0,70.9,
2026-01-05T18:23:22.657571,1.2,50.0,70.9,
2026-01-05T18:23:26.348883,13.4,50.0,70.9,
2026-01-05T18:23:27.856717,3.3,50.0,70.9,
2026-01-05T18:23:31.541485,13.9,49.8,70.9,
2026-01-05T18:23:33.058757,4.1,49.8,70.9,
2026-01-05T18:23:36.750074,15.1,49.8,70.9,
2026-01-05T18:23:38.270163,1.2,49.8,70.9,
2026-01-05T18:23:41.926473,11.6,49.8,70.9,
2026-01-05T18:23:43.435867,2.2,49.8,70.9,
2026-01-05T18:23:47.107348,14.3,49.8,70.9,
2026-01-05T18:23:48.620356,2.9,49.8,70.9,
2026-01-05T18:23:52.311281,11.5,49.8,70.9,
2026-01-05T18:23:53.833778,4.3,49.8,70.9,
2026-01-05T18:23:57.484343,11.0,49.7,70.9,
2026-01-05T18:23:58.992751,1.8,49.7,70.9,
2026-01-05T18:24:02.662094,13.2,49.7,70.9,
2026-01-05T18:24:04.178665,1.6,49.7,70.9,
2026-01-05T18:24:07.934230,10.3,49.7,70.9,
2026-01-05T18:24:09.449130,0.8,49.6,70.9,
2026-01-05T18:24:13.125187,21.8,49.8,70.9,
2026-01-05T18:24:14.642503,2.9,49.8,70.9,
2026-01-05T18:24:18.348819,15.4,49.6,70.9,
2026-01-05T18:24:19.857505,1.4,49.6,70.9,
2026-01-05T18:24:23.560950,11.3,49.6,70.9,
2026-01-05T18:24:25.073045,2.6,49.7,70.9,
2026-01-05T18:24:28.793130,16.2,49.8,70.9,
2026-01-05T18:24:30.304388,1.6,49.8,70.9,
2026-01-05T18:24:34.000548,12.1,49.8,70.9,
2026-01-05T18:24:35.506642,1.4,49.8,70.9,
2026-01-05T18:24:39.193207,11.5,49.8,70.9,
2026-01-05T18:24:40.713902,0.8,49.8,70.9,
2026-01-05T18:24:44.376677,14.1,49.8,70.9,
2026-01-05T18:24:45.889359,1.5,49.8,70.9,
2026-01-05T18:24:49.573453,10.9,49.7,70.9,
2026-01-05T18:24:51.082125,2.0,49.7,70.9,
2026-01-05T18:24:54.791545,13.0,49.8,70.9,
2026-01-05T18:24:56.311860,2.2,49.8,70.9,
2026-01-05T18:25:00.008607,14.3,49.7,70.9,
2026-01-05T18:25:01.517546,2.6,49.8,70.9,
2026-01-05T18:25:05.198254,11.3,49.8,70.9,
2026-01-05T18:25:06.711647,1.6,49.8,70.9,
2026-01-05T18:25:10.381310,12.6,49.8,70.9,
2026-01-05T18:25:11.893237,3.9,49.8,70.9,
2026-01-05T18:25:15.595943,11.7,49.8,70.9,
2026-01-05T18:25:17.107445,1.8,49.8,70.9,
2026-01-05T18:25:20.778860,14.9,49.8,70.9,
2026-01-05T18:25:22.288835,3.5,49.8,70.9,
2026-01-05T18:25:25.931185,13.4,49.8,70.9,
2026-01-05T18:25:27.437424,1.4,49.8,70.9,
2026-01-05T18:25:31.146011,10.7,49.8,70.9,
2026-01-05T18:25:32.651723,3.6,49.8,70.9,
2026-01-05T18:25:36.308441,15.0,49.9,70.9,
2026-01-05T18:25:37.817571,3.3,49.8,70.9,
2026-01-05T18:25:41.506939,13.3,49.8,70.9,
2026-01-05T18:25:43.016322,2.5,49.9,70.9,
2026-01-05T18:25:46.707285,13.2,49.9,70.9,
2026-01-05T18:25:48.214401,3.7,49.9,70.9,
2026-01-05T18:25:51.928152,16.2,50.0,70.9,
2026-01-05T18:25:53.435456,2.7,50.0,70.9,
2026-01-05T18:25:57.142996,15.9,50.0,70.9,
2026-01-05T18:25:58.661216,1.6,50.0,70.9,
2026-01-05T18:26:02.348241,16.3,50.1,70.9,
2026-01-05T18:26:03.859797,2.0,49.4,70.9,
2026-01-05T18:26:07.518168,12.9,49.5,70.9,
2026-01-05T18:26:09.024246,5.7,49.4,70.9,
2026-01-05T18:26:12.748929,11.8,49.4,70.9,
2026-01-05T18:26:14.264368,1.6,49.4,70.9,
2026-01-05T18:26:17.981723,14.1,49.3,70.9,
2026-01-05T18:26:19.491021,2.9,49.3,70.9,
2026-01-05T18:26:23.178975,13.6,49.4,70.9,
2026-01-05T18:26:24.686956,1.0,49.4,70.9,
2026-01-05T18:26:28.393136,16.4,49.4,70.9,
2026-01-05T18:26:29.902477,1.4,49.4,70.9,
2026-01-05T18:26:33.593105,14.9,49.5,70.9,
2026-01-05T18:26:35.103043,2.7,49.4,70.9,
2026-01-05T18:26:38.782133,13.9,49.5,70.9,
2026-01-05T18:26:40.300737,3.7,49.5,70.9,
2026-01-05T18:26:44.014797,13.5,49.4,70.9,
2026-01-05T18:26:45.530979,1.0,49.4,70.9,
2026-01-05T18:26:49.214223,12.9,49.4,70.9,
2026-01-05T18:26:50.727703,3.3,49.5,70.9,
2026-01-05T18:26:54.384234,13.5,49.5,70.9,
2026-01-05T18:26:55.895748,3.7,49.5,70.9,
2026-01-05T18:26:59.561973,12.5,49.5,70.9,
2026-01-05T18:27:01.068989,1.9,49.5,70.9,
2026-01-05T18:27:04.785575,11.2,49.4,70.9,
2026-01-05T18:27:42.976733,13.6,52.1,70.9,
2026-01-05T18:27:44.485094,2.6,52.1,70.9,
2026-01-05T18:27:48.172087,14.5,52.2,70.9,
2026-01-05T18:27:49.682351,4.3,51.8,70.9,
2026-01-05T18:27:53.404586,15.4,52.0,70.9,
2026-01-05T18:27:54.911475,1.4,52.1,70.9,
2026-01-05T18:27:58.584044,14.3,52.2,70.9,
2026-01-05T18:28:00.090781,1.2,52.1,70.9,
2026-01-05T18:28:03.792900,13.4,52.1,70.9,
2026-01-05T18:28:05.307553,1.6,52.1,70.9,
2026-01-05T18:28:08.995930,12.0,48.2,70.9,
2026-01-05T18:28:10.505713,1.2,48.1,70.9,
2026-01-05T18:28:14.205329,13.5,47.6,70.9,
2026-01-05T18:28:15.714466,2.4,47.5,70.9,
2026-01-05T18:28:19.435289,13.4,47.6,70.9,
2026-01-05T18:28:20.953350,0.6,47.5,70.9,
2026-01-05T18:28:24.624517,13.9,47.6,70.9,
2026-01-05T18:28:26.138216,2.2,47.6,70.9,
2026-01-05T18:28:29.852697,11.1,47.5,70.9,
2026-01-05T18:28:31.366684,1.0,47.5,70.9,
2026-01-05T18:28:35.037964,14.1,47.6,70.9,
2026-01-05T18:28:36.548678,3.9,47.7,70.9,
2026-01-05T18:28:40.242918,14.4,48.0,70.9,
2026-01-05T18:28:41.762251,2.0,47.9,70.9,
2026-01-05T18:28:45.452931,11.5,48.0,70.9,
2026-01-05T18:28:46.960579,1.0,48.0,70.9,
2026-01-05T18:28:50.683411,13.0,48.1,70.9,
2026-01-05T18:28:52.193118,1.9,48.2,70.9,
2026-01-05T18:28:55.918858,12.3,48.3,70.9,
2026-01-05T18:28:57.424271,2.3,48.2,70.9,
2026-01-05T18:29:01.140445,14.3,48.3,70.9,
2026-01-05T18:29:02.656124,1.2,48.3,70.9,
2026-01-05T18:29:06.402887,14.1,48.3,70.9,
2026-01-05T18:29:07.910382,1.8,48.4,70.9,
2026-01-05T18:29:11.601913,11.5,48.4,70.9,
2026-01-05T18:29:13.118574,4.3,48.6,70.9,
2026-01-05T18:29:16.798383,14.2,48.7,70.9,
2026-01-05T18:29:18.319714,2.7,48.7,70.9,
2026-01-05T18:29:21.987172,11.1,48.7,70.9,
2026-01-05T18:29:23.501348,0.2,48.7,70.9,
2026-01-05T18:29:27.197779,12.1,48.7,70.9,
2026-01-05T18:29:28.714229,2.2,48.7,70.9,
2026-01-05T18:29:32.437863,11.4,48.6,70.9,
2026-01-05T18:29:33.947468,1.6,48.6,70.9,
2026-01-05T18:29:37.632987,11.7,48.7,70.9,
2026-01-05T18:29:39.145689,1.8,48.7,70.9,
2026-01-05T18:29:42.874393,15.7,48.7,70.9,
2026-01-05T18:29:44.394840,2.1,48.7,70.9,
2026-01-05T18:29:48.074866,14.5,48.5,70.9,
2026-01-05T18:29:49.593243,1.2,48.5,70.9,
2026-01-05T18:29:53.277643,12.0,48.7,70.9,
2026-01-05T18:29:54.786559,2.4,48.6,70.9,
2026-01-05T18:29:58.464566,15.8,48.6,70.9,
2026-01-05T18:29:59.970880,3.9,48.6,70.9,
2026-01-05T18:30:03.654486,12.7,48.7,70.9,
2026-01-05T18:30:05.171314,1.4,48.6,70.9,
2026-01-05T18:30:08.844915,12.6,48.6,70.9,
2026-01-05T18:30:10.354805,1.2,48.6,70.9,
2026-01-05T18:30:14.039361,11.7,48.7,70.9,
2026-01-05T18:30:15.551414,2.3,49.5,70.9,
2026-01-05T18:30:19.235981,15.1,49.5,70.9,
2026-01-05T18:30:20.748593,1.2,49.4,70.9,
2026-01-05T18:30:24.434882,15.6,49.4,70.9,
2026-01-05T18:30:25.948906,0.8,49.4,70.9,
2026-01-05T18:30:29.641006,14.0,49.5,70.9,
2026-01-05T18:30:31.146770,1.2,49.4,70.9,
2026-01-05T18:30:34.817559,15.9,49.5,70.9,
2026-01-05T18:30:36.323129,1.2,49.5,70.9,
2026-01-05T18:30:40.024383,14.1,49.5,70.9,
2026-01-05T18:30:41.544361,0.8,49.5,70.9,
2026-01-05T18:30:45.222002,12.7,49.5,70.9,
2026-01-05T18:30:46.742759,2.0,49.5,70.9,
2026-01-05T18:30:50.411878,15.0,49.4,70.9,
2026-01-05T18:30:51.924714,2.9,49.4,70.9,
2026-01-05T18:30:55.625897,13.9,49.4,70.9,
2026-01-05T18:30:57.140389,2.1,49.4,70.9,
2026-01-05T18:31:00.843818,13.3,49.6,70.9,
2026-01-05T18:31:02.352973,2.0,49.6,70.9,
2026-01-05T18:31:06.074897,14.3,49.6,70.9,
2026-01-05T18:31:07.583789,1.4,49.6,70.9,
2026-01-05T18:31:11.267244,13.2,49.7,70.9,
2026-01-05T18:31:12.782037,1.8,49.6,70.9,
2026-01-05T18:31:16.462634,14.7,49.7,70.9,
2026-01-05T18:31:17.983355,3.5,49.7,70.9,
2026-01-05T18:31:21.714809,12.2,50.1,70.9,
2026-01-05T18:31:23.229632,4.2,50.3,70.9,
2026-01-05T18:31:26.903649,13.1,50.4,70.9,
2026-01-05T18:31:28.414422,2.2,50.4,70.9,
2026-01-05T18:31:32.072270,17.0,50.5,70.9,
2026-01-05T18:31:33.578298,2.0,50.5,70.9,
2026-01-05T18:31:37.262120,15.7,50.4,70.9,
2026-01-05T18:31:38.775738,1.8,50.6,70.9,
2026-01-05T18:31:42.456066,15.6,50.6,70.9,
2026-01-05T18:31:43.972400,0.6,50.6,70.9,
2026-01-05T18:31:47.646772,13.1,50.6,70.9,
2026-01-05T18:31:49.156648,1.9,50.5,70.9,
2026-01-05T18:31:52.839197,11.9,50.4,70.9,
2026-01-05T18:31:54.354778,1.6,50.4,70.9,
2026-01-05T18:31:58.011416,13.2,50.4,70.9,
2026-01-05T18:31:59.520082,2.4,50.3,70.9,
2026-01-05T18:32:03.223567,13.3,50.5,70.9,
2026-01-05T18:32:04.737140,3.1,50.5,70.9,
2026-01-05T18:32:08.408937,13.3,50.5,70.9,
2026-01-05T18:32:09.918056,3.3,50.5,70.9,
2026-01-05T18:32:13.584846,11.1,50.5,70.9,
2026-01-05T18:32:15.097656,2.9,50.3,70.9,
2026-01-05T18:32:18.821197,13.8,50.4,70.9,
2026-01-05T18:32:20.327624,1.2,50.4,70.9,
2026-01-05T18:32:24.022552,12.6,50.3,70.9,
2026-01-05T18:32:25.530648,1.8,50.3,70.9,
2026-01-05T18:32:29.227362,9.9,50.5,70.9,
2026-01-05T18:32:30.743581,1.6,50.5,70.9,
2026-01-05T18:32:34.447575,14.8,50.5,70.9,
2026-01-05T18:32:35.960504,1.7,50.5,70.9,
2026-01-05T18:32:39.658544,12.0,49.8,70.9,
2026-01-05T18:32:41.165084,2.6,49.8,70.9,
2026-01-05T18:32:44.832486,14.5,49.8,70.9,
2026-01-05T18:32:46.343331,1.0,49.8,70.9,
2026-01-05T18:32:50.036627,12.7,49.8,70.9,
2026-01-05T18:32:51.556059,2.0,49.8,70.9,
2026-01-05T18:32:55.238411,13.8,49.9,70.9,
2026-01-05T18:32:56.752826,0.4,49.8,70.9,
2026-01-05T18:33:00.444061,11.3,49.6,70.9,
2026-01-05T18:33:01.954591,1.2,49.6,70.9,
2026-01-05T18:33:05.669015,13.4,49.6,70.9,
2026-01-05T18:33:07.183255,2.9,49.7,70.9,
2026-01-05T18:33:10.881289,13.7,49.6,70.9,
2026-01-05T18:33:12.397253,1.0,49.6,70.9,
2026-01-05T18:33:16.090596,13.6,49.7,70.9,
2026-01-05T18:33:17.603681,4.5,49.7,70.9,
2026-01-05T18:33:21.259785,13.3,49.7,70.9,
2026-01-05T18:33:22.779046,4.7,49.7,70.9,
2026-01-05T18:33:26.449587,13.8,49.8,70.9,
2026-01-05T18:33:27.959657,2.0,49.8,70.9,
2026-01-05T18:33:31.657233,15.5,49.8,70.9,
2026-01-05T18:33:33.174855,2.2,49.9,70.9,
2026-01-05T18:33:36.863278,11.1,50.0,70.9,
2026-01-05T18:33:38.381278,7.4,49.9,70.9,
2026-01-05T18:33:42.057625,12.2,50.0,70.9,
2026-01-05T18:33:43.575424,1.8,49.9,70.9,
2026-01-05T18:33:47.258896,13.5,49.9,70.9,
2026-01-05T18:33:48.771673,1.4,49.9,70.9,
2026-01-05T18:33:52.471995,11.9,50.0,70.9,
2026-01-05T18:33:53.986231,2.7,50.2,70.9,
2026-01-05T18:33:57.641734,9.5,50.2,70.9,
2026-01-05T18:33:59.151761,2.0,50.2,70.9,
2026-01-05T18:34:02.847947,12.4,50.2,70.9,
2026-01-05T18:34:04.361997,0.0,50.2,70.9,
2026-01-05T18:34:08.030612,15.2,50.2,70.9,
2026-01-05T18:34:09.547730,1.6,50.2,70.9,
2026-01-05T18:34:13.218856,15.3,50.2,70.9,
2026-01-05T18:34:14.732168,1.4,50.1,70.9,
2026-01-05T18:34:18.431094,14.4,50.2,70.9,
2026-01-05T18:34:19.944599,1.6,50.2,70.9,
2026-01-05T18:34:23.633896,11.4,50.2,70.9,
2026-01-05T18:34:25.144340,1.6,50.1,70.9,
2026-01-05T18:34:28.872092,13.0,50.1,70.9,
2026-01-05T18:34:30.391596,1.9,50.2,70.9,
2026-01-05T18:34:34.103477,9.7,50.1,70.9,
2026-01-05T18:34:35.621709,4.3,50.3,70.9,
2026-01-05T18:34:39.314172,11.2,50.3,70.9,
2026-01-05T18:34:40.820702,1.8,50.3,70.9,
2026-01-05T18:34:44.518529,11.8,50.3,70.9,
2026-01-05T18:34:46.027332,1.4,50.3,70.9,
2026-01-05T18:34:49.699685,13.0,50.3,70.9,
2026-01-05T18:34:51.218838,1.2,50.2,70.9,
2026-01-05T18:34:54.933102,11.9,50.3,70.9,
2026-01-05T18:34:56.453962,1.4,50.3,70.9,
2026-01-05T18:35:00.164884,11.3,50.3,70.9,
2026-01-05T18:35:01.682743,0.8,50.2,70.9,
2026-01-05T18:35:05.360086,13.0,50.3,70.9,
2026-01-05T18:35:06.882294,1.6,50.2,70.9,
2026-01-05T18:35:10.546758,16.2,50.2,70.9,
2026-01-05T18:35:12.061877,2.8,50.2,70.9,
2026-01-05T18:35:15.730927,11.0,50.2,70.9,
2026-01-05T18:35:17.236812,3.1,50.3,70.9,
2026-01-05T18:35:20.969943,11.6,50.3,70.9,
2026-01-05T18:35:22.476340,1.8,50.4,70.9,
2026-01-05T18:35:26.149912,12.0,50.4,70.9,
2026-01-05T18:35:27.655990,2.5,50.3,70.9,
2026-01-05T18:35:31.368174,13.1,50.3,70.9,
2026-01-05T18:35:32.886736,2.0,50.2,70.9,
2026-01-05T18:35:36.557340,10.7,50.2,70.9,
2026-01-05T18:35:38.071265,2.2,50.3,70.9,
2026-01-05T18:35:41.780151,13.8,50.3,70.9,
2026-01-05T18:35:43.287007,1.2,50.2,70.9,
2026-01-05T18:35:46.954356,13.2,50.2,70.9,
2026-01-05T18:35:48.473009,2.3,50.2,70.9,
2026-01-05T18:35:52.198200,12.4,50.2,70.9,
2026-01-05T18:35:53.716780,1.5,50.1,70.9,
2026-01-05T18:35:57.427394,11.3,50.2,70.9,
2026-01-05T18:35:58.947921,2.0,50.2,70.9,
2026-01-05T18:36:02.624111,11.4,50.2,70.9,
2026-01-05T18:36:04.130450,2.8,50.3,70.9,
2026-01-05T18:36:07.821368,9.8,50.3,70.9,
2026-01-05T18:36:09.329322,1.2,50.2,70.9,
2026-01-05T18:36:13.038249,11.8,50.3,70.9,
2026-01-05T18:36:14.544876,2.9,50.3,70.9,
2026-01-05T18:36:18.224602,11.3,50.3,70.9,
2026-01-05T18:36:19.731330,2.8,50.3,70.9,
2026-01-05T18:36:23.454230,11.5,50.4,70.9,
2026-01-05T18:36:24.973111,3.0,50.4,70.9,
2026-01-05T18:36:28.644451,13.3,50.4,70.9,
2026-01-05T18:36:30.156298,1.8,50.4,70.9,
2026-01-05T18:36:33.848106,12.9,50.3,70.9,
2026-01-05T18:36:35.353340,2.3,49.8,70.9,
2026-01-05T18:36:39.077041,13.2,49.8,70.9,
2026-01-05T18:36:40.586802,1.8,49.8,70.9,
2026-01-05T18:36:44.280721,12.3,49.8,70.9,
2026-01-05T18:36:45.785749,4.9,49.9,70.9,
2026-01-05T18:36:49.453591,12.3,49.8,70.9,
2026-01-05T18:36:50.965815,1.6,49.8,70.9,
2026-01-05T18:36:54.643544,16.9,49.9,70.9,
2026-01-05T18:36:56.164957,3.2,49.9,70.9,
2026-01-05T18:36:59.889177,14.2,49.9,70.9,
2026-01-05T18:37:01.396123,2.9,49.9,70.9,
2026-01-05T18:37:05.120147,14.1,49.9,70.9,
2026-01-05T18:37:06.629248,2.1,49.8,70.9,
2026-01-05T18:37:10.309311,14.8,49.9,70.9,
2026-01-05T18:37:11.828603,1.0,49.9,70.9,
2026-01-05T18:37:15.547295,13.8,49.7,70.9,
2026-01-05T18:37:17.058976,1.6,49.8,70.9,
2026-01-05T18:37:20.700983,15.0,49.7,70.9,
2026-01-05T18:37:22.208943,1.8,49.7,70.9,
2026-01-05T18:37:25.913918,12.6,49.6,70.9,
2026-01-05T18:37:27.422237,1.8,49.6,70.9,
2026-01-05T18:37:31.060090,13.0,49.6,70.9,
2026-01-05T18:37:32.571516,1.2,49.7,70.9,
2026-01-05T18:37:36.267087,13.0,49.6,70.9,
2026-01-05T18:37:37.784840,0.8,49.6,70.9,
2026-01-05T18:37:41.466966,13.6,49.6,70.9,
2026-01-05T18:37:42.985342,1.4,49.6,70.9,
2026-01-05T18:37:46.650036,10.7,49.6,70.9,
2026-01-05T18:37:48.167415,2.3,49.7,70.9,
2026-01-05T18:37:51.843043,12.8,49.7,70.9,
2026-01-05T18:37:53.348974,2.0,49.7,70.9,
2026-01-05T18:37:57.053586,11.4,49.7,70.9,
2026-01-05T18:37:58.565502,1.8,49.7,70.9,
2026-01-05T18:38:02.235850,15.3,49.8,70.9,
2026-01-05T18:38:03.746292,0.8,49.7,70.9,
2026-01-05T18:38:07.435104,10.9,49.8,70.9,
2026-01-05T18:38:08.945183,3.1,49.9,70.9,
2026-01-05T18:38:12.643698,13.1,49.9,70.9,
2026-01-05T18:38:14.160104,2.4,49.9,70.9,
2026-01-05T18:38:17.830722,11.2,49.9,70.9,
2026-01-05T18:38:19.341179,2.3,49.7,70.9,
2026-01-05T18:38:23.078670,14.1,49.8,70.9,
2026-01-05T18:38:24.592216,0.6,49.7,70.9,
2026-01-05T18:38:28.263564,13.4,49.8,70.9,
2026-01-05T18:38:29.773653,2.0,49.7,70.9,
2026-01-05T18:38:33.460797,14.3,49.9,70.9,
2026-01-05T18:38:34.972555,2.0,49.9,70.9,
2026-01-05T18:38:38.668326,15.4,50.0,70.9,
2026-01-05T18:38:40.185014,4.3,50.0,70.9,
2026-01-05T18:38:43.871719,15.2,50.0,70.9,
2026-01-05T18:38:45.388379,3.9,50.0,70.9,
2026-01-05T18:38:49.084345,12.7,50.1,70.9,
2026-01-05T18:38:50.604276,3.1,50.1,70.9,
2026-01-05T18:38:54.274547,13.1,50.3,70.9,
2026-01-05T18:38:55.783059,1.4,50.2,70.9,
2026-01-05T18:38:57.294212,1.2,50.3,70.9,
2026-01-05T18:38:58.808893,2.0,50.3,70.9,
2026-01-05T18:39:00.320586,1.0,50.3,70.9,
2026-01-05T18:39:01.832481,3.5,50.2,70.9,
2026-01-05T18:39:03.353766,0.6,50.3,70.9,
2026-01-05T18:39:04.871335,0.0,50.3,70.9,
2026-01-05T18:39:06.381300,1.2,50.2,70.9,
2026-01-05T18:39:07.897054,0.4,50.3,70.9,
2026-01-05T18:39:09.414019,1.6,50.3,70.9,
2026-01-05T18:39:10.927963,0.2,50.2,70.9,
2026-01-05T18:39:12.446438,0.8,50.2,70.9,
2026-01-05T18:39:13.963163,1.0,50.3,70.9,
2026-01-05T18:39:15.479874,0.6,50.3,70.9,
2026-01-05T18:39:16.994497,1.4,50.3,70.9,
2026-01-05T18:39:18.513220,5.4,50.4,70.9,
2026-01-05T18:39:20.027926,1.8,50.4,70.9,
2026-01-05T18:39:21.541255,2.7,50.2,70.9,
2026-01-05T18:39:23.060008,1.6,50.3,70.9,
2026-01-05T18:39:24.576575,1.2,50.3,70.9,
2026-01-05T18:39:26.102865,0.2,50.3,70.9,
2026-01-05T18:39:27.625443,0.2,50.3,70.9,
2026-01-05T18:39:29.132658,0.4,50.3,70.9,
2026-01-05T18:39:30.641695,2.2,50.2,70.9,
2026-01-05T18:39:32.149057,1.4,50.2,70.9,
2026-01-05T18:39:33.656018,1.7,50.2,70.9,
2026-01-05T18:39:35.162081,1.8,50.3,70.9,
2026-01-05T18:39:36.673566,1.8,50.2,70.9,
2026-01-05T18:39:38.190907,2.0,50.2,70.9,
2026-01-05T18:39:39.708759,1.6,50.2,70.9,
2026-01-05T18:39:41.223182,2.3,50.2,70.9,
2026-01-05T18:39:42.740232,0.8,50.2,70.9,
2026-01-05T18:39:44.255236,1.6,50.3,70.9,
2026-01-05T18:39:45.770699,0.6,50.2,70.9,
2026-01-05T18:39:47.287359,0.0,50.2,70.9,
2026-01-05T18:39:48.796600,2.0,50.3,70.9,
2026-01-05T18:39:50.316586,0.6,50.3,70.9,
2026-01-05T18:39:51.835091,1.2,50.4,70.9,
2026-01-05T18:39:53.352680,1.0,50.3,70.9,
2026-01-05T18:39:54.862735,1.2,50.3,70.9,
2026-01-05T18:39:56.377793,0.0,50.3,70.9,
2026-01-05T18:39:57.896158,1.4,50.3,70.9,
2026-01-05T18:39:59.411112,0.6,50.3,70.9,
2026-01-05T18:40:00.918218,2.5,50.3,70.9,
2026-01-05T18:40:02.434131,2.7,50.0,70.9,
2026-01-05T18:40:03.949977,1.4,49.9,70.9,
2026-01-05T18:40:05.466182,0.8,49.9,70.9,
2026-01-05T18:40:06.977630,1.6,49.9,70.9,
2026-01-05T18:40:08.503365,0.2,49.9,70.9,
2026-01-05T18:40:10.017294,1.4,49.8,70.9,
2026-01-05T18:40:11.534544,0.2,49.8,70.9,
2026-01-05T18:40:13.050627,2.4,49.6,70.9,
2026-01-05T18:40:14.563917,1.4,49.7,70.9,
2026-01-05T18:40:16.080233,3.0,49.7,70.9,
2026-01-05T18:40:17.596884,1.0,49.7,70.9,
2026-01-05T18:40:19.113294,1.2,49.7,70.9,
2026-01-05T18:40:20.627629,0.4,49.7,70.9,
2026-01-05T18:40:22.133013,2.1,49.7,70.9,
2026-01-05T18:40:23.641734,1.4,49.7,70.9,
2026-01-05T18:40:25.148058,1.8,49.7,70.9,
2026-01-05T18:40:26.655846,0.0,49.7,70.9,
2026-01-05T18:40:28.161658,2.9,49.7,70.9,
2026-01-05T18:40:29.670656,2.1,49.7,70.9,
2026-01-05T18:40:31.186316,2.3,49.7,70.9,
2026-01-05T18:40:32.701148,2.3,49.7,70.9,
2026-01-05T18:40:34.210886,3.3,49.8,70.9,
2026-01-05T18:40:35.727651,0.6,49.8,70.9,
2026-01-05T18:40:37.236203,1.6,49.7,70.9,
2026-01-05T18:40:38.751551,0.4,49.7,70.9,
2026-01-05T18:40:40.266934,1.2,49.7,70.9,
2026-01-05T18:40:41.795025,0.4,49.7,70.9,
2026-01-05T18:40:43.308864,0.8,49.7,70.9,
2026-01-05T18:40:44.829228,2.2,49.7,70.9,
2026-01-05T18:40:46.340369,1.4,49.7,70.9,
2026-01-05T18:40:47.853048,1.2,49.7,70.9,
2026-01-05T18:40:49.372508,2.5,49.7,70.9,
2026-01-05T18:40:50.883538,1.2,49.8,70.9,
2026-01-05T18:40:52.400949,2.2,49.8,70.9,
2026-01-05T18:40:53.914990,0.0,49.7,70.9,
2026-01-05T18:40:55.421231,1.6,49.7,70.9,
2026-01-05T18:40:56.929795,1.2,49.7,70.9,
2026-01-05T18:40:58.449318,2.0,49.7,70.9,
2026-01-05T18:40:59.960682,0.4,49.7,70.9,
2026-01-05T18:41:01.480453,0.8,49.7,70.9,
2026-01-05T18:41:02.996229,0.8,49.8,70.9,
2026-01-05T18:41:04.502764,2.5,49.8,70.9,
2026-01-05T18:41:06.017104,2.2,49.7,70.9,
2026-01-05T18:41:07.534244,3.5,49.7,70.9,
2026-01-05T18:41:09.051311,2.2,49.8,70.9,
2026-01-05T18:41:10.566916,1.9,49.8,70.9,
2026-01-05T18:41:12.081506,1.6,49.8,70.9,
2026-01-05T18:41:13.599409,2.0,49.8,70.9,
2026-01-05T18:41:15.116271,0.8,49.8,70.9,
2026-01-05T18:41:16.629072,2.2,49.8,70.9,
2026-01-05T18:41:18.148625,0.8,49.8,70.9,
2026-01-05T18:41:19.662434,1.4,49.8,70.9,
2026-01-05T18:41:21.182724,1.2,49.7,70.9,
2026-01-05T18:41:22.696118,1.0,49.8,70.9,
2026-01-05T18:41:24.214726,3.0,49.8,70.9,
2026-01-05T18:41:25.724663,1.2,49.8,70.9,
2026-01-05T18:41:27.230555,4.6,49.8,70.9,
2026-01-05T18:41:28.750784,1.0,49.8,70.9,
2026-01-05T18:41:30.264413,3.5,49.8,70.9,
2026-01-05T18:41:31.781195,1.2,49.8,70.9,
2026-01-05T18:41:33.295522,3.1,49.8,70.9,
2026-01-05T18:41:34.811762,1.9,49.8,70.9,
2026-01-05T18:41:36.329026,1.4,49.9,70.9,
2026-01-05T18:41:37.847279,3.5,49.8,70.9,
2026-01-05T18:41:39.361806,1.0,49.8,70.9,
2026-01-05T18:41:40.875910,3.8,49.8,70.9,
2026-01-05T18:41:42.392078,1.8,49.8,70.9,
2026-01-05T18:41:43.911854,2.5,49.8,70.9,
2026-01-05T18:41:45.427792,1.2,49.8,70.9,
2026-01-05T18:41:46.941839,2.3,49.8,70.9,
2026-01-05T18:41:48.455981,1.0,49.8,70.9,
2026-01-05T18:41:49.975237,1.0,49.8,70.9,
2026-01-05T18:41:51.490678,0.6,49.9,70.9,
2026-01-05T18:41:53.007726,1.4,49.9,70.9,
2026-01-05T18:41:54.524401,0.6,49.9,70.9,
2026-01-05T18:41:56.039207,1.4,49.8,70.9,
2026-01-05T18:41:57.565109,0.2,49.9,70.9,
2026-01-05T18:41:59.080065,0.8,49.8,70.9,
2026-01-05T18:42:00.594490,0.2,49.8,70.9,
2026-01-05T18:42:02.112635,1.2,49.9,70.9,
2026-01-05T18:42:03.627484,0.4,49.8,70.9,
2026-01-05T18:42:05.137538,1.2,49.8,70.9,
2026-01-05T18:42:06.656741,0.2,49.9,70.9,
2026-01-05T18:42:08.172454,0.8,49.9,70.9,
2026-01-05T18:42:09.706042,0.4,49.8,70.9,
2026-01-05T18:42:11.220735,1.8,49.8,70.9,
2026-01-05T18:42:12.735212,0.6,49.8,70.9,
2026-01-05T18:42:14.252083,2.0,49.8,70.9,
2026-01-05T18:42:15.766647,0.2,49.8,70.9,
2026-01-05T18:42:17.286283,3.8,49.8,70.9,
2026-01-05T18:42:18.797282,0.2,49.8,70.9,
2026-01-05T18:42:20.303765,1.0,49.8,70.9,
2026-01-05T18:42:21.827536,1.4,49.8,70.9,
2026-01-05T18:42:23.333543,1.8,49.9,70.9,
2026-01-05T18:42:24.838146,4.1,49.8,70.9,
2026-01-05T18:42:26.350268,1.5,49.8,70.9,
2026-01-05T18:42:27.856989,1.4,49.8,70.9,
2026-01-05T18:42:29.367859,2.8,49.8,70.9,
2026-01-05T18:42:30.887877,1.0,49.8,70.9,
2026-01-05T18:42:32.394599,0.4,49.8,70.9,
2026-01-05T18:42:33.901537,0.0,49.8,70.9,
2026-01-05T18:42:35.415485,1.0,49.8,70.9,
2026-01-05T18:42:36.930566,0.6,49.8,70.9,
2026-01-05T18:42:38.448105,2.0,49.8,70.9,
2026-01-05T18:42:39.963647,0.0,49.8,70.9,
2026-01-05T18:42:41.480206,0.6,49.8,70.9,
2026-01-05T18:42:42.996503,0.4,49.8,70.9,
2026-01-05T18:42:44.511067,2.0,49.8,70.9,
2026-01-05T18:42:46.029263,0.4,49.8,70.9,
2026-01-05T18:42:47.545153,1.0,49.8,70.9,
2026-01-05T18:42:49.058462,0.4,49.8,70.9,
2026-01-05T18:42:50.577780,0.6,49.8,70.9,
2026-01-05T18:42:52.102520,0.0,49.9,70.9,
2026-01-05T18:42:53.609568,2.0,49.9,70.9,
2026-01-05T18:42:55.125161,2.2,50.0,70.9,
2026-01-05T18:42:56.633428,2.3,50.0,70.9,
2026-01-05T18:42:58.141339,1.4,49.9,70.9,
2026-01-05T18:42:59.658654,1.8,50.0,70.9,
2026-01-05T18:43:01.174489,3.5,50.2,70.9,
2026-01-05T18:43:02.690244,2.3,50.2,70.9,
2026-01-05T18:43:04.212139,1.2,50.3,70.9,
2026-01-05T18:43:05.723191,1.2,50.3,70.9,
2026-01-05T18:43:07.241465,1.0,50.3,70.9,
2026-01-05T18:43:08.756619,2.7,50.3,70.9,
2026-01-05T18:43:10.273566,2.9,50.2,70.9,
2026-01-05T18:43:11.788481,2.0,50.3,70.9,
2026-01-05T18:43:13.303583,4.1,50.2,70.9,
2026-01-05T18:43:14.821321,2.5,50.1,70.9,
2026-01-05T18:43:16.336365,4.5,50.1,70.9,
2026-01-05T18:43:17.852537,1.6,50.1,70.9,
2026-01-05T18:43:19.370100,1.9,50.1,70.9,
2026-01-05T18:43:20.885061,2.2,50.1,70.9,
2026-01-05T18:43:22.389791,2.3,50.2,70.9,
2026-01-05T18:43:23.905680,3.3,50.2,70.9,
2026-01-05T18:43:25.417221,1.8,50.2,70.9,
2026-01-05T18:43:26.936127,1.2,50.2,70.9,
2026-01-05T18:43:28.450918,1.6,50.3,70.9,
2026-01-05T18:43:29.965268,1.0,50.2,70.9,
2026-01-05T18:43:31.472921,1.0,50.2,70.9,
2026-01-05T18:43:32.984669,2.1,50.3,70.9,
2026-01-05T18:43:34.503009,0.6,50.3,70.9,
2026-01-05T18:43:36.018849,2.0,50.3,70.9,
2026-01-05T18:43:37.528273,2.2,50.3,70.9,
2026-01-05T18:43:39.047990,2.5,50.3,70.9,
2026-01-05T18:43:40.554532,1.2,50.3,70.9,
2026-01-05T18:43:42.062321,3.7,50.2,70.9,
2026-01-05T18:43:43.580792,3.3,50.3,70.9,
2026-01-05T18:43:45.087412,2.2,50.4,70.9,
2026-01-05T18:43:46.593910,5.1,50.3,70.9,
2026-01-05T18:43:48.112783,2.3,50.4,70.9,
2026-01-05T18:43:49.630148,2.1,50.3,70.9,
2026-01-05T18:43:51.144737,1.6,50.3,70.9,
2026-01-05T18:43:52.673608,0.2,50.4,70.9,
2026-01-05T18:43:54.195364,2.0,50.4,70.9,
2026-01-05T18:43:55.704116,1.0,50.4,70.9,
2026-01-05T18:43:57.210309,1.6,50.4,70.9,
2026-01-05T18:43:58.733990,1.2,50.4,70.9,
2026-01-05T18:44:00.244820,1.8,50.4,70.9,
2026-01-05T18:44:01.754877,1.6,50.4,70.9,
2026-01-05T18:44:03.278450,1.4,50.3,70.9,
2026-01-05T18:44:04.791745,0.6,50.3,70.9,
2026-01-05T18:44:06.299778,1.8,50.2,70.9,
2026-01-05T18:44:07.810728,0.8,50.3,70.9,
2026-01-05T18:44:09.324769,2.6,50.3,70.9,
2026-01-05T18:44:10.840005,1.4,50.3,70.9,
2026-01-05T18:44:12.358900,1.4,50.3,70.9,
2026-01-05T18:44:13.870676,0.2,50.3,70.9,
2026-01-05T18:44:15.388567,3.3,50.3,70.9,
2026-01-05T18:44:16.906932,2.5,50.3,70.9,
2026-01-05T18:44:18.421877,1.2,50.3,70.9,
2026-01-05T18:44:19.939329,3.1,50.3,70.9,
2026-01-05T18:44:21.445543,1.6,50.3,70.9,
2026-01-05T18:44:22.951395,0.6,50.3,70.9,
2026-01-05T18:44:24.471711,1.0,50.3,70.9,
2026-01-05T18:44:25.976519,3.1,50.3,70.9,
2026-01-05T18:44:27.486639,1.6,50.3,70.9,
2026-01-05T18:44:28.997049,2.0,50.3,70.9,
2026-01-05T18:44:30.502646,1.4,50.3,70.9,
2026-01-05T18:44:32.019034,1.6,50.3,70.9,
2026-01-05T18:44:34.686910,12.7,50.3,70.9,
2026-01-05T18:44:36.200441,1.2,50.4,70.9,
2026-01-05T18:44:39.889263,11.9,49.7,70.9,
2026-01-05T18:44:41.401095,1.0,49.7,70.9,
2026-01-05T18:44:45.140606,14.0,49.7,70.9,
2026-01-05T18:44:46.648432,3.3,49.6,70.9,
2026-01-05T18:44:50.357031,12.7,49.7,70.9,
2026-01-05T18:44:51.867879,1.6,49.7,70.9,
2026-01-05T18:44:55.553589,15.7,49.7,70.9,
2026-01-05T18:44:57.070578,2.0,49.7,70.9,
2026-01-05T18:45:00.768642,15.0,49.7,70.9,
2026-01-05T18:45:02.287178,1.0,49.7,70.9,
2026-01-05T18:45:06.007447,17.9,50.2,70.9,
2026-01-05T18:45:07.526424,1.0,50.2,70.9,
2026-01-05T18:45:11.200452,13.2,50.4,70.9,
2026-01-05T18:45:12.707679,1.0,50.4,70.9,
2026-01-05T18:45:16.379666,14.8,50.3,70.9,
2026-01-05T18:45:17.891755,1.6,50.3,70.9,
2026-01-05T18:45:21.600000,12.3,50.5,70.9,
2026-01-05T18:45:23.105311,1.0,50.6,70.9,
2026-01-05T18:45:26.793426,12.5,50.6,70.9,
2026-01-05T18:45:28.304901,1.8,50.6,70.9,
2026-01-05T18:45:32.018225,13.3,50.7,70.9,
2026-01-05T18:45:33.536514,4.0,50.6,70.9,
2026-01-05T18:45:37.205066,11.2,50.8,70.9,
2026-01-05T18:45:38.718332,2.9,51.0,70.9,
2026-01-05T18:45:42.497248,15.2,51.2,70.9,
2026-01-05T18:45:44.017960,4.5,51.2,70.9,
2026-01-05T18:45:47.727686,14.8,51.2,70.9,
2026-01-05T18:45:49.233702,3.1,51.1,70.9,
2026-01-05T18:45:53.027509,13.4,51.1,70.9,
2026-01-05T18:45:54.534436,3.5,51.1,70.9,
2026-01-05T18:45:58.293358,14.9,51.2,70.9,
2026-01-05T18:45:59.813538,1.9,51.2,70.9,
2026-01-05T18:46:03.524011,12.1,51.3,70.9,
2026-01-05T18:46:05.039972,4.7,51.3,70.9,
2026-01-05T18:46:08.752124,15.9,51.5,70.9,
2026-01-05T18:46:10.262516,3.1,51.5,70.9,
2026-01-05T18:46:13.997016,13.3,51.6,70.9,
2026-01-05T18:46:15.511302,2.0,51.6,70.9,
2026-01-05T18:46:19.252549,13.4,51.7,70.9,
2026-01-05T18:46:20.758752,1.8,51.6,70.9,
2026-01-05T18:46:24.497978,15.7,51.6,70.9,
2026-01-05T18:46:26.007970,2.9,51.6,70.9,
2026-01-05T18:46:29.718618,14.3,51.6,70.9,
2026-01-05T18:46:31.223783,3.9,51.6,70.9,
2026-01-05T18:46:34.949610,15.7,51.4,70.9,
2026-01-05T18:46:36.456263,4.3,51.5,70.9,
2026-01-05T18:46:40.204929,15.0,51.5,70.9,
2026-01-05T18:46:41.723112,2.5,51.4,70.9,
2026-01-05T18:46:45.420267,15.3,51.4,70.9,
2026-01-05T18:46:46.928585,3.7,51.4,70.9,
2026-01-05T18:46:50.638592,14.5,51.4,70.9,
2026-01-05T18:46:52.153035,3.7,51.4,70.9,
2026-01-05T18:46:55.852814,15.1,51.4,70.9,
2026-01-05T18:46:57.368377,4.7,51.4,70.9,
2026-01-05T18:47:01.090434,17.2,51.4,70.9,
2026-01-05T18:47:02.598440,2.1,51.5,70.9,
2026-01-05T18:47:06.316475,17.0,51.5,70.9,
2026-01-05T18:47:07.837576,4.6,51.6,70.9,
2026-01-05T18:47:11.562053,14.2,51.6,70.9,
2026-01-05T18:47:13.079134,1.8,51.6,70.9,
2026-01-05T18:47:16.796119,11.5,51.5,70.9,
2026-01-05T18:47:18.304272,3.6,51.5,70.9,
2026-01-05T18:47:22.035807,14.9,51.6,70.9,
2026-01-05T18:47:23.544153,2.4,51.6,70.9,
2026-01-05T18:47:27.264595,13.5,51.5,70.9,
2026-01-05T18:47:28.776125,3.3,51.5,70.9,
2026-01-05T18:47:32.433936,14.6,52.0,70.9,
2026-01-05T18:47:33.941731,2.1,52.1,70.9,
2026-01-05T18:47:37.670595,15.2,52.1,70.9,
2026-01-05T18:47:39.176253,4.1,51.6,70.9,
2026-01-05T18:47:42.873149,12.5,51.1,70.9,
2026-01-05T18:47:44.388461,2.1,51.2,70.9,
2026-01-05T18:47:48.079183,14.8,51.5,70.9,
2026-01-05T18:47:49.586416,1.3,51.5,70.9,
2026-01-05T18:47:53.343023,13.3,51.5,70.9,
2026-01-05T18:47:54.852724,1.8,51.5,70.9,
2026-01-05T18:47:58.593671,11.0,51.4,70.9,
2026-01-05T18:48:00.101308,1.0,51.4,70.9,
2026-01-05T18:48:03.835395,10.9,51.8,70.9,
2026-01-05T18:48:05.349761,1.7,51.8,70.9,
2026-01-05T18:48:09.066720,11.0,51.8,70.9,
2026-01-05T18:48:10.581968,2.0,51.9,70.9,
2026-01-05T18:48:14.318918,9.9,51.8,70.9,
2026-01-05T18:48:15.829700,2.1,51.8,70.9,
2026-01-05T18:48:19.539451,10.8,51.8,70.9,
2026-01-05T18:48:21.046654,1.6,51.7,70.9,
2026-01-05T18:48:24.756728,14.5,51.6,70.9,
2026-01-05T18:48:26.278460,0.8,51.6,70.9,
2026-01-05T18:48:29.997071,9.5,51.6,70.9,
2026-01-05T18:48:31.510916,1.8,51.6,70.9,
2026-01-05T18:48:35.192687,11.8,51.4,70.9,
2026-01-05T18:48:36.709381,1.4,51.4,70.9,
2026-01-05T18:48:40.389743,11.2,51.4,70.9,
2026-01-05T18:48:41.907831,2.1,51.4,70.9,
2026-01-05T18:48:45.620914,12.4,51.4,70.9,
2026-01-05T18:48:47.140695,1.4,51.4,70.9,
2026-01-05T18:48:50.881040,12.3,51.4,70.9,
2026-01-05T18:48:52.389208,1.2,51.4,70.9,
2026-01-05T18:48:56.129322,9.7,51.3,70.9,
2026-01-05T18:48:57.638090,1.2,51.3,70.9,
2026-01-05T18:49:01.337669,11.5,51.3,70.9,
2026-01-05T18:49:02.851980,1.6,51.3,70.9,
2026-01-05T18:49:06.548457,12.4,51.3,70.9,
2026-01-05T18:49:08.067329,2.9,51.3,70.9,
2026-01-05T18:49:11.796945,12.5,51.3,70.9,
2026-01-05T18:49:13.317088,1.8,51.3,70.9,
2026-01-05T18:49:17.043581,11.0,51.2,70.9,
2026-01-05T18:49:18.564469,3.1,51.3,70.9,
2026-01-05T18:49:22.265692,11.9,51.2,70.9,
2026-01-05T18:49:23.782628,1.6,51.3,70.9,
2026-01-05T18:49:27.499972,11.7,51.3,70.9,
2026-01-05T18:49:29.019587,1.9,51.3,70.9,
2026-01-05T18:49:32.697359,10.5,51.3,70.9,
2026-01-05T18:49:34.212261,1.9,51.2,70.9,
2026-01-05T18:49:37.944479,11.9,51.2,70.9,
2026-01-05T18:49:39.461462,2.0,51.2,70.9,
2026-01-05T18:49:43.168267,12.2,51.2,70.9,
2026-01-05T18:49:44.675763,1.2,51.2,70.9,
2026-01-05T18:49:48.424529,10.2,51.2,70.9,
2026-01-05T18:49:49.930779,3.7,51.2,70.9,
2026-01-05T18:49:53.668142,13.8,51.3,70.9,
2026-01-05T18:49:55.189612,1.2,51.3,70.9,
2026-01-05T18:49:58.867233,14.1,51.2,70.9,
2026-01-05T18:50:00.388850,2.9,51.2,70.9,
2026-01-05T18:50:04.113916,11.2,51.3,70.9,
2026-01-05T18:50:05.621095,2.0,51.2,70.9,
2026-01-05T18:50:09.325508,10.4,51.3,70.9,
2026-01-05T18:50:10.836235,4.1,51.2,70.9,
2026-01-05T18:50:14.570986,14.2,51.3,70.9,
2026-01-05T18:50:16.085183,4.1,51.3,70.9,
2026-01-05T18:50:19.789969,12.7,51.3,70.9,
2026-01-05T18:50:21.299880,2.4,51.3,70.9,
2026-01-05T18:50:25.021991,14.3,51.4,70.9,
2026-01-05T18:50:26.533263,2.9,51.3,70.9,
2026-01-05T18:50:30.239626,13.4,51.3,70.9,
2026-01-05T18:50:31.747568,1.2,51.3,70.9,
2026-01-05T18:50:35.439711,11.6,51.4,70.9,
2026-01-05T18:50:36.962839,1.6,51.4,70.9,
2026-01-05T18:50:40.662179,13.4,51.4,70.9,
2026-01-05T18:50:42.178320,3.9,51.4,70.9,
2026-01-05T18:50:45.873357,14.1,51.4,70.9,
2026-01-05T18:50:47.379007,2.7,51.4,70.9,
2026-01-05T18:50:51.065779,10.7,51.4,70.9,
2026-01-05T18:50:52.579016,2.5,51.5,70.9,
2026-01-05T18:50:56.293420,13.2,51.4,70.9,
2026-01-05T18:50:57.799139,1.6,51.3,70.9,
2026-01-05T18:51:01.497895,12.6,51.3,70.9,
2026-01-05T18:51:03.006951,1.8,51.3,70.9,
2026-01-05T18:51:06.726232,14.8,51.4,70.9,
2026-01-05T18:51:08.236910,4.4,50.9,70.9,
2026-01-05T18:51:11.924351,10.8,50.9,70.9,
2026-01-05T18:51:13.439375,1.4,50.9,70.9,
2026-01-05T18:51:17.134771,12.5,50.9,70.9,
2026-01-05T18:51:18.652730,1.2,50.9,70.9,
2026-01-05T18:51:22.345537,11.9,50.9,70.9,
2026-01-05T18:51:23.852287,1.2,50.9,70.9,
2026-01-05T18:51:27.541433,11.0,50.9,70.9,
2026-01-05T18:51:29.050354,2.0,50.9,70.9,
2026-01-05T18:51:32.749359,14.1,50.9,70.9,
2026-01-05T18:51:34.264947,1.4,50.9,70.9,
2026-01-05T18:51:37.986263,13.8,51.0,70.9,
2026-01-05T18:51:39.497897,5.1,51.0,70.9,
2026-01-05T18:51:43.216413,10.7,51.0,70.9,
2026-01-05T18:51:44.721463,1.2,51.0,70.9,
2026-01-05T18:51:48.427518,14.8,51.0,70.9,
2026-01-05T18:51:49.945866,2.1,50.9,70.9,
2026-01-05T18:51:53.623711,10.5,51.0,70.9,
2026-01-05T18:51:55.130523,5.5,50.9,70.9,
2026-01-05T18:51:58.857773,10.5,51.0,70.9,
2026-01-05T18:52:00.375995,3.9,51.0,70.9,
2026-01-05T18:52:04.070694,13.0,51.1,70.9,
2026-01-05T18:52:05.590857,1.9,51.1,70.9,
2026-01-05T18:52:09.274002,12.9,51.1,70.9,
2026-01-05T18:52:10.781065,2.0,51.1,70.9,
2026-01-05T18:52:14.543989,11.1,51.0,70.9,
2026-01-05T18:52:16.054644,2.0,51.1,70.9,
2026-01-05T18:52:19.718165,11.3,51.0,70.9,
2026-01-05T18:52:21.238657,2.0,51.0,70.9,
2026-01-05T18:52:24.917757,12.3,51.0,70.9,
2026-01-05T18:52:26.429394,1.6,51.0,70.9,
2026-01-05T18:52:30.107690,8.9,51.0,70.9,
2026-01-05T18:52:31.618675,3.1,51.0,70.9,
2026-01-05T18:52:35.341728,10.8,51.0,70.9,
2026-01-05T18:52:36.850781,2.1,51.1,70.9,
2026-01-05T18:52:40.598588,15.8,51.0,70.9,
2026-01-05T18:52:42.115739,2.4,51.0,70.9,
2026-01-05T18:52:45.856289,12.6,51.0,70.9,
2026-01-05T18:52:47.365438,2.7,50.9,70.9,
2026-01-05T18:52:51.069280,9.9,51.0,70.9,
2026-01-05T18:52:52.580751,2.3,51.0,70.9,
2026-01-05T18:52:56.328572,13.1,50.9,70.9,
2026-01-05T18:52:57.845187,2.5,50.9,70.9,
2026-01-05T18:53:01.551806,13.3,51.0,70.9,
2026-01-05T18:53:03.060859,2.0,51.0,70.9,
2026-01-05T18:53:06.777198,10.4,51.1,70.9,
2026-01-05T18:53:08.296428,4.9,51.1,70.9,
2026-01-05T18:53:12.004973,12.3,51.3,70.9,
2026-01-05T18:53:13.524297,1.6,51.2,70.9,
2026-01-05T18:53:17.238482,13.0,51.1,70.9,
2026-01-05T18:53:18.757892,1.6,51.1,70.9,
2026-01-05T18:53:22.447565,11.0,51.1,70.9,
2026-01-05T18:53:23.955397,1.6,51.0,70.9,
2026-01-05T18:53:27.684475,12.3,51.1,70.9,
2026-01-05T18:53:29.193638,2.4,51.0,70.9,
2026-01-05T18:53:32.896066,12.2,51.0,70.9,
2026-01-05T18:53:34.403427,3.5,51.0,70.9,
2026-01-05T18:53:38.144703,13.9,51.0,70.9,
2026-01-05T18:53:39.652890,1.9,51.0,70.9,
2026-01-05T18:53:43.348100,13.4,51.2,70.9,
2026-01-05T18:53:44.853850,2.0,51.2,70.9,
2026-01-05T18:53:48.578611,11.1,51.1,70.9,
2026-01-05T18:53:50.099056,4.0,51.1,70.9,
2026-01-05T18:53:53.814523,17.1,51.2,70.9,
2026-01-05T18:53:55.331429,1.6,51.2,70.9,
2026-01-05T18:53:59.048229,9.6,51.2,70.9,
2026-01-05T18:54:00.564705,3.3,51.3,70.9,
2026-01-05T18:54:04.273171,15.0,51.3,70.9,
2026-01-05T18:54:05.779201,2.6,51.3,70.9,
2026-01-05T18:54:09.519919,11.2,51.4,70.9,
2026-01-05T18:54:11.027121,1.0,51.4,70.9,
2026-01-05T18:54:14.752410,14.1,51.3,70.9,
2026-01-05T18:54:16.259280,2.0,51.3,70.9,
2026-01-05T18:54:19.990110,11.5,51.3,70.9,
2026-01-05T18:54:21.509005,2.2,51.4,70.9,
2026-01-05T18:54:25.183055,9.6,51.3,70.9,
2026-01-05T18:54:26.689200,1.9,51.3,70.9,
2026-01-05T18:54:30.447791,10.6,51.4,70.9,
2026-01-05T18:54:31.958226,2.2,51.4,70.9,
2026-01-05T18:54:35.712793,9.3,51.4,70.9,
2026-01-05T18:54:37.220262,1.4,51.4,70.9,
2026-01-05T18:54:40.923965,16.0,51.5,70.9,
2026-01-05T18:54:42.436812,0.6,51.5,70.9,
2026-01-05T18:54:46.147852,11.9,51.5,70.9,
2026-01-05T18:54:47.664290,1.8,51.5,70.9,
2026-01-05T18:54:51.389098,9.2,51.5,70.9,
2026-01-05T18:54:52.900344,1.7,51.5,70.9,
2026-01-05T18:54:56.605942,11.5,51.5,70.9,
2026-01-05T18:54:58.116734,1.0,51.5,70.9,
2026-01-05T18:55:01.838165,12.5,51.5,70.9,
2026-01-05T18:55:03.350713,2.3,51.6,70.9,
2026-01-05T18:55:07.075412,12.0,51.5,70.9,
2026-01-05T18:55:08.581713,2.0,51.5,70.9,
2026-01-05T18:55:12.285680,11.5,51.5,70.9,
2026-01-05T18:55:13.797834,1.9,51.5,70.9,
2026-01-05T18:55:17.507310,12.1,51.4,70.9,
2026-01-05T18:55:19.030544,3.7,51.4,70.9,
2026-01-05T18:55:22.738728,14.0,50.8,70.9,
2026-01-05T18:55:24.244776,3.5,50.7,70.9,
2026-01-05T18:55:27.966809,11.3,50.8,70.9,
2026-01-05T18:55:29.474182,2.0,50.8,70.9,
2026-01-05T18:55:33.208771,14.6,50.9,70.9,
2026-01-05T18:55:34.726731,2.3,50.9,70.9,
2026-01-05T18:55:38.417911,11.5,51.0,70.9,
2026-01-05T18:55:39.926479,3.6,51.1,70.9,
2026-01-05T18:55:43.599370,11.6,51.2,70.9,
2026-01-05T18:55:45.123131,0.6,51.2,70.9,
2026-01-05T18:55:48.813597,14.1,51.2,70.9,
2026-01-05T18:55:50.322852,1.0,51.2,70.9,
2026-01-05T18:55:54.021724,13.3,51.1,70.9,
2026-01-05T18:55:55.539140,1.0,51.1,70.9,
2026-01-05T18:55:59.250516,13.8,51.1,70.9,
2026-01-05T18:56:00.771362,2.9,51.1,70.9,
2026-01-05T18:56:04.457994,13.0,51.1,70.9,
2026-01-05T18:56:05.971101,1.6,51.1,70.9,
2026-01-05T18:56:09.647400,13.7,51.2,70.9,
2026-01-05T18:56:11.167717,3.6,51.3,70.9,
2026-01-05T18:56:14.867355,16.5,51.3,70.9,
2026-01-05T18:56:16.387926,2.0,51.3,70.9,
2026-01-05T18:56:20.078428,12.8,51.4,70.9,
2026-01-05T18:56:21.598548,3.5,51.4,70.9,
2026-01-05T18:56:25.273632,14.6,51.5,70.9,
2026-01-05T18:56:26.785111,3.4,51.5,70.9,
2026-01-05T18:56:30.472560,14.4,51.6,70.9,
2026-01-05T18:56:31.979897,0.8,51.6,70.9,
2026-01-05T18:56:35.662621,15.0,51.3,70.9,
2026-01-05T18:56:37.179611,1.4,51.3,70.9,
2026-01-05T18:56:40.896585,13.7,51.3,70.9,
2026-01-05T18:56:42.411987,1.4,51.2,70.9,
2026-01-05T18:56:46.084692,11.8,51.3,70.9,
2026-01-05T18:56:47.595805,2.1,51.3,70.9,
2026-01-05T18:56:51.304061,12.9,51.3,70.9,
2026-01-05T18:56:52.812344,1.8,51.3,70.9,
2026-01-05T18:56:56.519904,14.2,51.3,70.9,
2026-01-05T18:56:58.027549,1.6,51.3,70.9,
2026-01-05T18:57:01.771756,12.7,51.2,70.9,
2026-01-05T18:57:03.297598,1.8,51.2,70.9,
2026-01-05T18:57:06.971443,12.8,51.2,70.9,
2026-01-05T18:57:08.490441,2.9,51.3,70.9,
2026-01-05T18:57:12.193297,12.4,51.3,70.9,
2026-01-05T18:57:13.705454,1.6,51.3,70.9,
2026-01-05T18:57:17.424516,9.6,51.4,70.9,
2026-01-05T18:57:18.941022,4.3,51.3,70.9,
2026-01-05T18:57:22.663282,9.3,51.4,70.9,
2026-01-05T18:57:24.170167,1.4,51.4,70.9,
2026-01-05T18:57:27.890536,14.3,51.9,70.9,
2026-01-05T18:57:29.398469,5.4,51.8,70.9,
2026-01-05T18:57:33.087879,10.6,51.8,70.9,
2026-01-05T18:57:34.604657,1.0,51.8,70.9,
2026-01-05T18:57:38.322815,14.5,51.8,70.9,
2026-01-05T18:57:39.829350,2.9,51.6,70.9,
2026-01-05T18:57:43.543168,9.5,51.1,70.9,
2026-01-05T18:57:45.048987,1.2,51.2,70.9,
2026-01-05T18:57:48.766834,12.6,51.1,70.9,
2026-01-05T18:57:50.282173,2.1,51.2,70.9,
2026-01-05T18:57:53.999040,10.6,51.2,70.9,
2026-01-05T18:57:55.510976,2.6,51.2,70.9,
2026-01-05T18:57:59.198563,14.2,51.2,70.9,
2026-01-05T18:58:00.714088,1.4,51.1,70.9,
2026-01-05T18:58:04.429059,10.4,51.1,70.9,
2026-01-05T18:58:05.937988,0.8,51.1,70.9,
2026-01-05T18:58:09.651639,11.5,51.4,70.9,
2026-01-05T18:58:11.168699,1.4,51.5,70.9,
2026-01-05T18:58:14.895605,12.0,51.7,70.9,
2026-01-05T18:58:16.410186,3.7,51.2,70.9,
2026-01-05T18:58:20.140814,11.9,51.2,70.9,
2026-01-05T18:58:21.658448,2.3,51.2,70.9,
2026-01-05T18:58:25.329543,11.7,51.3,70.9,
2026-01-05T18:58:26.841554,4.1,51.4,70.9,
2026-01-05T18:58:30.514970,12.7,51.4,70.9,
2026-01-05T18:58:32.024646,1.5,51.4,70.9,
2026-01-05T18:58:35.689542,13.0,51.4,70.9,
2026-01-05T18:58:37.199912,0.0,51.4,70.9,
2026-01-05T18:58:40.865633,16.2,51.3,70.9,
2026-01-05T18:58:42.382702,0.2,51.3,70.9,
2026-01-05T18:58:46.029535,11.4,51.4,70.9,
2026-01-05T18:58:47.537945,0.4,51.4,70.9,
2026-01-05T18:58:51.238695,14.1,51.3,70.9,
2026-01-05T18:58:52.749815,0.2,51.4,70.9,
2026-01-05T18:58:56.416976,13.5,51.4,70.9,
2026-01-05T18:58:57.924453,1.2,51.4,70.9,
2026-01-05T18:59:01.597926,9.9,51.4,70.9,
2026-01-05T18:59:03.104609,0.0,51.4,70.9,
2026-01-05T18:59:06.798475,12.8,51.4,70.9,
2026-01-05T18:59:08.313639,0.6,51.4,70.9,
2026-01-05T18:59:12.031199,14.7,51.5,70.9,
2026-01-05T18:59:13.540460,1.8,51.5,70.9,
2026-01-05T18:59:17.242580,9.6,51.5,70.9,
2026-01-05T18:59:18.757320,1.8,51.4,70.9,
2026-01-05T18:59:22.425844,12.4,51.5,70.9,
2026-01-05T18:59:23.945925,0.4,51.5,70.9,
2026-01-05T18:59:27.623977,14.9,51.4,70.9,
2026-01-05T18:59:29.143190,1.4,51.4,70.9,
2026-01-05T18:59:32.811114,14.0,51.4,70.9,
2026-01-05T18:59:34.328793,0.8,51.5,70.9,
2026-01-05T18:59:37.978610,13.1,51.5,70.9,
2026-01-05T18:59:39.491951,4.1,51.4,70.9,
2026-01-05T18:59:43.203283,13.5,51.5,70.9,
2026-01-05T18:59:44.723598,2.5,51.5,70.9,
2026-01-05T18:59:48.413487,11.6,51.5,70.9,
2026-01-05T18:59:49.925100,2.7,51.5,70.9,
2026-01-05T18:59:53.653350,14.4,51.5,70.9,
2026-01-05T18:59:55.173219,2.0,51.5,70.9,
2026-01-05T18:59:58.847488,12.1,51.5,70.9,
2026-01-05T19:00:00.355498,1.8,51.5,70.9,
2026-01-05T19:00:04.050144,12.1,51.6,70.9,
2026-01-05T19:00:05.556869,2.9,51.5,70.9,
2026-01-05T19:00:09.253410,12.3,51.6,70.9,
2026-01-05T19:00:10.769907,1.9,51.6,70.9,
2026-01-05T19:00:14.520712,13.3,51.7,70.9,
2026-01-05T19:00:16.033974,1.9,51.7,70.9,
2026-01-05T19:00:19.726860,11.4,51.7,70.9,
2026-01-05T19:00:21.235423,4.1,51.7,70.9,
2026-01-05T19:00:24.951817,10.9,51.7,70.9,
2026-01-05T19:00:26.467919,2.7,51.7,70.9,
2026-01-05T19:00:30.208019,11.0,51.7,70.9,
2026-01-05T19:00:31.715540,4.3,51.7,70.9,
2026-01-05T19:00:35.449948,14.6,51.7,70.9,
2026-01-05T19:00:36.965086,2.2,51.8,70.9,
2026-01-05T19:00:40.661074,10.4,51.7,70.9,
2026-01-05T19:00:42.179912,2.7,51.7,70.9,
2026-01-05T19:00:45.913778,10.9,51.7,70.9,
2026-01-05T19:00:47.428534,0.8,51.7,70.9,
2026-01-05T19:00:51.112051,11.7,51.7,70.9,
2026-01-05T19:00:52.626332,1.9,51.7,70.9,
2026-01-05T19:00:56.366838,12.0,51.8,70.9,
2026-01-05T19:00:57.873527,5.6,51.9,70.9,
2026-01-05T19:01:01.603120,8.3,51.8,70.9,
2026-01-05T19:01:03.108645,4.3,51.9,70.9,
2026-01-05T19:01:06.818668,10.4,52.0,70.9,
2026-01-05T19:01:08.326949,3.3,52.0,70.9,
2026-01-05T19:01:12.039753,12.5,52.0,70.9,
2026-01-05T19:01:13.556049,7.4,50.6,70.9,
2026-01-05T19:01:17.261024,11.5,53.3,70.9,
2026-01-05T19:01:18.772731,3.9,53.3,70.9,
2026-01-05T19:01:22.446218,12.2,53.6,70.9,
2026-01-05T19:01:23.955424,1.6,53.6,70.9,
2026-01-05T19:01:27.652374,12.1,53.5,70.9,
2026-01-05T19:01:29.170373,3.7,53.4,70.9,
2026-01-05T19:01:32.850698,13.2,53.5,70.9,
2026-01-05T19:01:34.360767,3.9,53.5,70.9,
2026-01-05T19:01:38.074238,12.2,53.5,70.9,
2026-01-05T19:01:39.585796,1.4,53.5,70.9,
2026-01-05T19:01:43.296163,12.5,53.6,70.9,
2026-01-05T19:01:44.816639,4.0,53.4,70.9,
2026-01-05T19:01:48.517567,11.4,53.2,70.9,
2026-01-05T19:01:50.032587,4.3,53.2,70.9,
2026-01-05T19:01:53.751081,10.6,53.1,70.9,
2026-01-05T19:01:55.265901,2.3,52.8,70.9,
2026-01-05T19:01:58.971950,12.7,52.9,70.9,
2026-01-05T19:02:00.478030,2.1,52.8,70.9,
2026-01-05T19:02:04.188496,13.3,52.9,70.9,
2026-01-05T19:02:05.696550,1.4,52.9,70.9,
2026-01-05T19:02:09.389519,13.3,52.9,70.9,
2026-01-05T19:02:10.895770,3.3,52.9,70.9,
2026-01-05T19:02:14.627116,11.8,52.9,70.9,
2026-01-05T19:02:16.146148,3.5,52.9,70.9,
2026-01-05T19:02:19.824662,13.0,52.9,70.9,
2026-01-05T19:02:21.342485,1.8,52.9,70.9,
2026-01-05T19:02:25.043698,7.7,52.9,70.9,
2026-01-05T19:02:26.558755,1.6,52.9,70.9,
2026-01-05T19:02:30.273807,10.5,52.9,70.9,
2026-01-05T19:02:31.790900,1.2,52.9,70.9,
2026-01-05T19:02:35.481319,10.9,52.9,70.9,
2026-01-05T19:02:36.990184,1.8,52.9,70.9,
2026-01-05T19:02:40.690275,14.6,52.4,70.9,
2026-01-05T19:02:42.205693,2.0,51.2,70.9,
2026-01-05T19:02:45.917677,13.9,51.2,70.9,
2026-01-05T19:02:47.438296,1.2,51.2,70.9,
2026-01-05T19:02:51.117344,15.0,51.2,70.9,
2026-01-05T19:02:52.637404,0.8,51.2,70.9,
2026-01-05T19:02:56.320205,9.7,51.2,70.9,
2026-01-05T19:02:57.836473,1.2,51.4,70.9,
2026-01-05T19:03:01.517188,13.0,51.4,70.9,
2026-01-05T19:03:03.035163,2.2,51.4,70.9,
2026-01-05T19:03:06.702927,10.7,51.4,70.9,
2026-01-05T19:03:08.215875,2.2,50.6,70.9,
2026-01-05T19:03:11.899529,12.9,50.5,70.9,
2026-01-05T19:03:13.416096,2.3,50.5,70.9,
2026-01-05T19:03:17.113658,10.7,50.5,70.9,
2026-01-05T19:03:18.631386,1.0,50.5,70.9,
2026-01-05T19:03:22.332931,10.2,50.6,70.9,
2026-01-05T19:03:23.847514,0.8,50.6,70.9,
2026-01-05T19:03:27.552734,12.6,50.5,70.9,
2026-01-05T19:03:29.062966,2.2,50.5,70.9,
2026-01-05T19:03:32.743485,8.6,50.5,70.9,
2026-01-05T19:03:34.262212,1.8,50.4,70.9,
2026-01-05T19:03:37.972684,12.1,50.3,70.9,
2026-01-05T19:03:39.479183,1.4,50.3,70.9,
2026-01-05T19:03:43.168141,10.9,50.3,70.9,
2026-01-05T19:03:44.675644,1.2,50.4,70.9,
2026-01-05T19:03:48.404594,12.3,50.4,70.9,
2026-01-05T19:03:49.918558,1.6,50.6,70.9,
2026-01-05T19:03:53.641438,14.6,50.5,70.9,
2026-01-05T19:03:55.158473,4.2,50.7,70.9,
2026-01-05T19:03:58.891575,11.4,50.7,70.9,
2026-01-05T19:04:00.407410,3.3,50.7,70.9,
2026-01-05T19:04:04.112759,13.4,50.8,70.9,
2026-01-05T19:04:05.621593,1.4,50.8,70.9,
2026-01-05T19:04:09.302129,11.5,50.8,70.9,
2026-01-05T19:04:10.820894,1.7,50.8,70.9,
2026-01-05T19:04:14.591974,13.2,51.0,70.9,
2026-01-05T19:04:16.103939,3.3,51.1,70.9,
2026-01-05T19:04:19.825744,11.5,51.2,70.9,
2026-01-05T19:04:21.336202,2.2,51.1,70.9,
2026-01-05T19:04:25.061453,13.6,51.1,70.9,
2026-01-05T19:04:26.567757,2.2,51.1,70.9,
2026-01-05T19:04:30.278003,14.0,51.1,70.9,
2026-01-05T19:04:31.799990,1.6,51.0,70.9,
2026-01-05T19:04:35.489972,11.7,51.0,70.9,
2026-01-05T19:04:36.998680,2.1,51.0,70.9,
2026-01-05T19:04:40.721058,12.2,51.0,70.9,
2026-01-05T19:04:42.231354,1.6,51.0,70.9,
2026-01-05T19:04:45.938986,11.8,51.0,70.9,
2026-01-05T19:04:47.447340,2.0,51.0,70.9,
2026-01-05T19:04:51.170922,10.8,51.0,70.9,
2026-01-05T19:04:52.677764,1.3,51.0,70.9,
2026-01-05T19:04:56.370886,13.6,51.1,70.9,
2026-01-05T19:04:57.878217,3.3,51.2,70.9,
2026-01-05T19:05:01.623592,14.3,51.2,70.9,
2026-01-05T19:05:03.142932,2.9,51.2,70.9,
2026-01-05T19:05:06.877831,12.1,51.3,70.9,
2026-01-05T19:05:08.394414,1.8,51.2,70.9,
2026-01-05T19:05:12.122584,11.6,51.2,70.9,
2026-01-05T19:05:13.641037,2.0,51.2,70.9,
2026-01-05T19:05:17.323731,11.2,51.1,70.9,
2026-01-05T19:05:18.839876,2.3,51.1,70.9,
2026-01-05T19:05:22.549793,11.5,51.2,70.9,
2026-01-05T19:05:24.055721,2.9,51.1,70.9,
2026-01-05T19:05:27.762202,13.1,51.2,70.9,
2026-01-05T19:05:29.270761,1.2,51.2,70.9,
2026-01-05T19:05:33.010251,13.0,51.2,70.9,
2026-01-05T19:05:34.522331,2.9,51.2,70.9,
2026-01-05T19:05:38.224516,11.3,51.2,70.9,
2026-01-05T19:05:39.735793,1.2,51.2,70.9,
2026-01-05T19:05:43.419211,19.5,51.2,70.9,
2026-01-05T19:05:44.938377,2.5,51.3,70.9,
2026-01-05T19:05:48.670156,13.6,51.2,70.9,
2026-01-05T19:05:50.177088,3.7,50.4,70.9,
2026-01-05T19:05:53.902904,13.4,50.3,70.9,
2026-01-05T19:05:55.416344,1.6,50.4,70.9,
2026-01-05T19:05:59.146420,13.8,50.4,70.9,
2026-01-05T19:06:00.666520,1.2,50.5,70.9,
2026-01-05T19:06:04.366940,8.8,50.4,70.9,
2026-01-05T19:06:05.880534,2.1,50.4,70.9,
2026-01-05T19:06:09.636136,13.7,50.4,70.9,
2026-01-05T19:06:11.145679,1.8,50.5,70.9,
2026-01-05T19:06:14.851541,9.9,50.5,70.9,
2026-01-05T19:06:16.362043,1.8,50.6,70.9,
2026-01-05T19:06:20.099494,15.3,50.1,70.9,
2026-01-05T19:06:21.611646,1.8,50.1,70.9,
2026-01-05T19:06:25.351736,14.3,50.1,70.9,
2026-01-05T19:06:26.869281,4.1,50.2,70.9,
2026-01-05T19:06:30.578001,13.5,50.2,70.9,
2026-01-05T19:06:32.090746,1.6,50.2,70.9,
2026-01-05T19:06:35.789843,11.7,50.0,70.9,
2026-01-05T19:06:37.307268,2.3,50.2,70.9,
2026-01-05T19:06:41.008269,10.5,50.3,70.9,
2026-01-05T19:06:42.523405,3.5,50.2,70.9,
2026-01-05T19:06:46.255767,10.5,50.3,70.9,
2026-01-05T19:06:47.772068,3.7,50.3,70.9,
2026-01-05T19:06:51.492747,12.3,50.5,70.9,
2026-01-05T19:06:53.005015,1.9,50.5,70.9,
2026-01-05T19:06:56.703542,12.5,50.4,70.9,
2026-01-05T19:06:58.221474,1.6,50.4,70.9,
2026-01-05T19:07:01.950365,10.2,50.5,70.9,
2026-01-05T19:07:03.469526,1.2,50.4,70.9,
2026-01-05T19:07:07.183953,13.9,50.4,70.9,
2026-01-05T19:07:08.689684,1.4,50.4,70.9,
2026-01-05T19:07:12.381299,15.0,50.5,70.9,
2026-01-05T19:07:13.900676,1.9,50.5,70.9,
2026-01-05T19:07:17.608268,12.8,50.4,70.9,
2026-01-05T19:07:19.116700,2.1,50.4,70.9,
2026-01-05T19:07:22.849420,8.4,50.4,70.9,
2026-01-05T19:07:24.364207,3.6,50.5,70.9,
2026-01-05T19:07:28.080917,10.6,49.7,70.9,
2026-01-05T19:07:29.595718,1.8,49.7,70.9,
2026-01-05T19:07:33.289889,12.2,49.7,70.9,
2026-01-05T19:07:34.811081,1.3,49.6,70.9,
2026-01-05T19:07:38.529721,10.6,49.7,70.9,
2026-01-05T19:07:40.044894,2.9,49.7,70.9,
2026-01-05T19:07:43.779863,13.9,49.7,70.9,
2026-01-05T19:07:45.295107,1.0,49.6,70.9,
2026-01-05T19:07:48.998777,11.8,49.6,70.9,
2026-01-05T19:07:50.508308,1.4,49.6,70.9,
2026-01-05T19:07:54.224833,9.8,49.6,70.9,
2026-01-05T19:07:55.740414,1.8,49.6,70.9,
2026-01-05T19:07:59.441390,10.7,49.7,70.9,
2026-01-05T19:08:00.956696,1.7,49.7,70.9,
2026-01-05T19:08:04.649563,12.1,49.7,70.9,
2026-01-05T19:08:06.156231,1.8,49.7,70.9,
2026-01-05T19:08:09.874193,12.6,49.6,70.9,
2026-01-05T19:08:11.388696,1.4,49.2,70.9,
2026-01-05T19:08:15.096658,10.7,49.2,70.9,
2026-01-05T19:08:16.604342,1.6,49.2,70.9,
2026-01-05T19:08:20.324237,10.1,49.2,70.9,
2026-01-05T19:08:21.835813,2.3,49.2,70.9,
2026-01-05T19:08:25.532003,11.3,49.3,70.9,
2026-01-05T19:08:27.045564,2.3,49.2,70.9,
2026-01-05T19:08:30.715693,13.8,49.4,70.9,
2026-01-05T19:08:32.233734,1.0,49.4,70.9,
2026-01-05T19:08:33.745142,2.4,49.4,70.9,
2026-01-05T19:08:35.258235,0.4,49.4,70.9,
2026-01-05T19:08:36.767700,0.4,49.4,70.9,
2026-01-05T19:08:38.281096,1.8,49.4,70.9,
2026-01-05T19:08:39.802404,1.0,49.4,70.9,
2026-01-05T19:08:41.311926,2.6,49.6,70.9,
2026-01-05T19:08:42.830994,2.6,49.7,70.9,
2026-01-05T19:08:44.349192,3.2,49.9,70.9,
2026-01-05T19:08:45.864595,0.8,49.9,70.9,
2026-01-05T19:08:47.382758,3.0,49.9,70.9,
2026-01-05T19:08:48.897241,3.9,49.9,70.9,
2026-01-05T19:08:50.416567,2.9,49.9,70.9,
2026-01-05T19:08:51.928271,1.0,50.0,70.9,
2026-01-05T19:08:53.445855,0.2,50.0,70.9,
2026-01-05T19:08:54.963802,1.6,49.9,70.9,
2026-01-05T19:08:56.480460,0.2,50.0,70.9,
2026-01-05T19:08:57.993172,1.4,50.1,70.9,
2026-01-05T19:08:59.512271,2.3,50.1,70.9,
2026-01-05T19:09:01.027700,3.1,50.2,70.9,
2026-01-05T19:09:02.534807,0.2,50.2,70.9,
2026-01-05T19:09:06.007900,13.1,50.2,70.9,
2026-01-05T19:09:07.518858,0.6,50.1,70.9,
2026-01-05T19:09:11.219365,13.3,49.9,70.9,
2026-01-05T19:09:12.726102,0.6,49.9,70.9,
2026-01-05T19:09:14.245607,8.0,50.0,70.9,
2026-01-05T19:09:15.762899,2.7,50.2,70.9,
2026-01-05T19:09:17.269542,4.4,50.1,70.9,
2026-01-05T19:09:18.783855,0.0,50.1,70.9,
2026-01-05T19:09:20.291301,1.2,50.1,70.9,
2026-01-05T19:09:21.803290,0.0,50.1,70.9,
2026-01-05T19:09:25.422811,13.7,50.2,70.9,
2026-01-05T19:09:26.940402,1.8,50.3,70.9,
2026-01-05T19:09:30.623612,14.6,50.3,70.9,
2026-01-05T19:09:32.140428,2.2,50.2,70.9,
2026-01-05T19:09:35.842444,12.2,50.2,70.9,
2026-01-05T19:09:37.354037,2.0,50.4,70.9,
2026-01-05T19:09:38.871150,1.6,50.4,70.9,
2026-01-05T19:09:40.385811,0.0,50.4,70.9,
2026-01-05T19:09:41.903402,0.6,50.4,70.9,
2026-01-05T19:09:43.416485,0.6,50.4,70.9,
2026-01-05T19:09:47.078663,12.4,50.2,70.9,
2026-01-05T19:09:48.584814,1.0,50.2,70.9,
2026-01-05T19:09:52.273041,12.7,50.1,70.9,
2026-01-05T19:09:53.783091,0.6,50.1,70.9,
2026-01-05T19:09:55.289152,1.2,50.1,70.9,
2026-01-05T19:09:56.794753,0.6,50.1,70.9,
2026-01-05T19:09:58.308375,0.2,50.1,70.9,
2026-01-05T19:09:59.830155,0.8,50.1,70.9,
2026-01-05T19:10:03.494985,15.7,50.1,70.9,
2026-01-05T19:10:05.014953,2.0,50.1,70.9,
2026-01-05T19:10:06.523295,0.8,50.2,70.9,
2026-01-05T19:10:08.032716,1.2,50.1,70.9,
2026-01-05T19:10:09.552660,0.6,50.1,70.9,
2026-01-05T19:10:11.070118,0.0,50.1,70.9,
2026-01-05T19:10:12.582866,0.4,50.1,70.9,
2026-01-05T19:10:14.101851,0.2,50.1,70.9,
2026-01-05T19:10:15.614250,0.4,50.1,70.9,
2026-01-05T19:10:17.131724,0.0,50.1,70.9,
2026-01-05T19:10:18.645378,1.2,50.1,70.9,
2026-01-05T19:10:20.154356,0.2,50.1,70.9,
2026-01-05T19:10:21.660983,0.4,50.1,70.9,
2026-01-05T19:10:23.177831,0.0,50.1,70.9,
2026-01-05T19:10:24.695402,0.8,50.1,70.9,
2026-01-05T19:10:26.207422,1.4,50.1,70.9,
2026-01-05T19:10:27.719561,0.6,50.1,70.9,
2026-01-05T19:10:29.227884,1.4,50.1,70.9,
2026-01-05T19:10:30.743993,0.6,50.1,70.9,
2026-01-05T19:10:32.270749,0.2,50.1,70.9,
2026-01-05T19:10:33.776732,0.2,50.1,70.9,
2026-01-05T19:10:35.301192,0.2,50.1,70.9,
2026-01-05T19:10:36.808369,0.6,50.2,70.9,
2026-01-05T19:10:38.317464,0.0,50.2,70.9,
2026-01-05T19:10:39.825144,0.6,50.2,70.9,
2026-01-05T19:10:41.333084,0.0,50.1,70.9,
2026-01-05T19:10:42.840953,0.0,50.1,70.9,
2026-01-05T19:10:44.362833,0.0,50.1,70.9,
2026-01-05T19:10:45.873341,0.4,50.1,70.9,
2026-01-05T19:10:47.394816,0.6,49.6,70.9,
2026-01-05T19:10:48.908587,0.2,49.6,70.9,
2026-01-05T19:10:50.427145,0.4,49.5,70.9,
2026-01-05T19:10:51.936735,1.2,49.6,70.9,
2026-01-05T19:10:53.457550,3.3,49.6,70.9,
2026-01-05T19:10:54.971017,0.8,49.6,70.9,
2026-01-05T19:10:56.488260,0.0,49.6,70.9,
2026-01-05T19:10:58.002358,0.4,49.6,70.9,
2026-01-05T19:10:59.518218,0.0,49.6,70.9,
2026-01-05T19:11:01.035322,0.6,49.6,70.9,
2026-01-05T19:11:02.548924,0.2,49.6,70.9,
2026-01-05T19:11:04.063044,0.8,49.6,70.9,
2026-01-05T19:11:05.572314,0.2,49.6,70.9,
2026-01-05T19:11:07.079309,0.6,49.6,70.9,
2026-01-05T19:11:08.596677,0.4,49.6,70.9,
2026-01-05T19:11:10.123670,0.6,49.6,70.9,
2026-01-05T19:11:11.642338,0.4,49.6,70.9,
2026-01-05T19:11:13.172413,1.2,49.6,70.9,
2026-01-05T19:11:14.689007,0.0,49.7,70.9,
2026-01-05T19:11:16.217675,2.0,49.7,70.9,
2026-01-05T19:11:17.749247,0.0,49.7,70.9,
2026-01-05T19:11:19.265519,1.0,49.7,70.9,
2026-01-05T19:11:20.782368,0.0,49.7,70.9,
2026-01-05T19:11:22.297558,1.0,49.7,70.9,
2026-01-05T19:11:23.812780,0.0,49.7,70.9,
2026-01-05T19:11:25.342597,1.8,49.7,70.9,
2026-01-05T19:11:26.873588,0.0,49.7,70.9,
2026-01-05T19:11:28.404970,1.6,49.7,70.9,
2026-01-05T19:11:29.920066,0.2,49.7,70.9,
2026-01-05T19:11:31.431053,1.9,49.7,70.9,
2026-01-05T19:11:32.952986,0.2,49.7,70.9,
2026-01-05T19:11:34.463860,1.0,49.7,70.9,
2026-01-05T19:11:35.980559,0.0,49.7,70.9,
2026-01-05T19:11:37.496470,1.4,49.7,70.9,
2026-01-05T19:11:39.015523,0.2,49.6,70.9,
2026-01-05T19:11:40.529910,2.2,49.6,70.9,
2026-01-05T19:11:42.045345,0.0,49.6,70.9,
2026-01-05T19:11:43.561348,1.0,49.6,70.9,
2026-01-05T19:11:45.077742,0.2,49.6,70.9,
2026-01-05T19:11:46.594262,1.2,49.6,70.9,
2026-01-05T19:11:48.108036,0.0,49.6,70.9,
2026-01-05T19:11:49.626596,1.5,49.6,70.9,
2026-01-05T19:11:51.140686,0.8,49.6,70.9,
2026-01-05T19:11:52.660824,1.8,49.6,70.9,
2026-01-05T19:11:54.170147,2.0,49.6,70.9,
2026-01-05T19:11:55.691743,2.0,49.6,70.9,
2026-01-05T19:11:57.209329,2.5,49.6,70.9,
2026-01-05T19:11:58.714648,1.0,49.6,70.9,
2026-01-05T19:12:00.231725,0.6,49.6,70.9,
2026-01-05T19:12:01.743062,0.6,49.6,70.9,
2026-01-05T19:12:03.263118,0.6,49.7,70.9,
2026-01-05T19:12:04.774216,0.4,49.7,70.9,
2026-01-05T19:12:06.293244,0.8,49.7,70.9,
2026-01-05T19:12:07.806596,2.5,49.7,70.9,
2026-01-05T19:12:09.324866,0.2,49.7,70.9,
2026-01-05T19:12:10.838961,1.0,49.7,70.9,
2026-01-05T19:12:12.356636,0.0,49.7,70.9,
2026-01-05T19:12:13.873678,1.4,49.7,70.9,
2026-01-05T19:12:15.387414,0.6,49.7,70.9,
2026-01-05T19:12:16.906366,1.7,49.7,70.9,
2026-01-05T19:12:18.418171,0.2,49.7,70.9,
2026-01-05T19:12:19.936531,1.4,49.7,70.9,
2026-01-05T19:12:21.449589,0.2,49.7,70.9,
2026-01-05T19:12:22.955836,1.6,49.7,70.9,
2026-01-05T19:12:24.466476,0.4,49.7,70.9,
2026-01-05T19:12:25.972640,2.1,49.7,70.9,
2026-01-05T19:12:27.479510,0.2,49.7,70.9,
2026-01-05T19:12:28.988040,2.4,49.6,70.9,
2026-01-05T19:12:30.496538,0.2,49.6,70.9,
2026-01-05T19:12:32.002458,3.5,49.6,70.9,
2026-01-05T19:12:33.510181,0.2,49.6,70.9,
2026-01-05T19:12:35.020444,1.9,49.6,70.9,
2026-01-05T19:12:36.539812,0.2,49.6,70.9,
2026-01-05T19:12:38.053423,2.3,49.6,70.9,
2026-01-05T19:12:39.572475,0.2,49.6,70.9,
2026-01-05T19:12:41.086525,1.8,49.6,70.9,
2026-01-05T19:12:42.619020,0.2,49.6,70.9,
2026-01-05T19:12:44.133273,1.4,49.7,70.9,
2026-01-05T19:12:45.665539,0.4,49.7,70.9,
2026-01-05T19:12:47.183405,1.0,49.7,70.9,
2026-01-05T19:12:48.697194,0.0,49.7,70.9,
2026-01-05T19:12:50.219107,1.8,49.7,70.9,
2026-01-05T19:12:51.743670,0.2,49.7,70.9,
2026-01-05T19:12:53.250891,0.8,49.7,70.9,
2026-01-05T19:12:54.760156,0.0,49.6,70.9,
2026-01-05T19:12:56.268088,1.8,49.6,70.9,
2026-01-05T19:12:57.775703,0.2,49.6,70.9,
2026-01-05T19:12:59.283935,0.2,49.6,70.9,
2026-01-05T19:13:00.800946,0.0,49.6,70.9,
2026-01-05T19:13:02.317053,1.2,49.7,70.9,
2026-01-05T19:13:03.835994,0.2,49.6,70.9,
2026-01-05T19:13:05.349035,1.0,49.6,70.9,
2026-01-05T19:13:06.867728,0.0,49.6,70.9,
2026-01-05T19:13:08.381062,1.0,49.6,70.9,
2026-01-05T19:13:09.899050,0.0,49.6,70.9,
2026-01-05T19:13:11.414285,1.4,49.6,70.9,
2026-01-05T19:13:12.930343,0.2,49.6,70.9,
2026-01-05T19:13:14.446382,1.6,49.6,70.9,
2026-01-05T19:13:15.961630,0.2,49.6,70.9,
2026-01-05T19:13:17.479555,0.8,49.6,70.9,
2026-01-05T19:13:18.991819,0.2,49.6,70.9,
2026-01-05T19:13:20.513498,1.4,49.6,70.9,
2026-01-05T19:13:22.036205,6.9,49.8,70.9,
2026-01-05T19:13:23.544367,1.6,50.4,70.9,
2026-01-05T19:13:25.054825,3.1,50.4,70.9,
2026-01-05T19:13:26.562959,0.4,50.4,70.9,
2026-01-05T19:13:28.086155,0.4,50.5,70.9,
2026-01-05T19:13:29.594133,1.0,50.5,70.9,
2026-01-05T19:13:31.114536,3.0,50.4,70.9,
2026-01-05T19:13:32.625427,2.0,50.4,70.9,
2026-01-05T19:13:34.148120,0.2,50.4,70.9,
2026-01-05T19:13:35.660332,2.0,50.4,70.9,
2026-01-05T19:13:37.175994,0.0,50.5,70.9,
2026-01-05T19:13:38.690761,2.1,50.5,70.9,
2026-01-05T19:13:40.207919,2.5,50.1,70.9,
2026-01-05T19:13:41.723224,2.0,49.8,70.9,
2026-01-05T19:13:43.240582,0.4,49.9,70.9,
2026-01-05T19:13:44.757170,1.0,49.9,70.9,
2026-01-05T19:13:46.285163,1.4,49.9,70.9,
2026-01-05T19:13:47.803245,3.4,49.9,70.9,
2026-01-05T19:13:49.333092,0.6,49.9,70.9,
2026-01-05T19:13:50.839691,1.0,49.9,70.9,
2026-01-05T19:13:52.350854,1.0,50.2,70.9,
2026-01-05T19:13:53.871246,3.4,50.6,70.9,
2026-01-05T19:13:55.379312,2.5,50.8,70.9,
2026-01-05T19:13:56.886851,0.6,50.8,70.9,
2026-01-05T19:13:58.394338,1.4,50.5,70.9,
2026-01-05T19:13:59.903742,1.4,50.4,70.9,
2026-01-05T19:14:01.410232,1.0,50.4,70.9,
2026-01-05T19:14:02.920696,0.6,50.3,70.9,
2026-01-05T19:14:04.439993,0.0,50.2,70.9,
2026-01-05T19:14:05.953773,2.1,50.3,70.9,
2026-01-05T19:14:07.471890,0.6,50.3,70.9,
2026-01-05T19:14:08.986018,1.9,50.2,70.9,
2026-01-05T19:14:10.502842,0.0,50.3,70.9,
2026-01-05T19:14:12.020045,1.4,50.2,70.9,
2026-01-05T19:14:13.535458,1.2,50.0,70.9,
2026-01-05T19:14:15.049821,1.0,50.0,70.9,
2026-01-05T19:14:16.564379,1.4,50.5,70.9,
2026-01-05T19:14:18.084419,1.4,50.5,70.9,
2026-01-05T19:14:19.590799,6.7,50.6,70.9,
2026-01-05T19:14:21.101497,1.6,50.8,70.9,
2026-01-05T19:14:22.611938,0.2,50.9,70.9,
2026-01-05T19:14:24.117351,1.6,50.9,70.9,
2026-01-05T19:14:25.628854,0.8,50.6,70.9,
2026-01-05T19:14:27.150839,1.0,50.6,70.9,
2026-01-05T19:14:28.659344,0.4,50.6,70.9,
2026-01-05T19:14:30.172527,3.9,50.8,70.9,
2026-01-05T19:14:31.688739,6.6,51.2,70.9,
2026-01-05T19:14:33.198551,4.3,50.9,70.9,
2026-01-05T19:14:34.715101,2.1,51.2,70.9,
2026-01-05T19:14:36.231687,4.5,51.2,70.9,
2026-01-05T19:14:37.747740,1.6,51.4,70.9,
2026-01-05T19:14:39.264942,2.5,51.4,70.9,
2026-01-05T19:14:40.780784,0.8,51.1,70.9,
2026-01-05T19:14:42.292008,2.2,51.2,70.9,
2026-01-05T19:14:43.813389,0.6,51.2,70.9,
2026-01-05T19:14:45.328578,1.2,51.2,70.9,
2026-01-05T19:14:46.844501,1.0,51.2,70.9,
2026-01-05T19:14:48.363753,5.5,51.5,70.9,
2026-01-05T19:14:49.872832,4.3,53.1,70.9,
2026-01-05T19:14:51.387932,0.6,53.1,70.9,
2026-01-05T19:14:52.897172,0.8,53.0,70.9,
2026-01-05T19:14:54.418167,0.2,53.1,70.9,
2026-01-05T19:14:55.923495,0.4,53.1,70.9,
2026-01-05T19:14:57.431174,1.2,53.1,70.9,
2026-01-05T19:14:58.939481,0.6,53.2,70.9,
2026-01-05T19:15:00.454206,1.0,53.2,70.9,
2026-01-05T19:15:01.992934,2.2,53.2,70.9,
2026-01-05T19:15:03.509947,0.2,53.2,70.9,
2026-01-05T19:15:05.016553,0.0,52.9,70.9,
2026-01-05T19:15:06.533007,0.2,52.8,70.9,
2026-01-05T19:15:08.045516,0.8,52.9,70.9,
2026-01-05T19:15:09.559315,1.4,52.9,70.9,
2026-01-05T19:15:11.076638,1.4,53.1,70.9,
2026-01-05T19:15:12.591841,3.3,53.0,70.9,
2026-01-05T19:15:14.098431,1.0,53.0,70.9,
2026-01-05T19:15:15.620093,1.2,53.0,70.9,
2026-01-05T19:15:17.140866,0.6,53.0,70.9,
2026-01-05T19:15:18.657520,4.0,52.5,70.9,
2026-01-05T19:15:20.173083,0.0,52.3,70.9,
2026-01-05T19:15:21.692584,1.0,52.3,70.9,
2026-01-05T19:15:23.205756,0.6,52.2,70.9,
2026-01-05T19:15:24.724426,0.4,52.3,70.9,
2026-01-05T19:15:26.230884,1.0,52.3,70.9,
2026-01-05T19:15:27.746959,1.2,52.9,70.9,
2026-01-05T19:15:29.254655,0.2,52.9,70.9,
2026-01-05T19:15:30.774155,0.6,52.8,70.9,
2026-01-05T19:15:32.285377,0.4,52.8,70.9,
2026-01-05T19:15:33.805264,0.4,52.8,70.9,
2026-01-05T19:15:35.316493,0.6,52.8,70.9,
2026-01-05T19:15:38.002446,12.9,52.8,70.9,
2026-01-05T19:15:39.512883,0.6,52.9,70.9,
2026-01-05T19:15:43.197883,13.2,52.9,70.9,
2026-01-05T19:15:44.718696,0.8,52.9,70.9,
2026-01-05T19:15:46.231734,0.4,52.9,70.9,
2026-01-05T19:15:47.739381,3.0,52.8,70.9,
2026-01-05T19:15:49.253607,0.6,52.8,70.9,
2026-01-05T19:15:50.763783,0.2,52.8,70.9,
2026-01-05T19:15:52.281632,0.4,52.8,70.9,
2026-01-05T19:15:53.802987,0.2,52.8,70.9,
2026-01-05T19:15:55.316022,1.8,52.8,70.9,
2026-01-05T19:15:56.833913,0.4,52.8,70.9,
2026-01-05T19:15:58.349718,0.4,52.7,70.9,
2026-01-05T19:15:59.865062,1.2,52.7,70.9,
2026-01-05T19:16:01.372721,1.8,52.7,70.9,
2026-01-05T19:16:02.887534,1.2,52.8,70.9,
2026-01-05T19:16:04.398980,0.4,52.8,70.9,
2026-01-05T19:16:05.918936,0.0,52.8,70.9,
2026-01-05T19:16:07.440298,0.2,52.8,70.9,
2026-01-05T19:16:08.946662,1.5,52.8,70.9,
2026-01-05T19:16:10.461102,1.4,52.7,70.9,
2026-01-05T19:16:11.975990,0.2,52.8,70.9,
2026-01-05T19:16:13.488147,1.0,52.8,70.9,
2026-01-05T19:16:14.994060,1.4,52.8,70.9,
2026-01-05T19:16:16.511199,0.6,52.7,70.9,
2026-01-05T19:16:18.018884,0.6,52.7,70.9,
2026-01-05T19:16:19.527263,1.0,52.7,70.9,
2026-01-05T19:16:21.039309,0.0,52.7,70.9,
2026-01-05T19:16:22.552619,2.0,52.7,70.9,
2026-01-05T19:16:24.073204,2.2,52.8,70.9,
2026-01-05T19:16:25.580578,0.2,52.8,70.9,
2026-01-05T19:16:27.093962,1.2,52.7,70.9,
2026-01-05T19:16:28.602583,0.2,52.7,70.9,
2026-01-05T19:16:30.117489,0.0,52.7,70.9,
2026-01-05T19:16:31.627543,0.4,52.7,70.9,
2026-01-05T19:16:33.140740,2.3,52.7,70.9,
2026-01-05T19:16:34.651266,0.0,52.7,70.9,
2026-01-05T19:16:36.171528,1.9,52.8,70.9,
2026-01-05T19:16:37.679001,1.8,52.8,70.9,
2026-01-05T19:16:39.193114,0.8,52.8,70.9,
2026-01-05T19:16:40.707504,2.5,52.8,70.9,
2026-01-05T19:16:42.225924,1.2,52.9,70.9,
2026-01-05T19:16:43.734686,0.2,53.0,70.9,
2026-01-05T19:16:45.259053,1.8,53.2,70.9,
2026-01-05T19:16:46.775835,0.6,53.3,70.9,
2026-01-05T19:16:48.289595,3.1,53.2,70.9,
2026-01-05T19:16:49.796486,0.2,53.3,70.9,
2026-01-05T19:16:51.301895,0.8,53.3,70.9,
2026-01-05T19:16:52.807128,2.4,53.3,70.9,
2026-01-05T19:16:54.315802,0.6,53.3,70.9,
2026-01-05T19:16:55.825531,0.8,53.3,70.9,
2026-01-05T19:16:57.338442,0.2,53.2,70.9,
2026-01-05T19:16:58.849411,0.6,53.2,70.9,
2026-01-05T19:17:00.357556,1.0,53.2,70.9,
2026-01-05T19:17:01.864178,2.3,53.0,70.9,
2026-01-05T19:17:03.384087,1.0,53.0,70.9,
2026-01-05T19:17:04.895569,0.8,53.0,70.9,
2026-01-05T19:17:06.408117,2.6,53.2,70.9,
2026-01-05T19:17:07.926236,2.1,53.8,70.9,
2026-01-05T19:17:09.443366,0.4,53.8,70.9,
2026-01-05T19:17:10.949878,0.0,53.7,70.9,
2026-01-05T19:17:12.460703,2.2,53.7,70.9,
2026-01-05T19:17:13.973982,1.2,53.7,70.9,
2026-01-05T19:17:15.482187,0.4,53.7,70.9,
2026-01-05T19:17:16.987497,1.0,53.8,70.9,
2026-01-05T19:17:18.500686,0.8,53.8,70.9,
2026-01-05T19:17:20.016371,0.6,53.7,70.9,
2026-01-05T19:17:21.534663,0.6,53.5,70.9,
2026-01-05T19:17:24.668844,10.7,53.5,70.9,
2026-01-05T19:17:26.176862,0.4,53.5,70.9,
2026-01-05T19:17:29.918323,10.9,53.5,70.9,
2026-01-05T19:17:31.434340,0.0,53.5,70.9,
2026-01-05T19:17:35.117089,10.8,53.5,70.9,
2026-01-05T19:17:36.628683,0.8,53.5,70.9,
2026-01-05T19:17:40.350575,11.3,53.5,70.9,
2026-01-05T19:17:41.861470,2.9,53.3,70.9,
2026-01-05T19:17:45.578716,11.5,51.7,70.9,
2026-01-05T19:17:47.096203,2.5,51.8,70.9,
2026-01-05T19:17:50.778580,10.5,51.8,70.9,
2026-01-05T19:17:52.291095,0.4,51.8,70.9,
2026-01-05T19:17:55.973676,10.4,51.8,70.9,
2026-01-05T19:17:57.482395,0.0,51.8,70.9,
2026-01-05T19:18:01.170936,11.8,51.8,70.9,
2026-01-05T19:18:02.683656,0.6,51.9,70.9,
2026-01-05T19:18:06.375706,12.1,51.9,70.9,
2026-01-05T19:18:07.890611,2.1,51.9,70.9,
2026-01-05T19:18:11.580508,9.5,51.9,70.9,
2026-01-05T19:18:13.090432,1.0,51.9,70.9,
2026-01-05T19:18:16.821582,10.9,51.9,70.9,
2026-01-05T19:18:18.335428,0.4,51.9,70.9,
2026-01-05T19:18:22.010421,12.3,51.8,70.9,
2026-01-05T19:18:23.516075,0.4,51.8,70.9,
2026-01-05T19:18:27.197338,13.1,51.7,70.9,
2026-01-05T19:18:28.709840,0.4,51.7,70.9,
2026-01-05T19:18:32.381168,14.4,51.7,70.9,
2026-01-05T19:18:33.887239,0.0,51.7,70.9,
2026-01-05T19:18:37.569240,12.3,51.8,70.9,
2026-01-05T19:18:39.085059,2.3,51.8,70.9,
2026-01-05T19:18:42.759734,10.8,51.8,70.9,
2026-01-05T19:18:44.266554,0.8,51.8,70.9,
2026-01-05T19:18:47.976232,9.9,51.8,70.9,
2026-01-05T19:18:49.482137,2.1,51.8,70.9,
2026-01-05T19:18:53.200356,11.8,51.8,70.9,
2026-01-05T19:18:54.717252,0.6,51.8,70.9,
2026-01-05T19:18:58.420822,13.4,51.8,70.9,
2026-01-05T19:18:59.930568,0.8,51.8,70.9,
2026-01-05T19:19:03.617326,11.5,51.8,70.9,
2026-01-05T19:19:05.133317,0.0,51.8,70.9,
2026-01-05T19:19:08.819671,11.4,51.8,70.9,
2026-01-05T19:19:10.329217,0.6,51.8,70.9,
2026-01-05T19:19:14.077235,13.1,51.8,70.9,
2026-01-05T19:19:15.589995,0.6,51.9,70.9,
2026-01-05T19:19:19.297913,9.9,51.9,70.9,
2026-01-05T19:19:20.813270,0.2,51.9,70.9,
2026-01-05T19:19:24.501498,9.8,51.9,70.9,
2026-01-05T19:19:26.013012,1.8,51.9,70.9,
2026-01-05T19:19:29.711337,15.1,51.9,70.9,
2026-01-05T19:19:31.227327,0.2,51.9,70.9,
2026-01-05T19:19:34.889066,11.9,51.9,70.9,
2026-01-05T19:19:36.399788,3.5,51.8,70.9,
2026-01-05T19:19:40.089775,13.0,51.9,70.9,
2026-01-05T19:19:41.600815,0.6,51.8,70.9,
2026-01-05T19:19:45.293546,14.6,51.8,70.9,
2026-01-05T19:19:46.804502,0.8,51.8,70.9,
2026-01-05T19:19:50.472464,13.0,51.8,70.9,
2026-01-05T19:19:51.987818,0.0,51.7,70.9,
2026-01-05T19:19:55.679012,13.0,51.7,70.9,
2026-01-05T19:19:57.186146,2.0,51.7,70.9,
2026-01-05T19:20:00.864323,12.4,51.7,70.9,
2026-01-05T19:20:02.378960,1.2,51.7,70.9,
2026-01-05T19:20:06.033137,13.9,51.7,70.9,
2026-01-05T19:20:07.543963,1.0,51.7,70.9,
2026-01-05T19:20:11.207889,12.7,51.7,70.9,
2026-01-05T19:20:12.716183,1.2,51.6,70.9,
2026-01-05T19:20:16.426295,13.3,51.6,70.9,
2026-01-05T19:20:17.943587,0.4,51.7,70.9,
2026-01-05T19:20:21.635184,11.7,51.8,70.9,
2026-01-05T19:20:23.145503,0.0,51.8,70.9,
2026-01-05T19:20:26.831903,12.8,51.8,70.9,
2026-01-05T19:20:28.348644,0.4,51.8,70.9,
2026-01-05T19:20:32.023544,10.0,51.7,70.9,
2026-01-05T19:20:33.538713,3.1,51.7,70.9,
2026-01-05T19:20:37.211576,12.4,51.7,70.9,
2026-01-05T19:20:38.724868,1.0,51.7,70.9,
2026-01-05T19:20:40.235497,0.2,51.7,70.9,
2026-01-05T19:20:41.741848,0.0,51.7,70.9,
2026-01-05T19:20:43.261142,1.0,51.7,70.9,
2026-01-05T19:20:44.772668,0.0,51.7,70.9,
2026-01-05T19:20:46.288558,2.4,51.7,70.9,
2026-01-05T19:20:47.805047,0.6,51.7,70.9,
2026-01-05T19:20:49.323038,0.8,51.7,70.9,
2026-01-05T19:20:50.838264,0.2,51.7,70.9,
2026-01-05T19:20:52.348578,0.2,51.8,70.9,
2026-01-05T19:20:53.857540,0.6,51.8,70.9,
2026-01-05T19:20:55.366630,1.0,51.8,70.9,
2026-01-05T19:20:56.886769,0.2,51.8,70.9,
2026-01-05T19:20:58.393341,0.6,51.8,70.9,
2026-01-05T19:20:59.899245,3.5,51.8,70.9,
2026-01-05T19:21:01.405345,0.8,51.8,70.9,
2026-01-05T19:21:02.914441,0.4,51.9,70.9,
2026-01-05T19:21:04.428210,0.2,51.9,70.9,
2026-01-05T19:21:05.938286,0.2,51.9,70.9,
2026-01-05T19:21:07.456308,0.8,51.9,70.9,
2026-01-05T19:21:08.964227,1.6,51.8,70.9,
2026-01-05T19:21:10.475377,0.0,51.8,70.9,
2026-01-05T19:21:11.994324,0.4,51.8,70.9,
2026-01-05T19:21:13.509908,1.1,51.8,70.9,
2026-01-05T19:21:15.026972,0.0,51.8,70.9,
2026-01-05T19:21:16.535210,0.2,51.8,70.9,
2026-01-05T19:21:18.049756,0.0,51.8,70.9,
2026-01-05T19:21:19.569546,0.4,51.8,70.9,
2026-01-05T19:21:21.082564,2.5,51.8,70.9,
2026-01-05T19:21:22.598037,0.2,51.9,70.9,
2026-01-05T19:21:24.120202,0.2,51.9,70.9,
2026-01-05T19:21:25.633623,0.8,51.9,70.9,
2026-01-05T19:21:27.143104,0.0,51.9,70.9,
2026-01-05T19:21:28.661571,0.2,51.9,70.9,
2026-01-05T19:21:30.189800,0.4,51.9,70.9,
2026-01-05T19:21:31.700342,6.3,52.2,70.9,
2026-01-05T19:21:33.214877,5.9,52.2,70.9,
2026-01-05T19:21:34.737181,0.6,49.0,70.9,
2026-01-05T19:21:36.255197,3.8,49.1,70.9,
2026-01-05T19:21:37.771342,3.3,49.0,70.9,
2026-01-05T19:21:39.276654,0.6,49.0,70.9,
2026-01-05T19:21:40.788109,0.6,49.1,70.9,
2026-01-05T19:21:42.295274,0.8,49.1,70.9,
2026-01-05T19:21:43.809157,0.6,49.1,70.9,
2026-01-05T19:21:45.324847,0.0,49.1,70.9,
2026-01-05T19:21:46.842553,0.2,49.1,70.9,
2026-01-05T19:21:48.354100,0.8,49.1,70.9,
2026-01-05T19:21:49.868511,1.6,49.1,70.9,
2026-01-05T19:21:51.374428,2.2,49.1,70.9,
2026-01-05T19:21:52.883585,0.4,49.2,70.9,
2026-01-05T19:21:54.397414,0.6,49.2,70.9,
2026-01-05T19:21:55.915649,0.2,49.2,70.9,
2026-01-05T19:21:57.425566,0.8,49.2,70.9,
2026-01-05T19:21:58.941127,0.4,49.2,70.9,
2026-01-05T19:22:00.453667,0.8,49.2,70.9,
2026-01-05T19:22:01.959359,0.6,49.3,70.9,
2026-01-05T19:22:03.477421,0.0,49.2,70.9,
2026-01-05T19:22:04.992712,0.8,49.2,70.9,
2026-01-05T19:22:06.506868,0.8,49.3,70.9,
2026-01-05T19:22:08.013287,1.2,49.3,70.9,
2026-01-05T19:22:09.526494,0.4,49.3,70.9,
2026-01-05T19:22:11.034809,0.6,49.3,70.9,
2026-01-05T19:22:12.540711,1.2,49.4,70.9,
2026-01-05T19:22:14.048079,0.6,49.4,70.9,
2026-01-05T19:22:15.568438,0.2,49.4,70.9,
2026-01-05T19:22:17.075305,0.6,49.5,70.9,
2026-01-05T19:22:18.591949,3.7,49.6,70.9,
2026-01-05T19:22:20.108901,0.8,49.6,70.9,
2026-01-05T19:22:21.622588,0.4,49.8,70.9,
2026-01-05T19:22:23.140369,2.7,49.9,70.9,
2026-01-05T19:22:24.660944,1.4,49.9,70.9,
2026-01-05T19:22:26.182471,2.7,49.9,70.9,
2026-01-05T19:22:27.702004,0.8,49.9,70.9,
2026-01-05T19:22:29.221287,1.4,49.9,70.9,
2026-01-05T19:22:30.728364,0.6,49.9,70.9,
2026-01-05T19:22:32.239696,1.0,49.9,70.9,
2026-01-05T19:22:33.747010,1.0,50.0,70.9,
2026-01-05T19:22:35.257456,0.8,50.0,70.9,
2026-01-05T19:22:36.775516,1.4,50.0,70.9,
2026-01-05T19:22:38.289619,0.6,50.1,70.9,
2026-01-05T19:22:39.802862,1.8,50.1,70.9,
2026-01-05T19:22:41.317398,1.4,50.0,70.9,
2026-01-05T19:22:42.826622,2.3,50.0,70.9,
2026-01-05T19:22:44.343538,1.0,50.0,70.9,
2026-01-05T19:22:45.850488,0.4,50.0,70.9,
2026-01-05T19:22:47.360816,0.0,50.0,70.9,
2026-01-05T19:22:48.866513,1.2,50.0,70.9,
2026-01-05T19:22:50.377758,0.8,50.0,70.9,
2026-01-05T19:22:51.896492,0.4,50.0,70.9,
2026-01-05T19:22:53.411359,1.4,50.0,70.9,
2026-01-05T19:22:54.925999,0.8,50.0,70.9,
2026-01-05T19:22:56.440986,0.6,50.0,70.9,
2026-01-05T19:22:57.954319,0.6,50.0,70.9,
2026-01-05T19:22:59.467328,1.2,50.0,70.9,
2026-01-05T19:23:00.973688,0.0,50.0,70.9,
2026-01-05T19:23:02.482488,0.6,50.1,70.9,
2026-01-05T19:23:04.000748,1.6,50.1,70.9,
2026-01-05T19:23:05.523298,0.4,50.1,70.9,
2026-01-05T19:23:07.032452,1.4,50.1,70.9,
2026-01-05T19:23:08.551157,0.0,50.1,70.9,
2026-01-05T19:23:10.064747,1.0,50.1,70.9,
2026-01-05T19:23:11.573168,1.0,50.2,70.9,
2026-01-05T19:23:13.087868,0.0,50.2,70.9,
2026-01-05T19:23:14.602753,1.4,50.2,70.9,
2026-01-05T19:23:16.116807,0.6,50.2,70.9,
2026-01-05T19:23:17.636481,1.2,50.2,70.9,
2026-01-05T19:23:19.151684,0.8,50.2,70.9,
2026-01-05T19:23:20.660702,0.2,50.2,70.9,
2026-01-05T19:23:22.172851,2.8,50.2,70.9,
2026-01-05T19:23:24.855054,12.1,50.9,70.9,
2026-01-05T19:23:26.370546,0.8,50.9,70.9,
2026-01-05T19:23:27.881880,0.4,50.9,70.9,
2026-01-05T19:23:29.395957,0.6,50.9,70.9,
2026-01-05T19:23:33.039902,10.8,50.9,70.9,
2026-01-05T19:23:34.552442,0.0,50.9,70.9,
2026-01-05T19:23:36.069737,1.4,50.9,70.9,
2026-01-05T19:23:37.582957,0.6,50.9,70.9,
2026-01-05T19:23:41.240346,11.8,50.9,70.9,
2026-01-05T19:23:42.751192,1.4,50.8,70.9,
2026-01-05T19:23:46.439564,12.0,50.8,70.9,
2026-01-05T19:23:47.950854,1.0,50.8,70.9,
2026-01-05T19:23:51.651820,14.6,50.8,70.9,
2026-01-05T19:23:53.166988,0.6,50.8,70.9,
2026-01-05T19:23:56.841367,14.7,50.8,70.9,
2026-01-05T19:23:58.349629,1.0,50.8,70.9,
2026-01-05T19:24:02.020659,14.1,50.8,70.9,
2026-01-05T19:24:03.539953,0.8,50.9,70.9,
2026-01-05T19:24:07.242079,11.0,50.9,70.9,
2026-01-05T19:24:08.750723,0.6,50.9,70.9,
2026-01-05T19:24:12.430513,8.1,50.8,70.9,
2026-01-05T19:24:13.945000,0.6,50.9,70.9,
2026-01-05T19:24:17.619922,12.2,50.9,70.9,
2026-01-05T19:24:19.139263,0.4,50.9,70.9,
2026-01-05T19:24:22.807763,16.6,50.3,70.9,
2026-01-05T19:24:24.318417,0.2,50.4,70.9,
2026-01-05T19:24:27.999439,12.5,50.3,70.9,
2026-01-05T19:24:29.519120,1.0,50.3,70.9,
2026-01-05T19:24:33.213737,13.5,50.4,70.9,
2026-01-05T19:24:34.733901,0.2,50.4,70.9,
2026-01-05T19:24:38.418608,13.3,50.3,70.9,
2026-01-05T19:24:39.925674,0.0,50.4,70.9,
2026-01-05T19:24:43.620142,11.1,50.4,70.9,
2026-01-05T19:24:45.138773,0.8,50.4,70.9,
2026-01-05T19:24:48.807126,13.4,50.3,70.9,
2026-01-05T19:24:50.313735,0.4,50.3,70.9,
2026-01-05T19:24:54.025075,13.4,50.3,70.9,
2026-01-05T19:24:55.535959,0.4,50.2,70.9,
2026-01-05T19:24:59.232047,13.5,50.3,70.9,
2026-01-05T19:25:00.748364,1.0,50.2,70.9,
2026-01-05T19:25:04.414248,13.7,50.3,70.9,
2026-01-05T19:25:05.926422,0.2,50.3,70.9,
2026-01-05T19:25:09.624717,13.6,50.3,70.9,
2026-01-05T19:25:11.136140,0.4,50.3,70.9,
2026-01-05T19:25:14.834413,11.3,50.3,70.9,
2026-01-05T19:25:16.350669,0.4,50.3,70.9,
2026-01-05T19:25:20.021679,11.5,50.3,70.9,
2026-01-05T19:25:21.528317,1.2,50.2,70.9,
2026-01-05T19:25:25.215854,12.4,50.3,70.9,
2026-01-05T19:25:26.725578,0.8,50.3,70.9,
2026-01-05T19:25:30.426637,13.0,50.3,70.9,
2026-01-05T19:25:31.944777,1.2,50.3,70.9,
2026-01-05T19:25:35.632680,11.9,50.3,70.9,
2026-01-05T19:25:37.149552,0.0,50.4,70.9,
2026-01-05T19:25:40.819784,13.3,50.4,70.9,
2026-01-05T19:25:42.339836,1.6,50.4,70.9,
2026-01-05T19:25:46.034559,12.8,50.5,70.9,
2026-01-05T19:25:47.554023,0.2,50.5,70.9,
2026-01-05T19:25:51.232097,13.8,50.5,70.9,
2026-01-05T19:25:52.738049,0.0,50.5,70.9,
2026-01-05T19:25:56.416742,13.6,50.4,70.9,
2026-01-05T19:25:57.932627,0.2,50.4,70.9,
2026-01-05T19:26:01.631996,12.9,50.6,70.9,
2026-01-05T19:26:03.146610,0.6,50.6,70.9,
2026-01-05T19:26:06.858885,14.7,50.4,70.9,
2026-01-05T19:26:08.371641,0.0,50.4,70.9,
2026-01-05T19:26:12.031627,12.1,50.6,70.9,
2026-01-05T19:26:13.543642,0.4,50.6,70.9,
2026-01-05T19:26:17.258468,11.4,50.4,70.9,
2026-01-05T19:26:18.770437,0.4,50.4,70.9,
2026-01-05T19:26:22.463745,13.3,50.5,70.9,
2026-01-05T19:26:23.976460,0.2,50.6,70.9,
2026-01-05T19:26:27.673381,12.1,50.4,70.9,
2026-01-05T19:26:29.183598,2.5,50.3,70.9,
2026-01-05T19:26:32.868427,11.5,50.5,70.9,
2026-01-05T19:26:34.378656,2.2,50.6,70.9,
2026-01-05T19:26:38.058896,13.0,50.6,70.9,
2026-01-05T19:26:39.567846,0.6,50.6,70.9,
2026-01-05T19:26:43.285179,12.6,50.6,70.9,
2026-01-05T19:26:44.800744,0.6,50.5,70.9,
2026-01-05T19:26:48.478848,13.3,50.4,70.9,
2026-01-05T19:26:49.996133,0.6,50.4,70.9,
2026-01-05T19:26:53.676061,13.5,50.5,70.9,
2026-01-05T19:26:55.185426,0.6,50.5,70.9,
2026-01-05T19:26:58.865079,13.4,50.5,70.9,
2026-01-05T19:27:00.378681,0.8,50.5,70.9,
2026-01-05T19:27:04.075004,13.5,50.5,70.9,
2026-01-05T19:27:05.582523,0.2,50.5,70.9,
2026-01-05T19:27:09.297714,14.3,50.4,70.9,
2026-01-05T19:27:10.817882,0.0,50.4,70.9,
2026-01-05T19:27:14.498049,13.0,50.6,70.9,
2026-01-05T19:27:16.009859,0.0,50.6,70.9,
2026-01-05T19:27:19.712418,13.9,50.3,70.9,
2026-01-05T19:27:21.231624,0.6,50.4,70.9,
2026-01-05T19:27:24.929903,13.9,50.6,70.9,
2026-01-05T19:27:26.438457,0.8,50.6,70.9,
2026-01-05T19:27:30.161699,12.7,50.4,70.9,
2026-01-05T19:27:31.671777,1.0,50.4,70.9,
2026-01-05T19:27:35.415306,10.8,50.4,70.9,
2026-01-05T19:27:36.921209,1.6,50.4,70.9,
2026-01-05T19:27:40.621101,12.1,50.6,70.9,
2026-01-05T19:27:42.130542,0.8,50.6,70.9,
2026-01-05T19:27:45.856840,11.5,50.4,70.9,
2026-01-05T19:27:47.363201,0.2,50.4,70.9,
2026-01-05T19:27:51.055529,11.5,50.4,70.9,
2026-01-05T19:27:52.568451,0.4,50.4,70.9,
2026-01-05T19:27:56.254579,11.9,50.5,70.9,
2026-01-05T19:27:57.766357,1.0,50.6,70.9,
2026-01-05T19:28:01.437204,11.3,50.6,70.9,
2026-01-05T19:28:02.957736,1.2,50.7,70.9,
2026-01-05T19:28:06.652253,13.2,50.8,70.9,
2026-01-05T19:28:08.169776,0.8,50.7,70.9,
2026-01-05T19:28:11.855894,10.8,51.0,70.9,
2026-01-05T19:28:13.367867,0.0,51.0,70.9,
2026-01-05T19:28:17.071051,12.0,50.2,70.9,
2026-01-05T19:28:18.581967,0.2,50.2,70.9,
2026-01-05T19:28:22.239607,11.5,50.3,70.9,
2026-01-05T19:28:23.759959,1.0,50.2,70.9,
2026-01-05T19:28:27.412532,12.8,50.3,70.9,
2026-01-05T19:28:28.922214,0.8,50.3,70.9,
2026-01-05T19:28:32.612833,12.0,50.3,70.9,
2026-01-05T19:28:34.122502,2.2,50.4,70.9,
2026-01-05T19:28:37.838017,12.6,50.3,70.9,
2026-01-05T19:28:39.344860,0.8,50.4,70.9,
2026-01-05T19:28:43.024381,11.1,50.4,70.9,
2026-01-05T19:28:44.545450,0.8,50.3,70.9,
2026-01-05T19:28:48.239463,12.1,50.2,70.9,
2026-01-05T19:28:49.756265,0.8,50.2,70.9,
2026-01-05T19:28:53.465535,10.3,50.2,70.9,
2026-01-05T19:28:54.979506,1.4,50.1,70.9,
2026-01-05T19:28:58.658619,11.7,50.3,70.9,
2026-01-05T19:29:00.167657,0.8,50.3,70.9,
2026-01-05T19:29:03.825343,13.4,50.3,70.9,
2026-01-05T19:29:05.345528,1.4,50.3,70.9,
2026-01-05T19:29:09.009142,12.9,50.3,70.9,
2026-01-05T19:29:10.521905,0.4,50.3,70.9,
2026-01-05T19:29:14.216902,11.8,50.4,70.9,
2026-01-05T19:29:15.727387,1.0,50.4,70.9,
2026-01-05T19:29:19.393850,9.9,50.3,70.9,
2026-01-05T19:29:20.909816,0.6,50.3,70.9,
2026-01-05T19:29:24.625981,15.0,50.3,70.9,
2026-01-05T19:29:26.136155,5.1,50.4,70.9,
2026-01-05T19:29:29.838626,12.2,50.5,70.9,
2026-01-05T19:29:31.343916,0.6,50.5,70.9,
2026-01-05T19:29:35.057276,16.3,50.7,70.9,
2026-01-05T19:29:36.575133,2.6,50.6,70.9,
2026-01-05T19:29:40.302719,16.1,50.7,70.9,
2026-01-05T19:29:41.823605,2.6,50.7,70.9,
2026-01-05T19:29:45.491577,10.3,50.9,70.9,
2026-01-05T19:29:46.999869,2.5,51.1,70.9,
2026-01-05T19:29:50.688756,11.8,51.0,70.9,
2026-01-05T19:29:52.202485,1.6,51.0,70.9,
2026-01-05T19:29:55.925067,14.7,51.0,70.9,
2026-01-05T19:29:57.436969,0.2,51.0,70.9,
2026-01-05T19:30:01.151153,11.5,50.9,70.9,
2026-01-05T19:30:02.669089,0.8,51.0,70.9,
2026-01-05T19:30:06.362203,13.8,51.0,70.9,
2026-01-05T19:30:07.869545,0.8,51.0,70.9,
2026-01-05T19:30:11.531203,15.1,51.1,70.9,
2026-01-05T19:30:13.049820,1.6,51.0,70.9,
2026-01-05T19:30:16.739292,11.8,51.0,70.9,
2026-01-05T19:30:18.253876,1.4,51.0,70.9,
2026-01-05T19:30:21.952404,16.2,51.0,70.9,
2026-01-05T19:30:23.462909,0.8,51.0,70.9,
2026-01-05T19:30:27.170067,12.6,51.0,70.9,
2026-01-05T19:30:28.677426,0.6,51.1,70.9,
2026-01-05T19:30:32.360153,10.8,51.1,70.9,
2026-01-05T19:30:33.882064,2.1,51.0,70.9,
2026-01-05T19:30:37.517672,13.7,51.1,70.9,
2026-01-05T19:30:39.034125,0.8,51.1,70.9,
2026-01-05T19:30:42.756017,11.4,51.0,70.9,
2026-01-05T19:30:44.273684,1.0,51.0,70.9,
2026-01-05T19:30:47.992643,12.5,51.0,70.9,
2026-01-05T19:30:49.507207,0.4,51.0,70.9,
2026-01-05T19:30:53.191134,10.8,51.1,70.9,
2026-01-05T19:30:54.708321,1.9,51.1,70.9,
2026-01-05T19:30:58.366834,13.6,51.2,70.9,
2026-01-05T19:30:59.872504,1.0,51.2,70.9,
2026-01-05T19:31:03.527951,10.5,51.2,70.9,
2026-01-05T19:31:05.046636,0.8,51.2,70.9,
2026-01-05T19:31:08.737782,11.2,51.0,70.9,
2026-01-05T19:31:10.252379,0.0,51.0,70.9,
2026-01-05T19:31:13.917783,10.3,51.1,70.9,
2026-01-05T19:31:15.437080,1.0,51.1,70.9,
2026-01-05T19:31:19.102862,13.3,51.2,70.9,
2026-01-05T19:31:20.622991,0.4,51.2,70.9,
2026-01-05T19:31:24.289101,12.0,51.2,70.9,
2026-01-05T19:31:25.807492,2.1,51.2,70.9,
2026-01-05T19:31:29.489619,11.2,51.2,70.9,
2026-01-05T19:31:31.005870,1.4,51.2,70.9,
2026-01-05T19:31:34.704914,10.7,51.1,70.9,
2026-01-05T19:31:36.223523,2.1,51.2,70.9,
2026-01-05T19:31:39.892094,9.0,51.1,70.9,
2026-01-05T19:31:41.399833,0.2,51.0,70.9,
2026-01-05T19:31:45.148558,11.5,51.0,70.9,
2026-01-05T19:31:46.658296,0.0,51.0,70.9,
2026-01-05T19:31:50.374213,9.8,51.0,70.9,
2026-01-05T19:31:51.883700,1.2,51.1,70.9,
2026-01-05T19:31:55.646713,12.2,51.1,70.9,
2026-01-05T19:31:57.161294,0.4,51.1,70.9,
2026-01-05T19:32:00.872128,11.0,51.4,70.9,
2026-01-05T19:32:02.387713,1.6,51.4,70.9,
2026-01-05T19:32:06.069379,15.9,51.4,70.9,
2026-01-05T19:32:07.583511,2.0,51.5,70.9,
2026-01-05T19:32:11.266334,11.1,51.5,70.9,
2026-01-05T19:32:12.775265,1.0,51.4,70.9,
2026-01-05T19:32:16.455013,12.5,51.4,70.9,
2026-01-05T19:32:17.968539,3.1,51.4,70.9,
2026-01-05T19:32:21.639307,12.0,51.5,70.9,
2026-01-05T19:32:23.151855,2.6,51.5,70.9,
2026-01-05T19:32:26.828512,12.9,51.5,70.9,
2026-01-05T19:32:28.335182,0.6,51.4,70.9,
2026-01-05T19:32:32.016384,13.5,51.5,70.9,
2026-01-05T19:32:33.527032,0.6,51.4,70.9,
2026-01-05T19:32:37.194704,14.4,51.4,70.9,
2026-01-05T19:32:38.708444,1.6,51.4,70.9,
2026-01-05T19:32:42.378607,13.1,51.4,70.9,
2026-01-05T19:32:43.893135,0.8,50.9,70.9,
2026-01-05T19:32:47.593225,13.5,51.0,70.9,
2026-01-05T19:32:49.108250,1.4,50.9,70.9,
2026-01-05T19:32:52.804234,12.8,51.1,70.9,
2026-01-05T19:32:54.314435,1.2,51.1,70.9,
2026-01-05T19:32:57.996168,11.2,51.0,70.9,
2026-01-05T19:32:59.501788,0.6,51.0,70.9,
2026-01-05T19:33:03.207661,12.9,51.1,70.9,
2026-01-05T19:33:04.724887,1.0,51.2,70.9,
2026-01-05T19:33:08.405940,15.3,51.1,70.9,
2026-01-05T19:33:09.913366,2.7,51.1,70.9,
2026-01-05T19:33:13.595432,15.9,51.3,70.9,
2026-01-05T19:33:15.117080,2.2,51.3,70.9,
2026-01-05T19:33:18.838174,12.8,51.3,70.9,
2026-01-05T19:33:20.353959,1.2,51.2,70.9,
2026-01-05T19:33:24.052499,10.1,51.3,70.9,
2026-01-05T19:33:25.569831,1.0,51.3,70.9,
2026-01-05T19:33:29.275647,10.1,51.3,70.9,
2026-01-05T19:33:30.788250,0.8,51.3,70.9,
2026-01-05T19:33:34.489283,9.8,51.3,70.9,
2026-01-05T19:33:35.997273,1.8,51.3,70.9,
2026-01-05T19:33:39.667736,11.7,51.3,70.9,
2026-01-05T19:33:41.182831,1.0,51.2,70.9,
2026-01-05T19:33:44.884096,11.8,51.3,70.9,
2026-01-05T19:33:46.401244,4.5,51.3,70.9,
2026-01-05T19:33:50.075201,15.1,51.4,70.9,
2026-01-05T19:33:51.585303,1.4,51.5,70.9,
2026-01-05T19:33:55.264342,10.5,51.6,70.9,
2026-01-05T19:33:56.784056,0.8,51.6,70.9,
2026-01-05T19:34:00.468332,14.8,51.6,70.9,
2026-01-05T19:34:01.986557,1.0,51.6,70.9,
2026-01-05T19:34:05.692233,13.0,51.6,70.9,
2026-01-05T19:34:07.201179,1.0,51.7,70.9,
2026-01-05T19:34:10.892072,12.3,51.8,70.9,
2026-01-05T19:34:12.409473,5.3,51.8,70.9,
2026-01-05T19:34:16.091602,14.0,51.9,70.9,
2026-01-05T19:34:17.607989,0.2,51.9,70.9,
2026-01-05T19:34:21.285423,13.0,51.9,70.9,
2026-01-05T19:34:22.795515,0.4,51.9,70.9,
2026-01-05T19:34:26.491453,13.4,51.9,70.9,
2026-01-05T19:34:27.999764,1.0,51.9,70.9,
2026-01-05T19:34:31.713037,11.0,51.9,70.9,
2026-01-05T19:34:33.228285,0.6,51.9,70.9,
2026-01-05T19:34:36.925816,11.4,51.9,70.9,
2026-01-05T19:34:38.441606,0.4,52.0,70.9,
2026-01-05T19:34:42.139082,10.8,51.9,70.9,
2026-01-05T19:34:43.653967,0.4,51.9,70.9,
2026-01-05T19:34:47.353114,12.0,52.0,70.9,
2026-01-05T19:34:48.872205,4.7,51.9,70.9,
2026-01-05T19:34:52.558946,15.6,51.8,70.9,
2026-01-05T19:34:54.071255,0.4,51.8,70.9,
2026-01-05T19:34:57.746491,13.4,51.8,70.9,
2026-01-05T19:34:59.264334,1.0,51.8,70.9,
2026-01-05T19:35:02.971732,13.8,52.0,70.9,
2026-01-05T19:35:04.489202,0.6,51.9,70.9,
2026-01-05T19:35:08.187527,11.9,51.8,70.9,
2026-01-05T19:35:09.695932,2.8,51.8,70.9,
2026-01-05T19:35:13.377378,10.2,51.8,70.9,
2026-01-05T19:35:14.889369,1.0,51.7,70.9,
2026-01-05T19:35:18.564173,9.5,51.7,70.9,
2026-01-05T19:35:20.083232,2.3,51.7,70.9,
2026-01-05T19:35:23.769117,10.9,51.8,70.9,
2026-01-05T19:35:25.288584,1.6,51.7,70.9,
2026-01-05T19:35:29.041152,9.4,51.8,70.9,
2026-01-05T19:35:30.551538,2.5,51.7,70.9,
2026-01-05T19:35:34.290602,12.1,51.6,70.9,
2026-01-05T19:35:35.806741,0.8,51.6,70.9,
2026-01-05T19:35:39.510558,11.3,51.7,70.9,
2026-01-05T19:35:41.026936,2.7,51.6,70.9,
2026-01-05T19:35:44.715668,12.7,51.6,70.9,
2026-01-05T19:35:46.224332,0.2,51.6,70.9,
2026-01-05T19:35:49.971377,11.6,51.7,70.9,
2026-01-05T19:35:51.480614,1.8,51.6,70.9,
2026-01-05T19:35:55.143257,11.0,51.8,70.9,
2026-01-05T19:35:56.658286,0.4,51.8,70.9,
2026-01-05T19:36:00.351367,12.3,51.8,70.9,
2026-01-05T19:36:01.871411,1.0,51.8,70.9,
2026-01-05T19:36:05.558555,11.3,51.8,70.9,
2026-01-05T19:36:07.069123,1.0,51.8,70.9,
2026-01-05T19:36:10.779043,12.6,51.7,70.9,
2026-01-05T19:36:12.286082,0.0,51.7,70.9,
2026-01-05T19:36:16.005300,14.4,51.8,70.9,
2026-01-05T19:36:17.510958,0.0,51.8,70.9,
2026-01-05T19:36:21.184285,11.6,51.8,70.9,
2026-01-05T19:36:22.690508,0.8,51.9,70.9,
2026-01-05T19:36:26.369927,10.6,51.9,70.9,
2026-01-05T19:36:27.881993,0.8,51.9,70.9,
2026-01-05T19:36:31.615769,12.8,51.7,70.9,
2026-01-05T19:36:33.126145,0.0,51.7,70.9,
2026-01-05T19:36:36.810824,14.3,51.7,70.9,
2026-01-05T19:36:38.327523,1.8,51.7,70.9,
2026-01-05T19:36:42.010807,12.4,51.9,70.9,
2026-01-05T19:36:43.532461,0.2,51.9,70.9,
2026-01-05T19:36:47.220460,12.7,51.9,70.9,
2026-01-05T19:36:48.739191,0.2,51.9,70.9,
2026-01-05T19:36:52.407769,12.5,51.9,70.9,
2026-01-05T19:36:53.914218,0.2,51.9,70.9,
2026-01-05T19:36:57.595074,12.1,51.8,70.9,
2026-01-05T19:36:59.112302,0.6,51.9,70.9,
2026-01-05T19:37:02.791663,13.1,51.9,70.9,
2026-01-05T19:37:04.300819,3.2,51.5,70.9,
2026-01-05T19:37:07.999527,10.7,51.6,70.9,
2026-01-05T19:37:09.516958,0.0,51.6,70.9,
2026-01-05T19:37:13.170465,11.1,51.5,70.9,
2026-01-05T19:37:14.684018,0.4,51.5,70.9,
2026-01-05T19:37:18.363125,11.8,51.5,70.9,
2026-01-05T19:37:19.868695,1.5,51.5,70.9,
2026-01-05T19:37:23.588951,12.8,51.5,70.9,
2026-01-05T19:37:25.098501,0.8,51.4,70.9,
2026-01-05T19:37:28.807562,11.8,51.5,70.9,
2026-01-05T19:37:30.325810,1.8,51.6,70.9,
2026-01-05T19:37:33.995453,12.9,51.6,70.9,
2026-01-05T19:37:35.509754,0.6,51.6,70.9,
2026-01-05T19:37:39.229632,10.2,51.6,70.9,
2026-01-05T19:37:40.740700,0.0,51.6,70.9,
2026-01-05T19:37:44.442501,16.1,51.0,70.9,
2026-01-05T19:37:45.949348,0.2,50.7,70.9,
2026-01-05T19:37:49.627940,14.5,50.6,70.9,
2026-01-05T19:37:51.136637,3.7,50.7,70.9,
2026-01-05T19:37:54.804489,11.7,50.7,70.9,
2026-01-05T19:37:56.309925,0.4,50.7,70.9,
2026-01-05T19:37:59.990617,9.9,50.8,70.9,
2026-01-05T19:38:01.501554,1.4,50.8,70.9,
2026-01-05T19:38:05.202654,12.6,50.7,70.9,
2026-01-05T19:38:06.713649,0.2,50.8,70.9,
2026-01-05T19:38:10.418606,9.5,50.8,70.9,
2026-01-05T19:38:11.933813,5.5,50.8,70.9,
2026-01-05T19:38:15.618830,13.2,50.8,70.9,
2026-01-05T19:38:17.126400,0.6,50.9,70.9,
2026-01-05T19:38:20.810401,12.5,50.9,70.9,
2026-01-05T19:38:22.321634,1.2,50.9,70.9,
2026-01-05T19:38:26.003222,13.0,51.0,70.9,
2026-01-05T19:38:27.517453,0.0,51.0,70.9,
2026-01-05T19:38:31.193617,14.0,50.9,70.9,
2026-01-05T19:38:32.712506,1.4,50.9,70.9,
2026-01-05T19:38:36.365459,11.4,50.6,70.9,
2026-01-05T19:38:37.878998,0.4,50.7,70.9,
2026-01-05T19:38:41.592635,11.3,50.7,70.9,
2026-01-05T19:38:43.103766,1.0,50.7,70.9,
2026-01-05T19:38:46.757648,12.1,50.7,70.9,
2026-01-05T19:38:48.265717,4.3,50.7,70.9,
2026-01-05T19:38:51.949082,11.4,50.8,70.9,
2026-01-05T19:38:53.458390,0.8,50.7,70.9,
2026-01-05T19:38:57.158099,14.1,50.6,70.9,
2026-01-05T19:38:58.671105,1.0,50.6,70.9,
2026-01-05T19:39:02.366161,12.6,50.7,70.9,
2026-01-05T19:39:03.884884,0.2,50.7,70.9,
2026-01-05T19:39:07.602781,12.9,50.7,70.9,
2026-01-05T19:39:09.123331,2.4,50.6,70.9,
2026-01-05T19:39:12.815704,12.8,50.6,70.9,
2026-01-05T19:39:14.322320,0.6,50.6,70.9,
2026-01-05T19:39:18.035105,10.2,50.4,70.9,
2026-01-05T19:39:19.555213,0.2,50.4,70.9,
2026-01-05T19:39:23.235637,14.7,50.4,70.9,
2026-01-05T19:39:24.742199,2.3,50.3,70.9,
2026-01-05T19:39:28.428045,13.3,50.3,70.9,
2026-01-05T19:39:29.947344,1.4,50.4,70.9,
2026-01-05T19:39:33.619740,10.2,50.4,70.9,
2026-01-05T19:39:35.130751,0.6,50.4,70.9,
2026-01-05T19:39:38.832414,14.3,50.4,70.9,
2026-01-05T19:39:40.351209,0.2,50.4,70.9,
2026-01-05T19:39:43.992276,12.8,50.4,70.9,
2026-01-05T19:39:45.499635,1.8,50.3,70.9,
2026-01-05T19:39:49.151751,13.8,50.4,70.9,
2026-01-05T19:39:50.665222,1.4,50.4,70.9,
2026-01-05T19:39:54.336244,12.4,50.4,70.9,
2026-01-05T19:39:55.846923,1.4,50.4,70.9,
2026-01-05T19:39:59.563041,14.9,50.4,70.9,
2026-01-05T19:40:01.068476,0.4,50.5,70.9,
2026-01-05T19:40:04.761165,13.1,50.7,70.9,
2026-01-05T19:40:06.276789,1.0,50.7,70.9,
2026-01-05T19:40:09.968969,10.1,50.7,70.9,
2026-01-05T19:40:11.485602,0.4,50.7,70.9,
2026-01-05T19:40:15.164729,12.9,50.7,70.9,
2026-01-05T19:40:16.675246,0.6,50.6,70.9,
2026-01-05T19:40:20.351371,11.9,50.6,70.9,
2026-01-05T19:40:21.863885,0.8,50.5,70.9,
2026-01-05T19:40:25.573401,12.7,50.6,70.9,
2026-01-05T19:40:27.089072,0.0,50.6,70.9,
2026-01-05T19:40:30.790850,12.0,50.6,70.9,
2026-01-05T19:40:32.300010,1.4,50.6,70.9,
2026-01-05T19:40:35.999494,12.5,50.5,70.9,
2026-01-05T19:40:37.513604,0.6,50.5,70.9,
2026-01-05T19:40:41.187140,12.6,50.5,70.9,
2026-01-05T19:40:42.705256,0.8,50.4,70.9,
2026-01-05T19:40:46.402452,11.3,50.4,70.9,
2026-01-05T19:40:47.914022,1.4,50.4,70.9,
2026-01-05T19:40:51.583497,14.0,50.5,70.9,
2026-01-05T19:40:53.100078,0.8,50.4,70.9,
2026-01-05T19:40:56.823339,8.9,50.5,70.9,
2026-01-05T19:40:58.341064,2.0,50.5,70.9,
2026-01-05T19:41:02.013298,13.3,50.5,70.9,
2026-01-05T19:41:03.520174,0.4,50.5,70.9,
2026-01-05T19:41:07.254579,10.0,50.5,70.9,
2026-01-05T19:41:08.767291,0.2,50.5,70.9,
2026-01-05T19:41:12.447163,12.3,50.5,70.9,
2026-01-05T19:41:13.970784,1.2,50.5,70.9,
2026-01-05T19:41:17.629727,14.1,50.5,70.9,
2026-01-05T19:41:19.145540,0.0,50.5,70.9,
2026-01-05T19:41:22.817042,14.8,50.6,70.9,
2026-01-05T19:41:24.325964,0.4,50.5,70.9,
2026-01-05T19:41:27.993055,10.6,50.5,70.9,
2026-01-05T19:41:29.504280,0.6,50.5,70.9,
2026-01-05T19:41:33.215207,10.3,50.5,70.9,
2026-01-05T19:41:34.721609,0.0,50.5,70.9,
2026-01-05T19:41:38.423906,14.4,50.5,70.9,
2026-01-05T19:41:39.931392,0.2,50.4,70.9,
2026-01-05T19:41:43.608998,11.0,50.6,70.9,
2026-01-05T19:41:45.121898,3.0,50.6,70.9,
2026-01-05T19:41:46.639102,0.0,50.6,70.9,
2026-01-05T19:41:48.158145,0.2,50.6,70.9,
2026-01-05T19:41:51.807551,14.9,50.7,70.9,
2026-01-05T19:41:53.319294,0.4,50.7,70.9,
2026-01-05T19:41:57.018944,13.9,50.7,70.9,
2026-01-05T19:41:58.524468,0.6,50.7,70.9,
2026-01-05T19:42:02.213625,12.3,50.7,70.9,
2026-01-05T19:42:03.733543,0.4,50.7,70.9,
2026-01-05T19:42:07.404405,12.5,50.6,70.9,
2026-01-05T19:42:08.912134,4.3,50.6,70.9,
2026-01-05T19:42:12.628686,12.8,50.6,70.9,
2026-01-05T19:42:14.137612,0.4,50.6,70.9,
2026-01-05T19:42:17.831092,14.9,50.5,70.9,
2026-01-05T19:42:19.337970,2.5,50.5,70.9,
2026-01-05T19:42:23.015239,12.3,50.5,70.9,
2026-01-05T19:42:24.520695,0.6,50.5,70.9,
2026-01-05T19:42:28.199435,12.0,50.5,70.9,
2026-01-05T19:42:29.715889,1.6,50.4,70.9,
2026-01-05T19:42:33.399796,10.9,50.4,70.9,
2026-01-05T19:42:34.908683,1.6,50.4,70.9,
2026-01-05T19:42:38.600971,12.8,50.4,70.9,
2026-01-05T19:42:40.111783,2.1,50.6,70.9,
2026-01-05T19:42:43.824009,11.6,50.6,70.9,
2026-01-05T19:42:45.335310,0.4,50.6,70.9,
2026-01-05T19:42:49.025300,12.5,50.5,70.9,
2026-01-05T19:42:50.537583,0.2,50.4,70.9,
2026-01-05T19:42:54.206691,11.5,50.4,70.9,
2026-01-05T19:42:55.714991,1.2,50.4,70.9,
2026-01-05T19:42:59.399916,14.0,50.4,70.9,
2026-01-05T19:43:00.907857,0.4,50.4,70.9,
2026-01-05T19:43:04.601807,14.1,50.4,70.9,
2026-01-05T19:43:06.115027,7.7,50.5,70.9,
2026-01-05T19:43:09.870071,16.4,50.6,70.9,
2026-01-05T19:43:11.376891,1.2,50.7,70.9,
2026-01-05T19:43:15.092767,14.7,50.8,70.9,
2026-01-05T19:43:16.610557,1.0,50.7,70.9,
2026-01-05T19:43:20.306839,20.0,50.9,70.9,
2026-01-05T19:43:21.822443,2.8,51.0,70.9,
2026-01-05T19:43:25.521061,13.5,50.9,70.9,
2026-01-05T19:43:27.031000,1.0,51.0,70.9,
2026-01-05T19:43:30.725932,13.2,50.9,70.9,
2026-01-05T19:43:32.242451,1.4,50.9,70.9,
2026-01-05T19:43:35.917142,13.9,50.6,70.9,
2026-01-05T19:43:37.423005,0.2,50.6,70.9,
2026-01-05T19:43:41.120961,15.4,50.5,70.9,
2026-01-05T19:43:42.641199,0.4,50.5,70.9,
2026-01-05T19:43:46.328212,17.0,50.6,70.9,
2026-01-05T19:43:47.848394,0.4,50.5,70.9,
2026-01-05T19:43:51.552106,11.1,50.7,70.9,
2026-01-05T19:43:53.059470,0.0,50.6,70.9,
2026-01-05T19:43:56.763206,12.0,50.6,70.9,
2026-01-05T19:43:58.272596,0.6,50.6,70.9,
2026-01-05T19:44:01.973391,12.0,50.6,70.9,
2026-01-05T19:44:03.489050,2.1,50.6,70.9,
2026-01-05T19:44:07.188021,13.3,50.8,70.9,
2026-01-05T19:44:08.706281,1.2,50.7,70.9,
2026-01-05T19:44:12.381038,12.6,50.7,70.9,
2026-01-05T19:44:13.890090,2.1,50.6,70.9,
2026-01-05T19:44:17.544438,9.1,50.6,70.9,
2026-01-05T19:44:19.058980,0.0,50.6,70.9,
2026-01-05T19:44:22.748594,12.0,50.6,70.9,
2026-01-05T19:44:24.255733,0.0,50.6,70.9,
2026-01-05T19:44:27.936001,11.3,50.6,70.9,
2026-01-05T19:44:29.445534,3.1,50.6,70.9,
2026-01-05T19:44:33.122904,13.6,50.6,70.9,
2026-01-05T19:44:34.641292,2.5,50.5,70.9,
2026-01-05T19:44:38.324743,10.6,50.5,70.9,
2026-01-05T19:44:39.835518,1.6,50.5,70.9,
2026-01-05T19:44:43.541575,10.8,50.5,70.9,
2026-01-05T19:44:45.053243,1.0,50.6,70.9,
2026-01-05T19:44:48.749387,13.4,50.6,70.9,
2026-01-05T19:44:50.263527,0.6,50.5,70.9,
2026-01-05T19:44:53.977157,13.0,50.6,70.9,
2026-01-05T19:44:55.487339,1.4,50.6,70.9,
2026-01-05T19:44:59.161948,9.0,50.7,70.9,
2026-01-05T19:45:00.678966,0.2,50.7,70.9,
2026-01-05T19:45:04.363014,9.8,50.8,70.9,
2026-01-05T19:45:05.871404,0.2,50.8,70.9,
2026-01-05T19:45:09.568867,13.5,50.7,70.9,
2026-01-05T19:45:11.075772,3.1,50.7,70.9,
2026-01-05T19:45:14.762476,12.5,50.8,70.9,
2026-01-05T19:45:16.281087,1.2,50.8,70.9,
2026-01-05T19:45:20.010533,14.0,50.8,70.9,
2026-01-05T19:45:21.521290,0.8,50.8,70.9,
2026-01-05T19:45:25.240498,12.5,50.8,70.9,
2026-01-05T19:45:26.759064,0.8,50.8,70.9,
2026-01-05T19:45:30.461385,13.0,50.7,70.9,
2026-01-05T19:45:31.966760,1.7,50.8,70.9,
2026-01-05T19:45:35.663558,10.3,50.8,70.9,
2026-01-05T19:45:37.174105,0.8,50.8,70.9,
2026-01-05T19:45:40.838886,10.8,50.8,70.9,
2026-01-05T19:45:42.357038,1.2,50.8,70.9,
2026-01-05T19:45:46.044791,11.9,50.8,70.9,
2026-01-05T19:45:47.555840,0.8,50.8,70.9,
2026-01-05T19:45:51.264063,11.5,50.9,70.9,
2026-01-05T19:45:52.782492,0.0,50.8,70.9,
2026-01-05T19:45:56.461661,13.6,50.8,70.9,
2026-01-05T19:45:57.979556,1.6,50.8,70.9,
2026-01-05T19:46:01.690599,12.3,50.9,70.9,
2026-01-05T19:46:03.201916,2.1,50.7,70.9,
2026-01-05T19:46:06.914999,11.8,50.8,70.9,
2026-01-05T19:46:08.432781,1.2,50.8,70.9,
2026-01-05T19:46:12.087135,10.3,50.9,70.9,
2026-01-05T19:46:13.606338,1.9,50.9,70.9,
2026-01-05T19:46:17.293185,9.7,51.0,70.9,
2026-01-05T19:46:18.805693,2.2,50.9,70.9,
2026-01-05T19:46:22.520492,9.1,50.8,70.9,
2026-01-05T19:46:24.036686,1.2,50.8,70.9,
2026-01-05T19:46:27.750738,12.1,50.8,70.9,
2026-01-05T19:46:29.261619,1.0,50.8,70.9,
2026-01-05T19:46:32.923882,13.3,50.8,70.9,
2026-01-05T19:46:34.433387,0.4,50.8,70.9,
2026-01-05T19:46:38.101123,14.0,49.7,70.9,
2026-01-05T19:46:39.612264,0.4,49.8,70.9,
2026-01-05T19:46:43.341361,10.7,49.8,70.9,
2026-01-05T19:46:44.858684,0.6,49.8,70.9,
2026-01-05T19:46:48.602127,11.4,49.9,70.9,
2026-01-05T19:46:50.110015,1.0,49.8,70.9,
2026-01-05T19:46:53.802512,13.1,49.8,70.9,
2026-01-05T19:46:55.320198,0.0,49.8,70.9,
2026-01-05T19:46:58.997040,11.0,49.8,70.9,
2026-01-05T19:47:00.515582,1.6,49.8,70.9,
2026-01-05T19:47:04.254061,10.2,49.9,70.9,
2026-01-05T19:47:05.762213,1.2,49.9,70.9,
2026-01-05T19:47:09.440268,10.5,49.9,70.9,
2026-01-05T19:47:10.951297,0.4,49.9,70.9,
2026-01-05T19:47:14.650832,11.8,50.0,70.9,
2026-01-05T19:47:16.168265,0.8,49.9,70.9,
2026-01-05T19:47:19.840009,10.7,49.9,70.9,
2026-01-05T19:47:21.359726,0.2,49.9,70.9,
2026-01-05T19:47:25.065021,15.1,49.9,70.9,
2026-01-05T19:47:26.573978,1.0,50.0,70.9,
2026-01-05T19:47:30.282415,10.2,50.0,70.9,
2026-01-05T19:47:31.797766,0.6,50.0,70.9,
2026-01-05T19:47:35.508679,13.5,50.0,70.9,
2026-01-05T19:47:37.025237,1.8,50.0,70.9,
2026-01-05T19:47:40.713158,11.2,49.9,70.9,
2026-01-05T19:47:42.231400,1.4,49.9,70.9,
2026-01-05T19:47:45.941375,10.1,49.9,70.9,
2026-01-05T19:47:47.460548,1.6,49.8,70.9,
2026-01-05T19:47:51.129909,10.9,49.9,70.9,
2026-01-05T19:47:52.645575,0.2,50.0,70.9,
2026-01-05T19:47:56.323707,13.6,50.0,70.9,
2026-01-05T19:47:57.839246,3.2,50.0,70.9,
2026-01-05T19:48:01.519439,12.6,50.0,70.9,
2026-01-05T19:48:03.026896,1.2,49.9,70.9,
2026-01-05T19:48:06.703582,13.9,50.0,70.9,
2026-01-05T19:48:08.211430,0.6,50.0,70.9,
2026-01-05T19:48:11.900529,13.4,49.9,70.9,
2026-01-05T19:48:13.417277,0.6,49.8,70.9,
2026-01-05T19:48:17.095953,11.2,50.0,70.9,
2026-01-05T19:48:18.614378,0.6,50.1,70.9,
2026-01-05T19:48:22.259299,12.0,50.1,70.9,
2026-01-05T19:48:23.777088,0.2,50.1,70.9,
2026-01-05T19:48:27.471630,11.3,50.1,70.9,
2026-01-05T19:48:28.979697,1.2,50.1,70.9,
2026-01-05T19:48:32.674991,8.4,50.0,70.9,
2026-01-05T19:48:34.192336,3.9,50.0,70.9,
2026-01-05T19:48:37.883156,13.6,50.1,70.9,
2026-01-05T19:48:39.393085,1.0,50.1,70.9,
2026-01-05T19:48:43.068568,15.4,50.0,70.9,
2026-01-05T19:48:44.576778,0.0,50.1,70.9,
2026-01-05T19:48:48.277969,13.9,50.1,70.9,
2026-01-05T19:48:49.785629,1.9,50.1,70.9,
2026-01-05T19:48:53.469704,14.3,50.1,70.9,
2026-01-05T19:48:54.987642,0.2,50.1,70.9,
2026-01-05T19:48:58.643517,12.7,50.1,70.9,
2026-01-05T19:49:00.154476,1.2,50.2,70.9,
2026-01-05T19:49:03.827559,10.6,50.2,70.9,
2026-01-05T19:49:05.343472,0.2,50.2,70.9,
2026-01-05T19:49:09.060551,11.9,50.2,70.9,
2026-01-05T19:49:10.571100,1.8,50.2,70.9,
2026-01-05T19:49:14.253911,10.7,50.3,70.9,
2026-01-05T19:49:15.772844,3.9,50.3,70.9,
2026-01-05T19:49:19.434222,12.5,50.3,70.9,
2026-01-05T19:49:20.953812,2.6,50.3,70.9,
2026-01-05T19:49:24.626623,10.4,50.3,70.9,
2026-01-05T19:49:26.134330,0.6,50.2,70.9,
2026-01-05T19:49:29.825470,11.8,50.2,70.9,
2026-01-05T19:49:31.341048,0.6,50.2,70.9,
2026-01-05T19:49:35.029943,10.5,50.2,70.9,
2026-01-05T19:49:36.537147,3.1,50.1,70.9,
2026-01-05T19:49:40.237259,11.5,50.2,70.9,
2026-01-05T19:49:41.755955,2.5,50.1,70.9,
2026-01-05T19:49:45.453615,12.5,50.1,70.9,
2026-01-05T19:49:46.959375,0.0,50.1,70.9,
2026-01-05T19:49:50.655035,14.0,50.2,70.9,
2026-01-05T19:49:52.167532,2.0,50.2,70.9,
2026-01-05T19:49:55.815362,13.4,50.2,70.9,
2026-01-05T19:49:57.321416,0.0,50.2,70.9,
2026-01-05T19:50:01.011349,13.9,50.1,70.9,
2026-01-05T19:50:02.517473,0.6,50.1,70.9,
2026-01-05T19:50:06.199077,11.9,50.2,70.9,
2026-01-05T19:50:07.709497,1.4,50.2,70.9,
2026-01-05T19:50:11.384538,12.5,50.2,70.9,
2026-01-05T19:50:12.900698,0.0,50.2,70.9,
2026-01-05T19:50:16.559138,10.9,50.2,70.9,
2026-01-05T19:50:18.069702,0.6,50.2,70.9,
2026-01-05T19:50:21.752935,14.3,50.2,70.9,
2026-01-05T19:50:23.271457,1.4,50.2,70.9,
2026-01-05T19:50:26.950986,10.3,50.1,70.9,
2026-01-05T19:50:28.466499,1.6,50.1,70.9,
2026-01-05T19:50:32.184881,11.1,50.1,70.9,
2026-01-05T19:50:33.691123,1.4,50.1,70.9,
2026-01-05T19:50:37.416740,13.1,50.0,70.9,
2026-01-05T19:50:38.937059,2.5,50.0,70.9,
2026-01-05T19:50:42.623307,11.0,50.1,70.9,
2026-01-05T19:50:44.139781,1.2,50.1,70.9,
2026-01-05T19:50:47.825477,12.7,50.0,70.9,
2026-01-05T19:50:49.342154,1.2,50.1,70.9,
2026-01-05T19:50:53.022938,14.6,50.1,70.9,
2026-01-05T19:50:54.537283,4.0,50.2,70.9,
2026-01-05T19:50:58.238244,14.3,50.3,70.9,
2026-01-05T19:50:59.756254,1.4,50.3,70.9,
2026-01-05T19:51:03.443146,12.1,50.3,70.9,
2026-01-05T19:51:04.953720,1.2,50.3,70.9,
2026-01-05T19:51:08.697300,11.4,50.2,70.9,
2026-01-05T19:51:10.208118,1.8,50.3,70.9,
2026-01-05T19:51:13.941149,13.5,50.1,70.9,
2026-01-05T19:51:15.451213,1.0,50.0,70.9,
2026-01-05T19:51:19.187550,10.7,50.0,70.9,
2026-01-05T19:51:20.704201,1.4,50.0,70.9,
2026-01-05T19:51:24.403787,15.1,50.0,70.9,
2026-01-05T19:51:25.909367,0.8,50.0,70.9,
2026-01-05T19:51:29.627380,11.0,50.1,70.9,
2026-01-05T19:51:31.138783,0.6,50.1,70.9,
2026-01-05T19:51:34.870327,11.7,50.0,70.9,
2026-01-05T19:51:36.376801,0.8,50.0,70.9,
2026-01-05T19:51:40.081437,13.9,49.9,70.9,
2026-01-05T19:51:41.590263,0.4,50.0,70.9,
2026-01-05T19:51:45.299493,12.6,50.0,70.9,
2026-01-05T19:51:46.817028,0.6,49.9,70.9,
2026-01-05T19:51:50.502751,11.4,49.9,70.9,
2026-01-05T19:51:52.008362,0.4,50.0,70.9,
2026-01-05T19:51:55.706736,10.1,50.1,70.9,
2026-01-05T19:51:57.221058,0.6,50.0,70.9,
2026-01-05T19:52:00.925644,11.6,49.9,70.9,
2026-01-05T19:52:02.447211,1.2,49.9,70.9,
2026-01-05T19:52:06.110503,11.0,49.9,70.9,
2026-01-05T19:52:07.626586,0.6,50.0,70.9,
2026-01-05T19:52:11.321766,15.0,49.9,70.9,
2026-01-05T19:52:12.843204,0.6,49.9,70.9,
2026-01-05T19:52:16.533408,11.8,50.0,70.9,
2026-01-05T19:52:18.047989,2.1,49.9,70.9,
2026-01-05T19:52:21.713308,13.0,49.9,70.9,
2026-01-05T19:52:23.223250,0.6,50.0,70.9,
2026-01-05T19:52:26.891042,12.5,50.0,70.9,
2026-01-05T19:52:28.398607,0.2,50.0,70.9,
2026-01-05T19:52:32.087876,13.4,50.0,70.9,
2026-01-05T19:52:33.596627,0.2,50.0,70.9,
2026-01-05T19:52:37.348624,11.5,50.0,70.9,
2026-01-05T19:52:38.858485,1.6,50.0,70.9,
2026-01-05T19:52:42.562202,13.2,50.0,70.9,
2026-01-05T19:52:44.077022,0.4,50.1,70.9,
2026-01-05T19:52:47.761345,11.2,50.1,70.9,
2026-01-05T19:52:49.269866,0.2,50.2,70.9,
2026-01-05T19:52:52.981021,12.7,50.2,70.9,
2026-01-05T19:52:54.498943,0.0,50.1,70.9,
2026-01-05T19:52:58.222791,14.5,49.4,70.9,
2026-01-05T19:52:59.737187,0.2,49.5,70.9,
2026-01-05T19:53:03.437279,15.1,49.4,70.9,
2026-01-05T19:53:04.957910,1.0,49.3,70.9,
2026-01-05T19:53:08.623865,11.6,49.3,70.9,
2026-01-05T19:53:10.142340,0.6,49.3,70.9,
2026-01-05T19:53:13.821180,14.0,49.4,70.9,
2026-01-05T19:53:15.334853,1.0,49.4,70.9,
2026-01-05T19:53:19.007775,11.3,49.4,70.9,
2026-01-05T19:53:20.525775,0.0,49.4,70.9,
2026-01-05T19:53:24.201105,13.8,49.4,70.9,
2026-01-05T19:53:25.716226,0.4,49.4,70.9,
2026-01-05T19:53:29.392781,15.5,49.4,70.9,
2026-01-05T19:53:30.908507,1.4,49.4,70.9,
2026-01-05T19:53:34.599442,13.3,49.4,70.9,
2026-01-05T19:53:36.106647,1.2,49.5,70.9,
2026-01-05T19:53:39.806512,11.9,49.9,70.9,
2026-01-05T19:53:41.317448,2.7,49.9,70.9,
2026-01-05T19:53:44.987527,12.8,49.9,70.9,
2026-01-05T19:53:46.498214,0.4,49.9,70.9,
2026-01-05T19:53:50.189394,11.8,49.8,70.9,
2026-01-05T19:53:51.710244,1.0,50.4,70.9,
2026-01-05T19:53:55.403209,13.9,50.3,70.9,
2026-01-05T19:53:56.912045,1.8,50.3,70.9,
2026-01-05T19:54:00.681523,11.9,50.3,70.9,
2026-01-05T19:54:02.189896,1.0,50.3,70.9,
2026-01-05T19:54:05.865423,10.7,50.7,70.9,
2026-01-05T19:54:07.384454,1.0,50.8,70.9,
2026-01-05T19:54:11.072182,11.5,50.7,70.9,
2026-01-05T19:54:12.589308,0.8,50.7,70.9,
2026-01-05T19:54:16.257604,12.2,50.8,70.9,
2026-01-05T19:54:17.771273,2.5,50.7,70.9,
2026-01-05T19:54:21.462714,12.2,50.6,70.9,
2026-01-05T19:54:22.973941,0.2,50.7,70.9,
2026-01-05T19:54:26.688250,12.5,50.5,70.9,
2026-01-05T19:54:28.195980,0.8,50.4,70.9,
2026-01-05T19:54:31.871342,13.6,50.4,70.9,
2026-01-05T19:54:33.390605,0.0,50.3,70.9,
2026-01-05T19:54:37.110277,14.3,50.3,70.9,
2026-01-05T19:54:38.621422,1.5,50.3,70.9,
2026-01-05T19:54:42.314531,11.4,50.4,70.9,
2026-01-05T19:54:43.823790,0.4,50.4,70.9,
2026-01-05T19:54:47.520501,10.5,50.4,70.9,
2026-01-05T19:54:49.027243,0.4,50.4,70.9,
2026-01-05T19:54:52.718287,13.0,50.3,70.9,
2026-01-05T19:54:54.227062,1.6,50.3,70.9,
2026-01-05T19:54:57.943550,12.4,50.4,70.9,
2026-01-05T19:54:59.458911,0.4,50.3,70.9,
2026-01-05T19:55:03.176845,11.8,50.2,70.9,
2026-01-05T19:55:04.684446,0.4,50.2,70.9,
2026-01-05T19:55:08.390599,13.3,50.3,70.9,
2026-01-05T19:55:09.897467,0.6,50.3,70.9,
2026-01-05T19:55:13.589013,11.7,50.6,70.9,
2026-01-05T19:55:15.107058,0.8,50.6,70.9,
2026-01-05T19:55:18.799862,10.8,50.6,70.9,
2026-01-05T19:55:20.311277,0.4,50.5,70.9,
2026-01-05T19:55:24.021964,11.6,50.6,70.9,
2026-01-05T19:55:25.531527,0.8,50.6,70.9,
2026-01-05T19:55:29.283149,12.1,50.4,70.9,
2026-01-05T19:55:30.791091,0.4,50.5,70.9,
2026-01-05T19:55:34.483745,12.9,50.7,70.9,
2026-01-05T19:55:35.990133,0.2,50.8,70.9,
2026-01-05T19:55:39.685054,14.3,50.8,70.9,
2026-01-05T19:55:41.190640,0.6,50.8,70.9,
2026-01-05T19:55:44.902656,11.8,51.8,70.9,
2026-01-05T19:55:46.412379,0.6,51.8,70.9,
2026-01-05T19:55:50.101045,10.0,51.9,70.9,
2026-01-05T19:55:51.612949,0.4,52.0,70.9,
2026-01-05T19:55:55.343665,10.7,52.0,70.9,
2026-01-05T19:55:56.854288,0.8,52.0,70.9,
2026-01-05T19:56:00.541103,13.4,52.0,70.9,
2026-01-05T19:56:02.061624,0.2,52.0,70.9,
2026-01-05T19:56:05.757618,11.6,51.6,70.9,
2026-01-05T19:56:07.269722,1.8,51.7,70.9,
2026-01-05T19:56:10.993677,12.3,52.5,71.0,
2026-01-05T19:56:12.502273,2.2,51.7,71.0,
2026-01-05T19:56:16.189584,12.9,51.8,71.0,
2026-01-05T19:56:17.701327,0.8,51.8,71.0,
2026-01-05T19:56:21.419396,9.0,51.9,71.0,
2026-01-05T19:56:22.932928,1.9,51.9,71.0,
2026-01-05T19:56:26.629897,12.1,51.8,71.0,
2026-01-05T19:56:28.135825,1.2,51.9,71.0,
2026-01-05T19:56:31.835833,10.3,51.9,71.0,
2026-01-05T19:56:33.348190,0.2,51.8,71.0,
2026-01-05T19:56:37.070573,11.1,51.7,71.0,
2026-01-05T19:56:38.581154,1.6,51.7,71.0,
2026-01-05T19:56:42.311959,13.9,51.7,71.0,
2026-01-05T19:56:43.822396,0.6,51.8,71.0,
2026-01-05T19:56:47.517428,9.8,52.6,71.0,
2026-01-05T19:56:49.027092,4.4,52.6,71.0,
2026-01-05T19:56:52.722314,11.8,52.5,71.0,
2026-01-05T19:56:54.242570,0.8,52.3,71.0,
2026-01-05T19:56:57.930663,17.5,52.3,71.0,
2026-01-05T19:56:59.438545,0.4,52.3,71.0,
2026-01-05T19:57:03.158486,12.9,52.4,71.0,
2026-01-05T19:57:04.665006,4.2,53.1,71.0,
2026-01-05T19:57:08.377861,10.1,54.8,71.0,
2026-01-05T19:57:09.883787,0.6,54.9,71.0,
2026-01-05T19:57:13.579717,10.1,54.0,71.0,
2026-01-05T19:57:15.088145,0.6,54.0,71.0,
2026-01-05T19:57:18.798671,15.3,54.2,71.0,
2026-01-05T19:57:20.318705,0.2,54.2,71.0,
2026-01-05T19:57:24.009803,12.6,54.5,71.0,
2026-01-05T19:57:25.531366,0.2,54.5,71.0,
2026-01-05T19:57:29.197124,12.6,54.4,71.0,
2026-01-05T19:57:30.711832,0.2,54.5,71.0,
2026-01-05T19:57:34.421710,9.7,54.4,71.0,
2026-01-05T19:57:35.929646,0.8,54.3,71.0,
2026-01-05T19:57:39.650252,13.0,54.5,71.0,
2026-01-05T19:57:41.160286,0.0,54.6,71.0,
2026-01-05T19:57:44.904288,11.0,54.6,71.0,
2026-01-05T19:57:46.414935,3.1,54.6,71.0,
2026-01-05T19:57:50.116816,12.9,53.9,71.0,
2026-01-05T19:57:51.626660,0.4,54.0,71.0,
2026-01-05T19:57:55.346638,11.3,54.0,71.0,
2026-01-05T19:57:56.853429,5.4,54.2,71.0,
2026-01-05T19:58:00.587322,9.2,54.7,71.0,
2026-01-05T19:58:02.095895,1.2,54.8,71.0,
2026-01-05T19:58:05.775246,13.5,54.7,71.0,
2026-01-05T19:58:07.292296,3.1,54.7,71.0,
2026-01-05T19:58:11.009984,11.2,54.8,71.0,
2026-01-05T19:58:12.518876,0.8,54.8,71.0,
2026-01-05T19:58:16.229682,10.6,54.7,71.0,
2026-01-05T19:58:17.749048,0.4,54.7,71.0,
2026-01-05T19:58:21.444568,10.8,54.7,71.0,
2026-01-05T19:58:22.961354,1.4,54.8,71.0,
2026-01-05T19:58:26.645402,10.9,54.9,71.0,
2026-01-05T19:58:28.154446,3.7,55.0,71.0,
2026-01-05T19:58:31.860631,13.1,54.9,71.0,
2026-01-05T19:58:33.376195,0.6,54.9,71.0,
2026-01-05T19:58:37.088959,12.2,54.9,71.0,
2026-01-05T19:58:38.596946,2.5,54.9,71.0,
2026-01-05T19:58:42.303644,11.1,54.7,71.0,
2026-01-05T19:58:43.809902,0.6,54.8,71.0,
2026-01-05T19:58:47.514258,11.2,54.8,71.0,
2026-01-05T19:58:49.033662,1.6,54.8,71.0,
2026-01-05T19:58:52.702803,12.5,54.6,71.0,
2026-01-05T19:58:54.219890,1.2,54.6,71.0,
2026-01-05T19:58:57.896201,15.0,54.6,71.0,
2026-01-05T19:58:59.403944,3.7,54.3,71.0,
2026-01-05T19:59:03.121744,9.7,54.3,71.0,
2026-01-05T19:59:04.644340,0.4,54.3,71.0,
2026-01-05T19:59:08.367832,10.9,54.3,71.0,
2026-01-05T19:59:09.876016,0.8,54.0,71.0,
2026-01-05T19:59:13.581377,11.7,54.0,71.0,
2026-01-05T19:59:15.098043,0.8,53.9,71.0,
2026-01-05T19:59:18.810679,11.9,54.0,71.0,
2026-01-05T19:59:20.324084,0.8,54.0,71.0,
2026-01-05T19:59:24.012621,13.9,54.1,71.0,
2026-01-05T19:59:25.528908,0.6,54.1,71.0,
2026-01-05T19:59:29.214294,11.6,54.0,71.0,
2026-01-05T19:59:30.728495,1.0,54.0,71.0,
2026-01-05T19:59:34.416930,11.2,53.9,71.0,
2026-01-05T19:59:35.933332,0.2,54.0,71.0,
2026-01-05T19:59:39.655285,13.0,54.0,71.0,
2026-01-05T19:59:41.172137,0.2,54.0,71.0,
2026-01-05T19:59:44.889703,14.0,53.8,71.0,
2026-01-05T19:59:46.407832,1.6,53.8,71.0,
2026-01-05T19:59:50.099437,14.0,53.9,71.0,
2026-01-05T19:59:51.610199,1.0,53.9,71.0,
2026-01-05T19:59:55.283026,13.0,53.9,71.0,
2026-01-05T19:59:56.790870,0.8,53.9,71.0,
2026-01-05T20:00:00.486900,13.8,53.9,71.0,
2026-01-05T20:00:02.004442,0.6,54.0,71.0,
2026-01-05T20:00:05.666646,8.5,53.9,71.0,
2026-01-05T20:00:07.184486,1.4,53.9,71.0,
2026-01-05T20:00:10.853313,11.7,53.9,71.0,
2026-01-05T20:00:12.362385,1.2,53.9,71.0,
2026-01-05T20:00:16.066408,14.4,53.8,71.0,
2026-01-05T20:00:17.581687,0.4,53.8,71.0,
2026-01-05T20:00:21.300973,10.3,53.9,71.0,
2026-01-05T20:00:22.813720,1.0,54.0,71.0,
2026-01-05T20:00:26.522917,9.9,54.2,71.0,
2026-01-05T20:00:28.043170,0.2,54.1,71.0,
2026-01-05T20:00:31.757263,9.7,54.3,71.0,
2026-01-05T20:00:33.276444,1.0,54.3,71.0,
2026-01-05T20:00:37.009400,11.1,54.2,71.0,
2026-01-05T20:00:38.515856,2.8,54.2,71.0,
2026-01-05T20:00:42.222378,13.1,54.2,71.0,
2026-01-05T20:00:43.738414,0.8,54.2,71.0,
2026-01-05T20:00:47.411379,13.9,54.2,71.0,
2026-01-05T20:00:48.919785,0.6,54.2,71.0,
2026-01-05T20:00:52.610922,15.6,54.2,71.0,
2026-01-05T20:00:54.125338,0.2,54.2,71.0,
2026-01-05T20:00:57.823887,12.5,54.3,71.0,
2026-01-05T20:00:59.344352,0.8,54.4,71.0,
2026-01-05T20:01:03.056529,11.6,54.4,71.0,
2026-01-05T20:01:04.574110,7.2,54.3,71.0,
2026-01-05T20:01:08.397253,15.7,57.1,71.0,
2026-01-05T20:01:09.911012,8.2,57.1,71.0,
2026-01-05T20:01:13.654763,20.5,59.0,71.0,
2026-01-05T20:01:15.164871,9.1,59.9,71.0,
2026-01-05T20:01:18.871937,13.6,60.1,71.0,
2026-01-05T20:01:20.394145,7.2,60.1,71.0,
2026-01-05T20:01:24.070671,19.2,60.0,71.0,
2026-01-05T20:01:25.585383,7.5,60.1,71.0,
2026-01-05T20:01:29.303511,19.8,59.7,71.0,
2026-01-05T20:01:30.818862,7.4,59.7,71.0,
2026-01-05T20:01:34.536793,13.8,59.7,71.0,
2026-01-05T20:01:36.053037,9.4,59.4,71.0,
2026-01-05T20:01:39.747947,14.8,59.4,71.0,
2026-01-05T20:01:41.267200,8.6,59.6,71.0,
2026-01-05T20:01:45.062366,11.4,59.8,71.0,
2026-01-05T20:01:46.583704,7.1,59.9,71.0,
2026-01-05T20:01:50.212626,15.7,60.0,71.0,
2026-01-05T20:01:51.723113,6.1,60.3,71.0,
2026-01-05T20:01:55.448030,15.3,60.4,71.0,
2026-01-05T20:01:56.960677,6.5,60.4,71.0,
2026-01-05T20:02:00.676955,17.7,60.3,71.0,
2026-01-05T20:02:02.185891,6.8,60.4,71.0,
2026-01-05T20:02:05.927750,15.2,60.4,71.0,
2026-01-05T20:02:07.437593,6.8,60.5,71.0,
2026-01-05T20:02:11.158492,19.9,60.6,71.0,
2026-01-05T20:02:12.665444,5.3,60.6,71.0,
2026-01-05T20:02:16.368809,13.6,60.3,71.0,
2026-01-05T20:02:17.881316,4.3,60.2,71.0,
2026-01-05T20:02:21.560724,16.0,60.4,71.0,
2026-01-05T20:02:23.077754,0.6,60.4,71.0,
2026-01-05T20:02:26.780538,11.6,60.4,71.0,
2026-01-05T20:02:28.297915,0.2,60.4,71.0,
2026-01-05T20:02:31.993721,12.4,60.4,71.0,
2026-01-05T20:02:33.507239,0.6,60.6,71.0,
2026-01-05T20:02:37.206768,7.8,60.6,71.0,
2026-01-05T20:02:38.723539,0.6,60.6,71.0,
2026-01-05T20:02:42.397129,7.3,60.5,71.0,
2026-01-05T20:02:43.918451,1.6,60.6,71.0,
2026-01-05T20:02:47.579015,8.6,57.1,71.0,
2026-01-05T20:02:49.099688,0.4,57.1,71.0,
2026-01-05T20:02:52.962271,2.7,57.0,71.0,
2026-01-05T20:02:54.471272,3.2,57.0,71.0,
2026-01-05T20:02:57.980283,11.3,55.4,71.0,
2026-01-05T20:02:59.494346,0.4,55.4,71.0,
2026-01-05T20:03:03.149954,13.5,55.9,71.0,
2026-01-05T20:03:04.661319,0.8,56.8,71.0,
2026-01-05T20:03:08.371162,14.0,58.1,71.0,
2026-01-05T20:03:09.879410,10.1,60.6,71.0,
2026-01-05T20:03:13.601864,11.8,59.6,71.0,
2026-01-05T20:03:15.109594,1.0,59.5,71.0,
2026-01-05T20:03:18.824278,11.6,59.6,71.0,
2026-01-05T20:03:20.340644,0.8,59.5,71.0,
2026-01-05T20:03:24.037780,13.3,59.6,71.0,
2026-01-05T20:03:25.546242,1.4,59.7,71.0,
2026-01-05T20:03:29.311683,12.1,60.0,71.0,
2026-01-05T20:03:30.826799,2.3,60.1,71.0,
2026-01-05T20:03:34.560301,11.0,59.8,71.0,
2026-01-05T20:03:36.074710,2.1,59.8,71.0,
2026-01-05T20:03:39.769117,13.3,59.9,71.0,
2026-01-05T20:03:41.282772,0.4,59.8,71.0,
2026-01-05T20:03:44.965255,12.4,59.5,71.0,
2026-01-05T20:03:46.485230,0.0,59.4,71.0,
2026-01-05T20:03:50.212407,13.9,59.5,71.0,
2026-01-05T20:03:51.720879,4.9,54.8,71.0,
2026-01-05T20:03:55.393552,8.6,54.5,71.0,
2026-01-05T20:03:56.905391,6.1,55.2,71.0,
2026-01-05T20:04:00.716152,13.3,56.9,71.0,
2026-01-05T20:04:02.233258,3.9,56.7,71.0,
2026-01-05T20:04:05.990196,11.8,57.7,71.0,
2026-01-05T20:04:07.503786,4.1,57.7,71.0,
2026-01-05T20:04:11.251125,11.1,57.8,71.0,
2026-01-05T20:04:12.770663,1.6,57.6,71.0,
2026-01-05T20:04:16.439266,11.5,57.6,71.0,
2026-01-05T20:04:17.950030,1.6,57.6,71.0,
2026-01-05T20:04:21.709724,20.5,58.0,71.0,
2026-01-05T20:04:23.216470,1.9,57.4,71.0,
2026-01-05T20:04:26.976424,11.8,57.4,71.0,
2026-01-05T20:04:28.485810,2.0,57.3,71.0,
2026-01-05T20:04:32.173623,12.8,57.3,71.0,
2026-01-05T20:04:33.683025,0.2,57.3,71.0,
2026-01-05T20:04:37.404063,11.2,57.3,71.0,
2026-01-05T20:04:38.918390,1.9,57.3,71.0,
2026-01-05T20:04:42.588569,12.1,57.3,71.0,
2026-01-05T20:04:44.100620,1.8,57.3,71.0,
2026-01-05T20:04:47.762184,12.2,57.3,71.0,
2026-01-05T20:04:49.279177,2.3,57.3,71.0,
2026-01-05T20:04:52.973077,13.6,57.3,71.0,
2026-01-05T20:04:54.479344,1.8,57.3,71.0,
2026-01-05T20:04:58.176403,11.1,57.3,71.0,
2026-01-05T20:04:59.696102,0.2,57.3,71.0,
2026-01-05T20:05:03.445705,16.9,57.2,71.0,
2026-01-05T20:05:04.960449,0.4,57.3,71.0,
2026-01-05T20:05:08.672644,12.9,57.3,71.0,
2026-01-05T20:05:10.194094,0.4,57.3,71.0,
2026-01-05T20:05:13.917354,15.1,57.4,71.0,
2026-01-05T20:05:15.425800,1.0,57.4,71.0,
2026-01-05T20:05:19.118606,11.2,57.3,71.0,
2026-01-05T20:05:20.625214,1.6,57.3,71.0,
2026-01-05T20:05:24.326395,12.5,57.4,71.0,
2026-01-05T20:05:25.834988,1.0,57.4,71.0,
2026-01-05T20:05:29.522410,13.0,57.4,71.0,
2026-01-05T20:05:31.039120,1.0,57.4,71.0,
2026-01-05T20:05:34.763583,12.5,57.9,71.0,
2026-01-05T20:05:36.274970,0.4,57.9,71.0,
2026-01-05T20:05:39.994985,8.7,57.8,71.0,
2026-01-05T20:05:41.515424,1.0,57.8,71.0,
2026-01-05T20:05:45.221307,9.2,57.9,71.0,
2026-01-05T20:05:46.741776,6.9,58.1,71.0,
2026-01-05T20:05:50.457805,11.3,58.0,71.0,
2026-01-05T20:05:51.970577,1.8,58.0,71.0,
2026-01-05T20:05:55.696069,13.4,58.2,71.0,
2026-01-05T20:05:57.213400,2.1,58.3,71.0,
2026-01-05T20:06:00.925269,11.9,59.1,71.0,
2026-01-05T20:06:02.441956,0.6,58.9,71.0,
2026-01-05T20:06:06.121533,14.0,58.8,71.0,
2026-01-05T20:06:07.635429,0.6,58.8,71.0,
2026-01-05T20:06:11.369922,11.5,59.1,71.0,
2026-01-05T20:06:12.885891,1.9,59.1,71.0,
2026-01-05T20:06:16.569259,12.5,59.0,71.0,
2026-01-05T20:06:18.083950,1.0,58.8,71.0,
2026-01-05T20:06:21.784505,13.6,58.9,71.0,
2026-01-05T20:06:23.300600,7.9,58.9,71.0,
2026-01-05T20:06:27.011303,9.7,58.7,71.0,
2026-01-05T20:06:28.526348,0.6,58.7,71.0,
2026-01-05T20:06:32.204600,11.1,58.7,71.0,
2026-01-05T20:06:33.715025,0.6,58.7,71.0,
2026-01-05T20:06:37.403221,11.4,58.8,71.0,
2026-01-05T20:06:38.922138,0.4,59.0,71.0,
2026-01-05T20:06:42.642315,10.7,58.9,71.0,
2026-01-05T20:06:44.155043,1.0,58.9,71.0,
2026-01-05T20:06:47.868454,12.7,58.9,71.0,
2026-01-05T20:06:49.379411,2.2,59.2,71.0,
2026-01-05T20:06:53.070219,11.3,59.3,71.0,
2026-01-05T20:06:54.582318,0.6,59.4,71.0,
2026-01-05T20:06:58.287517,10.5,59.3,71.0,
2026-01-05T20:06:59.806621,0.4,59.4,71.0,
2026-01-05T20:07:03.513051,9.6,59.5,71.0,
2026-01-05T20:07:05.030054,0.2,59.4,71.0,
2026-01-05T20:07:08.728018,11.8,59.3,71.0,
2026-01-05T20:07:10.234141,0.6,59.3,71.0,
2026-01-05T20:07:13.964891,10.9,59.6,71.0,
2026-01-05T20:07:15.475252,2.9,59.5,71.0,
2026-01-05T20:07:19.215057,15.9,59.9,71.0,
2026-01-05T20:07:20.723335,0.4,59.9,71.0,
2026-01-05T20:07:24.436404,9.6,59.5,71.0,
2026-01-05T20:07:25.956228,0.2,59.5,71.0,
2026-01-05T20:07:29.649461,13.5,58.7,71.0,
2026-01-05T20:07:31.166050,3.1,58.2,71.0,
2026-01-05T20:07:34.872991,13.7,54.9,71.0,
2026-01-05T20:07:36.379639,8.0,55.5,71.0,
2026-01-05T20:07:40.075827,12.1,55.0,71.0,
2026-01-05T20:07:41.584228,1.4,54.9,71.0,
2026-01-05T20:07:45.327037,12.6,54.9,71.0,
2026-01-05T20:07:46.840110,0.0,54.8,71.0,
2026-01-05T20:07:50.542654,10.1,54.7,71.0,
2026-01-05T20:07:52.056495,1.0,54.9,71.0,
2026-01-05T20:07:55.773947,12.4,55.7,71.0,
2026-01-05T20:07:57.288069,1.8,55.7,71.0,
2026-01-05T20:08:00.971792,12.4,55.9,71.0,
2026-01-05T20:08:02.488735,1.6,55.8,71.0,
2026-01-05T20:08:06.204233,12.2,55.7,71.0,
2026-01-05T20:08:07.721639,0.4,55.7,71.0,
2026-01-05T20:08:11.383963,13.9,54.9,71.0,
2026-01-05T20:08:12.890857,3.5,55.1,71.0,
2026-01-05T20:08:16.601017,13.1,55.4,71.0,
2026-01-05T20:08:18.113791,0.4,55.2,71.0,
2026-01-05T20:08:21.840798,11.9,55.1,71.0,
2026-01-05T20:08:23.348226,0.6,55.1,71.0,
2026-01-05T20:08:27.032107,11.8,55.1,71.0,
2026-01-05T20:08:28.552328,0.6,55.1,71.0,
2026-01-05T20:08:32.273355,11.8,55.0,71.0,
2026-01-05T20:08:33.779868,2.7,55.0,71.0,
2026-01-05T20:08:37.532350,12.2,55.1,71.0,
2026-01-05T20:08:39.043676,0.8,55.0,71.0,
2026-01-05T20:08:42.735945,11.6,55.1,71.0,
2026-01-05T20:08:44.242357,0.8,55.0,71.0,
2026-01-05T20:08:47.960904,12.5,54.9,71.0,
2026-01-05T20:08:49.480542,1.0,54.9,71.0,
2026-01-05T20:08:53.182066,11.6,55.0,71.0,
2026-01-05T20:08:54.689552,2.8,55.0,71.0,
2026-01-05T20:08:58.419309,12.4,55.1,71.0,
2026-01-05T20:08:59.931422,0.6,55.1,71.0,
2026-01-05T20:09:03.668453,11.5,55.0,71.0,
2026-01-05T20:09:05.180522,0.4,55.0,71.0,
2026-01-05T20:09:08.891591,10.0,55.0,71.0,
2026-01-05T20:09:10.412269,1.0,55.0,71.0,
2026-01-05T20:09:14.086237,11.4,55.1,71.0,
2026-01-05T20:09:15.597731,3.5,55.5,71.0,
2026-01-05T20:09:19.338466,11.5,57.1,71.0,
2026-01-05T20:09:20.853012,4.3,57.0,71.0,
2026-01-05T20:09:24.607710,11.7,57.0,71.0,
2026-01-05T20:09:26.127429,1.2,57.0,71.0,
2026-01-05T20:09:29.845022,12.6,57.0,71.0,
2026-01-05T20:09:31.359682,1.8,57.0,71.0,
2026-01-05T20:09:35.059362,10.6,54.9,71.0,
2026-01-05T20:09:36.569642,5.7,55.1,71.0,
2026-01-05T20:09:40.269717,8.1,55.3,71.0,
2026-01-05T20:09:41.780410,6.7,55.5,71.0,
2026-01-05T20:09:45.473020,15.0,55.7,71.0,
2026-01-05T20:09:46.981081,0.2,55.6,71.0,
2026-01-05T20:09:50.694969,12.1,54.9,71.0,
2026-01-05T20:09:52.211248,0.6,55.0,71.0,
2026-01-05T20:09:55.984315,14.9,56.2,71.0,
2026-01-05T20:09:57.503319,0.6,56.1,71.0,
2026-01-05T20:10:01.195235,9.6,57.0,71.0,
2026-01-05T20:10:02.708419,2.0,57.0,71.0,
2026-01-05T20:10:06.383632,14.3,56.9,71.0,
2026-01-05T20:10:07.891028,0.4,56.9,71.0,
2026-01-05T20:10:11.603111,9.9,56.9,71.0,
2026-01-05T20:10:13.118041,1.0,57.0,71.0,
2026-01-05T20:10:16.829619,13.4,56.8,71.0,
2026-01-05T20:10:18.337789,0.4,56.9,71.0,
2026-01-05T20:10:22.037036,10.7,56.9,71.0,
2026-01-05T20:10:23.550660,0.6,56.9,71.0,
2026-01-05T20:10:27.269611,11.6,56.9,71.0,
2026-01-05T20:10:28.775582,0.2,56.9,71.0,
2026-01-05T20:10:32.510279,11.7,57.0,71.0,
2026-01-05T20:10:34.025588,1.2,57.1,71.0,
2026-01-05T20:10:37.742356,11.0,57.0,71.0,
2026-01-05T20:10:39.253629,0.2,57.0,71.0,
2026-01-05T20:10:42.973147,11.9,55.5,71.0,
2026-01-05T20:10:44.494158,1.6,55.6,71.0,
2026-01-05T20:10:48.161298,11.7,55.6,71.0,
2026-01-05T20:10:49.673376,2.8,56.0,71.0,
2026-01-05T20:10:53.366854,16.1,55.6,71.0,
2026-01-05T20:10:54.878017,0.6,55.7,71.0,
2026-01-05T20:10:58.636367,9.9,56.8,71.0,
2026-01-05T20:11:00.157146,1.0,57.0,71.0,
2026-01-05T20:11:03.860298,13.4,58.1,71.0,
2026-01-05T20:11:05.369748,1.0,58.2,71.0,
2026-01-05T20:11:09.071193,16.0,58.1,71.0,
2026-01-05T20:11:10.586603,3.0,58.3,71.0,
2026-01-05T20:11:14.272064,11.7,58.5,71.0,
2026-01-05T20:11:15.790836,3.9,59.3,71.0,
2026-01-05T20:11:19.470161,11.0,55.7,71.0,
2026-01-05T20:11:20.983465,1.6,55.0,71.0,
2026-01-05T20:11:24.661582,9.2,55.0,71.0,
2026-01-05T20:11:26.178909,1.4,55.0,71.0,
2026-01-05T20:11:29.883479,14.4,54.5,71.0,
2026-01-05T20:11:31.402157,0.2,54.4,71.0,
2026-01-05T20:11:35.101495,11.1,54.4,71.0,
2026-01-05T20:11:36.621995,2.6,54.6,71.0,
2026-01-05T20:11:40.326202,9.8,54.8,71.0,
2026-01-05T20:11:41.832637,0.2,54.8,71.0,
2026-01-05T20:11:45.506923,12.1,54.7,71.0,
2026-01-05T20:11:47.025011,0.6,54.7,71.0,
2026-01-05T20:11:50.703391,11.6,54.7,71.0,
2026-01-05T20:11:52.218832,0.6,54.7,71.0,
2026-01-05T20:11:55.899360,10.9,54.7,71.0,
2026-01-05T20:11:57.407779,1.4,54.7,71.0,
2026-01-05T20:12:01.103039,11.9,54.6,71.0,
2026-01-05T20:12:02.611479,0.4,54.6,71.0,
2026-01-05T20:12:06.323502,11.1,54.6,71.0,
2026-01-05T20:12:07.831662,2.7,54.5,71.0,
2026-01-05T20:12:11.533322,12.5,54.6,71.0,
2026-01-05T20:12:13.039931,0.8,54.6,71.0,
2026-01-05T20:12:16.763628,11.4,54.7,71.0,
2026-01-05T20:12:18.279555,3.3,54.7,71.0,
2026-01-05T20:12:22.010933,8.3,54.8,71.0,
2026-01-05T20:12:23.520653,3.7,55.0,71.0,
2026-01-05T20:12:27.212590,14.6,55.1,71.0,
2026-01-05T20:12:28.728269,0.6,55.1,71.0,
2026-01-05T20:12:32.419834,13.6,55.1,71.0,
2026-01-05T20:12:33.927374,1.2,55.4,71.0,
2026-01-05T20:12:37.638974,12.1,55.4,71.0,
2026-01-05T20:12:39.147645,0.6,55.3,71.0,
2026-01-05T20:12:42.860477,14.2,55.9,71.0,
2026-01-05T20:12:44.368805,1.0,55.8,71.0,
2026-01-05T20:12:48.060258,12.5,55.8,71.0,
2026-01-05T20:12:49.575566,8.4,55.2,71.0,
2026-01-05T20:12:53.263450,13.6,54.5,71.0,
2026-01-05T20:12:54.771509,2.1,54.6,71.0,
2026-01-05T20:12:58.478158,9.3,54.6,71.0,
2026-01-05T20:12:59.990950,1.9,54.7,71.0,
2026-01-05T20:13:03.673764,14.7,54.8,71.0,
2026-01-05T20:13:05.185811,1.6,54.8,71.0,
2026-01-05T20:13:08.891709,13.0,54.8,71.0,
2026-01-05T20:13:10.405922,0.4,54.7,71.0,
2026-01-05T20:13:14.182150,13.0,55.2,71.0,
2026-01-05T20:13:15.698270,0.2,55.3,71.0,
2026-01-05T20:13:19.398651,10.3,54.5,71.0,
2026-01-05T20:13:20.918476,0.8,54.5,71.0,
2026-01-05T20:13:24.601325,9.9,54.9,71.0,
2026-01-05T20:13:26.110081,0.6,54.9,71.0,
2026-01-05T20:13:29.816773,15.0,54.5,71.0,
2026-01-05T20:13:31.325343,0.2,54.4,71.0,
2026-01-05T20:13:35.041902,11.9,54.6,71.0,
2026-01-05T20:13:36.558364,1.4,54.6,71.0,
2026-01-05T20:13:40.289334,12.4,54.8,71.0,
2026-01-05T20:13:41.801210,1.0,54.7,71.0,
2026-01-05T20:13:45.516827,10.1,54.6,71.0,
2026-01-05T20:13:47.034633,0.0,54.6,71.0,
2026-01-05T20:13:50.692821,13.0,54.5,71.0,
2026-01-05T20:13:52.200910,0.6,54.6,71.0,
2026-01-05T20:13:55.901558,12.0,54.5,71.0,
2026-01-05T20:13:57.408517,0.4,54.5,71.0,
2026-01-05T20:14:01.056909,11.6,54.6,71.0,
2026-01-05T20:14:02.571552,2.7,54.6,71.0,
2026-01-05T20:14:06.298197,11.9,54.5,71.0,
2026-01-05T20:14:07.807913,0.8,54.5,71.0,
2026-01-05T20:14:11.503751,15.1,54.6,71.0,
2026-01-05T20:14:13.023330,0.8,54.6,71.0,
2026-01-05T20:14:16.679665,11.3,54.6,71.0,
2026-01-05T20:14:18.191428,0.8,54.5,71.0,
2026-01-05T20:14:21.867420,11.1,54.6,71.0,
2026-01-05T20:14:23.381211,0.6,54.6,71.0,
2026-01-05T20:14:27.070217,12.7,55.8,71.0,
2026-01-05T20:14:28.584201,0.8,55.8,71.0,
2026-01-05T20:14:32.278096,12.5,56.0,71.0,
2026-01-05T20:14:33.798583,1.9,56.0,71.0,
2026-01-05T20:14:37.483778,16.4,55.8,71.0,
2026-01-05T20:14:38.995527,3.0,55.8,71.0,
2026-01-05T20:14:42.686126,9.4,55.8,71.0,
2026-01-05T20:14:44.206923,0.2,55.8,71.0,
2026-01-05T20:14:47.913657,12.5,55.7,71.0,
2026-01-05T20:14:49.423622,0.2,55.7,71.0,
2026-01-05T20:14:53.108476,11.0,55.7,71.0,
2026-01-05T20:14:54.615777,0.4,55.7,71.0,
2026-01-05T20:14:58.313492,12.5,55.7,71.0,
2026-01-05T20:14:59.831050,0.2,55.7,71.0,
2026-01-05T20:15:03.496940,12.3,55.8,71.0,
2026-01-05T20:15:05.008355,0.2,55.8,71.0,
2026-01-05T20:15:08.728027,9.3,55.6,71.0,
2026-01-05T20:15:10.240519,2.0,55.8,71.0,
2026-01-05T20:15:13.917799,12.5,55.7,71.0,
2026-01-05T20:15:15.428858,0.2,55.6,71.0,
2026-01-05T20:15:19.111272,11.8,55.4,71.0,
2026-01-05T20:15:20.631148,2.1,55.1,71.0,
2026-01-05T20:15:24.319509,10.5,55.1,71.0,
2026-01-05T20:15:25.837940,3.2,55.1,71.0,
2026-01-05T20:15:29.529970,11.3,55.1,71.0,
2026-01-05T20:15:31.049635,0.6,55.0,71.0,
2026-01-05T20:15:34.710086,11.4,55.0,71.0,
2026-01-05T20:15:36.224581,1.2,55.0,71.0,
2026-01-05T20:15:39.939362,12.4,55.1,71.0,
2026-01-05T20:15:41.449654,0.6,55.1,71.0,
2026-01-05T20:15:45.163055,10.7,54.9,71.0,
2026-01-05T20:15:46.680077,0.6,54.9,71.0,
2026-01-05T20:15:50.382689,10.2,55.2,71.0,
2026-01-05T20:15:51.894712,0.8,55.2,71.0,
2026-01-05T20:15:55.621283,10.0,54.9,71.0,
2026-01-05T20:15:57.140177,1.0,54.9,71.0,
2026-01-05T20:16:00.853381,9.8,55.1,71.0,
2026-01-05T20:16:02.361295,0.8,55.1,71.0,
2026-01-05T20:16:06.084295,13.1,55.0,71.0,
2026-01-05T20:16:07.598549,0.2,54.9,71.0,
2026-01-05T20:16:11.269592,12.3,55.1,71.0,
2026-01-05T20:16:12.787373,2.9,55.1,71.0,
2026-01-05T20:16:16.470159,12.4,55.1,71.0,
2026-01-05T20:16:17.990099,0.0,55.1,71.0,
2026-01-05T20:16:21.687321,11.8,55.0,71.0,
2026-01-05T20:16:23.196661,0.4,55.0,71.0,
2026-01-05T20:16:26.911209,11.8,54.8,71.0,
2026-01-05T20:16:28.418281,1.1,54.8,71.0,
2026-01-05T20:16:32.100221,10.7,55.0,71.0,
2026-01-05T20:16:33.606948,1.0,55.0,71.0,
2026-01-05T20:16:37.280807,14.3,55.1,71.0,
2026-01-05T20:16:38.797718,2.9,55.0,71.0,
2026-01-05T20:16:42.521990,12.5,55.2,71.0,
2026-01-05T20:16:44.031791,0.2,55.3,71.0,
2026-01-05T20:16:47.713951,14.2,55.1,71.0,
2026-01-05T20:16:49.222003,1.2,54.9,71.0,
2026-01-05T20:16:52.884806,12.6,54.9,71.0,
2026-01-05T20:16:54.405812,0.2,55.0,71.0,
2026-01-05T20:16:58.077195,10.0,54.8,71.0,
2026-01-05T20:16:59.597805,1.0,54.7,71.0,
2026-01-05T20:17:03.263616,10.9,54.8,71.0,
2026-01-05T20:17:04.771118,0.6,54.9,71.0,
2026-01-05T20:17:08.455476,11.4,54.7,71.0,
2026-01-05T20:17:09.963744,0.8,54.6,71.0,
2026-01-05T20:17:13.668177,11.9,54.6,71.0,
2026-01-05T20:17:15.186209,0.2,54.6,71.0,
2026-01-05T20:17:18.864727,10.4,54.6,71.0,
2026-01-05T20:17:20.382589,1.0,54.5,71.0,
2026-01-05T20:17:24.043899,12.7,54.7,71.0,
2026-01-05T20:17:25.566628,0.8,54.7,71.0,
2026-01-05T20:17:29.258590,12.1,54.6,71.0,
2026-01-05T20:17:30.771844,2.0,54.5,71.0,
2026-01-05T20:17:34.455606,12.0,54.6,71.0,
2026-01-05T20:17:35.976326,0.4,54.6,71.0,
2026-01-05T20:17:39.675274,11.2,54.5,71.0,
2026-01-05T20:17:41.187882,0.4,54.5,71.0,
2026-01-05T20:17:44.884694,11.3,54.6,71.0,
2026-01-05T20:17:46.405704,0.4,54.7,71.0,
2026-01-05T20:17:50.086922,10.3,53.6,71.0,
2026-01-05T20:17:51.592811,0.2,53.6,71.0,
2026-01-05T20:17:55.317748,12.7,53.7,71.0,
2026-01-05T20:17:56.827162,0.0,53.8,71.0,
2026-01-05T20:18:00.514516,11.3,53.6,71.0,
2026-01-05T20:18:02.021015,0.6,53.7,71.0,
2026-01-05T20:18:05.718676,13.2,53.8,71.0,
2026-01-05T20:18:07.236708,0.8,53.7,71.0,
2026-01-05T20:18:10.922126,14.8,53.5,71.0,
2026-01-05T20:18:12.433059,3.0,53.5,71.0,
2026-01-05T20:18:16.145561,10.8,53.5,71.0,
2026-01-05T20:18:17.665608,0.4,53.5,71.0,
2026-01-05T20:18:21.325852,13.2,53.6,71.0,
2026-01-05T20:18:22.842337,1.4,53.7,71.0,
2026-01-05T20:18:26.545438,14.4,53.7,71.0,
2026-01-05T20:18:28.052531,0.2,53.7,71.0,
2026-01-05T20:18:31.745546,11.0,53.7,71.0,
2026-01-05T20:18:33.254588,1.6,53.6,71.0,
2026-01-05T20:18:37.003628,8.0,53.7,71.0,
2026-01-05T20:18:38.513919,1.6,53.7,71.0,
2026-01-05T20:18:42.176114,12.6,53.6,71.0,
2026-01-05T20:18:43.687432,0.2,53.6,71.0,
2026-01-05T20:18:47.372584,11.4,53.7,71.0,
2026-01-05T20:18:48.889314,1.4,53.6,71.0,
2026-01-05T20:18:52.587666,11.8,53.7,71.0,
2026-01-05T20:18:54.102922,0.6,53.7,71.0,
2026-01-05T20:18:57.807068,11.0,53.7,71.0,
2026-01-05T20:18:59.322752,0.8,53.7,71.0,
2026-01-05T20:19:03.018168,11.8,53.8,71.0,
2026-01-05T20:19:04.535948,0.8,53.9,71.0,
2026-01-05T20:19:08.214346,11.1,53.7,71.0,
2026-01-05T20:19:09.725909,1.4,53.8,71.0,
2026-01-05T20:19:13.399598,13.4,53.7,71.0,
2026-01-05T20:19:14.911903,1.4,53.8,71.0,
2026-01-05T20:19:18.595398,13.7,53.7,71.0,
2026-01-05T20:19:20.109625,0.8,53.7,71.0,
2026-01-05T20:19:23.778818,13.5,53.7,71.0,
2026-01-05T20:19:25.292152,1.2,53.7,71.0,
2026-01-05T20:19:28.983689,11.9,53.7,71.0,
2026-01-05T20:19:30.497349,0.4,53.7,71.0,
2026-01-05T20:19:34.168955,11.5,53.7,71.0,
2026-01-05T20:19:35.677985,0.0,53.7,71.0,
2026-01-05T20:19:39.372530,12.5,53.7,71.0,
2026-01-05T20:19:40.879397,0.4,53.7,71.0,
2026-01-05T20:19:44.558334,15.2,53.7,71.0,
2026-01-05T20:19:46.076869,0.4,53.7,71.0,
2026-01-05T20:19:49.762616,12.2,53.7,71.0,
2026-01-05T20:19:51.270699,0.8,53.7,71.0,
2026-01-05T20:19:54.968975,9.5,53.9,71.0,
2026-01-05T20:19:56.482715,1.2,54.0,71.0,
2026-01-05T20:20:00.164750,13.0,53.9,71.0,
2026-01-05T20:20:01.672861,0.0,53.9,71.0,
2026-01-05T20:20:05.354478,13.3,53.9,71.0,
2026-01-05T20:20:06.876894,1.0,53.7,71.0,
2026-01-05T20:20:10.564455,12.4,53.6,71.0,
2026-01-05T20:20:12.074303,0.6,53.6,71.0,
2026-01-05T20:20:15.775211,11.6,53.8,71.0,
2026-01-05T20:20:17.283421,1.0,53.8,71.0,
2026-01-05T20:20:20.974299,13.0,53.9,71.0,
2026-01-05T20:20:22.482659,0.4,53.9,71.0,
2026-01-05T20:20:26.186736,11.9,54.0,71.0,
2026-01-05T20:20:27.702258,0.4,54.0,71.0,
2026-01-05T20:20:31.429905,13.4,54.1,71.0,
2026-01-05T20:20:32.950752,5.5,53.9,71.0,
2026-01-05T20:20:36.672657,12.8,54.1,71.0,
2026-01-05T20:20:38.190738,1.0,54.0,71.0,
2026-01-05T20:20:41.887715,10.5,54.3,71.0,
2026-01-05T20:20:43.401279,0.6,54.3,71.0,
2026-01-05T20:20:47.080047,11.9,54.1,71.0,
2026-01-05T20:20:48.595697,0.2,54.1,71.0,
2026-01-05T20:20:52.279680,12.3,53.9,71.0,
2026-01-05T20:20:53.788517,0.0,53.9,71.0,
2026-01-05T20:20:57.483559,13.2,53.9,71.0,
2026-01-05T20:20:59.002233,0.2,53.9,71.0,
2026-01-05T20:21:02.661767,12.7,54.0,71.0,
2026-01-05T20:21:04.182957,0.6,54.0,71.0,
2026-01-05T20:21:07.853467,11.7,53.9,71.0,
2026-01-05T20:21:09.363373,7.4,53.9,71.0,
2026-01-05T20:21:13.053623,14.6,53.9,71.0,
2026-01-05T20:21:14.560468,0.4,53.9,71.0,
2026-01-05T20:21:18.293002,12.3,54.0,71.0,
2026-01-05T20:21:19.802812,1.4,54.0,71.0,
2026-01-05T20:21:23.477161,19.0,54.0,71.0,
2026-01-05T20:21:24.993126,0.0,54.1,71.0,
2026-01-05T20:21:28.697354,13.5,54.1,71.0,
2026-01-05T20:21:30.216576,1.4,54.1,71.0,
2026-01-05T20:21:33.865673,9.8,54.1,71.0,
2026-01-05T20:21:35.382503,0.6,53.9,71.0,
2026-01-05T20:21:39.031403,11.5,54.0,71.0,
2026-01-05T20:21:40.549811,0.0,54.0,71.0,
2026-01-05T20:21:44.229523,13.6,54.0,71.0,
2026-01-05T20:21:45.748825,0.4,54.0,71.0,
2026-01-05T20:21:49.451515,13.8,53.9,71.0,
2026-01-05T20:21:50.964282,1.4,53.9,71.0,
2026-01-05T20:21:54.674974,14.9,53.9,71.0,
2026-01-05T20:21:56.180826,2.5,53.9,71.0,
2026-01-05T20:21:59.912890,11.2,53.9,71.0,
2026-01-05T20:22:01.418995,3.9,53.9,71.0,
2026-01-05T20:22:05.100247,14.3,53.9,71.0,
2026-01-05T20:22:06.612296,3.8,53.9,71.0,
2026-01-05T20:22:10.309980,11.7,53.9,71.0,
2026-01-05T20:22:11.828840,2.0,54.0,71.0,
2026-01-05T20:22:15.500195,10.7,54.0,71.0,
2026-01-05T20:22:17.011753,0.4,53.9,71.0,
2026-01-05T20:22:20.706239,12.7,53.9,71.0,
2026-01-05T20:22:22.227529,2.0,53.9,71.0,
2026-01-05T20:22:25.922092,13.0,53.9,71.0,
2026-01-05T20:22:27.445367,1.0,53.9,71.0,
2026-01-05T20:22:31.109838,10.8,53.9,71.0,
2026-01-05T20:22:32.625199,1.6,53.8,71.0,
2026-01-05T20:22:36.324674,11.5,53.8,71.0,
2026-01-05T20:22:37.839809,0.8,53.9,71.0,
2026-01-05T20:22:41.497766,13.2,53.8,71.0,
2026-01-05T20:22:43.008548,0.8,53.8,71.0,
2026-01-05T20:22:46.695521,12.2,53.8,71.0,
2026-01-05T20:22:48.208051,1.2,53.8,71.0,
2026-01-05T20:22:51.939950,13.2,54.3,71.0,
2026-01-05T20:22:53.456753,0.8,54.2,71.0,
2026-01-05T20:22:57.133558,15.6,54.2,71.0,
2026-01-05T20:22:58.639887,4.1,54.4,71.0,
2026-01-05T20:23:02.377290,13.7,54.5,71.0,
2026-01-05T20:23:03.889823,2.1,54.5,71.0,
2026-01-05T20:23:07.605099,14.5,54.6,71.0,
2026-01-05T20:23:09.122008,3.1,54.6,71.0,
2026-01-05T20:23:12.826663,12.6,54.6,71.0,
2026-01-05T20:23:14.333764,1.6,54.6,71.0,
2026-01-05T20:23:18.049629,14.8,54.7,71.0,
2026-01-05T20:23:19.570708,4.3,54.7,71.0,
2026-01-05T20:23:23.280093,14.6,54.7,71.0,
2026-01-05T20:23:24.786456,1.8,54.4,71.0,
2026-01-05T20:23:28.460176,13.2,54.4,71.0,
2026-01-05T20:23:29.980720,3.7,54.4,71.0,
2026-01-05T20:23:33.689037,18.1,54.7,71.0,
2026-01-05T20:23:35.201993,3.5,54.7,71.0,
2026-01-05T20:23:38.938837,13.0,54.9,71.0,
2026-01-05T20:23:40.450739,1.6,54.9,71.0,
2026-01-05T20:23:44.205160,15.1,54.9,71.0,
2026-01-05T20:23:45.717020,1.4,54.7,71.0,
2026-01-05T20:23:49.425686,12.7,54.8,71.0,
2026-01-05T20:23:50.933141,1.7,54.8,71.0,
2026-01-05T20:23:54.650259,16.3,55.2,71.0,
2026-01-05T20:23:56.164790,2.2,55.2,71.0,
2026-01-05T20:23:59.881364,17.5,55.4,71.0,
2026-01-05T20:24:01.397238,2.7,55.4,71.0,
2026-01-05T20:24:05.108666,14.7,55.4,71.0,
2026-01-05T20:24:06.615938,2.9,55.5,71.0,
2026-01-05T20:24:10.288270,12.7,55.5,71.0,
2026-01-05T20:24:11.797788,3.1,55.5,71.0,
2026-01-05T20:24:15.510987,13.8,55.4,71.0,
2026-01-05T20:24:17.027973,2.4,55.4,71.0,
2026-01-05T20:24:20.753741,12.1,55.5,71.0,
2026-01-05T20:24:22.262639,2.4,55.4,71.0,
2026-01-05T20:24:25.991177,15.6,55.5,71.0,
2026-01-05T20:24:27.501616,3.5,55.5,71.0,
2026-01-05T20:24:31.248717,12.6,55.7,71.0,
2026-01-05T20:24:32.757736,2.9,55.7,71.0,
2026-01-05T20:24:36.509097,11.9,55.9,71.0,
2026-01-05T20:24:38.027082,2.7,55.9,71.0,
2026-01-05T20:24:41.708940,10.4,56.0,71.0,
2026-01-05T20:24:43.226642,3.5,56.2,71.0,
2026-01-05T20:24:46.908129,11.1,56.2,71.0,
2026-01-05T20:24:48.425975,3.0,56.1,71.0,
2026-01-05T20:24:52.114489,15.0,56.1,71.0,
2026-01-05T20:24:53.625892,2.1,56.1,71.0,
2026-01-05T20:24:57.318066,20.7,56.1,71.0,
2026-01-05T20:24:58.825097,3.7,56.1,71.0,
2026-01-05T20:25:02.508067,13.4,56.2,71.0,
2026-01-05T20:25:04.022247,2.3,56.2,71.0,
2026-01-05T20:25:07.754967,15.3,56.7,71.0,
2026-01-05T20:25:09.273220,3.3,56.7,71.0,
2026-01-05T20:25:12.945971,10.8,56.9,71.0,
2026-01-05T20:25:14.453981,1.4,56.9,71.0,
2026-01-05T20:25:18.135414,13.5,57.0,71.0,
2026-01-05T20:25:19.655210,2.1,57.2,71.0,
2026-01-05T20:25:23.359691,12.5,58.1,71.0,
2026-01-05T20:25:24.872583,2.1,58.5,71.0,
2026-01-05T20:25:28.597998,12.1,58.4,71.0,
2026-01-05T20:25:30.117760,7.2,58.8,71.0,
2026-01-05T20:25:33.842636,11.5,58.7,71.0,
2026-01-05T20:25:35.352183,1.2,58.7,71.0,
2026-01-05T20:25:39.042234,15.6,58.5,71.0,
2026-01-05T20:25:40.558826,1.6,58.8,71.0,
2026-01-05T20:25:44.268538,12.8,59.2,71.0,
2026-01-05T20:25:45.785755,2.7,59.3,71.0,
2026-01-05T20:25:49.478271,14.1,59.2,71.0,
2026-01-05T20:25:50.985150,2.5,59.2,71.0,
2026-01-05T20:25:54.696458,12.4,58.8,71.0,
2026-01-05T20:25:56.216908,2.0,58.8,71.0,
2026-01-05T20:25:59.947696,14.6,58.8,71.0,
2026-01-05T20:26:01.468379,3.7,58.4,71.0,
2026-01-05T20:26:05.189320,16.3,58.3,71.0,
2026-01-05T20:26:06.701109,1.8,58.3,71.0,
2026-01-05T20:26:10.419056,13.9,58.9,71.0,
2026-01-05T20:26:11.928365,2.1,58.8,71.0,
2026-01-05T20:26:15.637278,9.7,58.7,71.0,
2026-01-05T20:26:17.156797,0.4,58.7,71.0,
2026-01-05T20:26:20.844186,12.1,58.7,71.0,
2026-01-05T20:26:22.356871,0.2,58.8,71.0,
2026-01-05T20:26:26.043916,12.2,58.8,71.0,
2026-01-05T20:26:27.559065,1.4,58.8,71.0,
2026-01-05T20:26:31.240243,11.7,58.8,71.0,
2026-01-05T20:26:32.748283,1.2,58.8,71.0,
2026-01-05T20:26:36.458813,9.9,59.2,71.0,
2026-01-05T20:26:37.966771,0.2,59.1,71.0,
2026-01-05T20:26:41.667258,10.0,59.3,71.0,
2026-01-05T20:26:43.184885,0.8,59.4,71.1,
2026-01-05T20:26:46.891307,12.6,60.0,71.1,
2026-01-05T20:26:48.399588,1.2,59.9,71.1,
2026-01-05T20:26:52.129998,14.0,60.3,71.1,
2026-01-05T20:26:53.643893,1.0,60.3,71.1,
2026-01-05T20:26:57.357199,12.8,60.4,71.1,
2026-01-05T20:26:58.866194,1.7,60.8,71.1,
2026-01-05T20:27:02.596399,12.2,60.8,71.1,
2026-01-05T20:27:04.104796,1.4,60.8,71.1,
2026-01-05T20:27:07.867535,13.9,60.5,71.1,
2026-01-05T20:27:09.385383,3.1,60.7,71.1,
2026-01-05T20:27:13.092475,9.3,60.6,71.1,
2026-01-05T20:27:14.608168,2.8,59.9,71.1,
2026-01-05T20:27:18.301875,10.3,59.5,71.1,
2026-01-05T20:27:19.807447,2.5,60.0,71.1,
2026-01-05T20:27:23.538622,9.7,59.9,71.1,
2026-01-05T20:27:25.055620,3.0,59.8,71.1,
2026-01-05T20:27:28.796910,6.9,60.1,71.1,
2026-01-05T20:27:30.306206,4.7,60.6,71.1,
2026-01-05T20:27:34.055514,10.7,60.6,71.1,
2026-01-05T20:27:35.573268,0.6,60.6,71.1,
2026-01-05T20:27:39.305668,11.5,60.6,71.1,
2026-01-05T20:27:40.817773,1.9,60.6,71.1,
2026-01-05T20:27:44.518760,12.1,60.6,71.1,
2026-01-05T20:27:46.039061,4.3,60.7,71.1,
2026-01-05T20:27:49.771456,10.2,61.8,71.1,
2026-01-05T20:27:51.283926,2.9,61.5,71.1,
2026-01-05T20:27:54.997293,10.9,60.8,71.1,
2026-01-05T20:27:56.505131,1.4,60.8,71.1,
2026-01-05T20:28:00.267243,16.1,61.1,71.1,
2026-01-05T20:28:01.783906,2.6,61.3,71.1,
2026-01-05T20:28:05.483513,12.1,61.5,71.1,
2026-01-05T20:28:06.998834,1.6,61.4,71.1,
2026-01-05T20:28:10.683430,10.6,60.3,71.1,
2026-01-05T20:28:12.194035,0.4,60.2,71.1,
2026-01-05T20:28:15.942553,11.6,60.1,71.1,
2026-01-05T20:28:17.461750,2.0,60.1,71.1,
2026-01-05T20:28:21.128447,9.4,60.2,71.1,
2026-01-05T20:28:22.635528,0.2,60.4,71.1,
2026-01-05T20:28:26.329315,13.0,60.4,71.1,
2026-01-05T20:28:27.838548,0.2,60.4,71.1,
2026-01-05T20:28:31.514368,12.4,60.3,71.1,
2026-01-05T20:28:33.036175,3.4,60.3,71.1,
2026-01-05T20:28:36.738354,12.9,60.1,71.1,
2026-01-05T20:28:38.249957,0.6,60.1,71.1,
2026-01-05T20:28:41.994477,8.8,60.0,71.1,
2026-01-05T20:28:43.502387,1.2,60.0,71.1,
2026-01-05T20:28:47.250098,12.0,59.9,71.1,
2026-01-05T20:28:48.770051,1.0,59.9,71.1,
2026-01-05T20:28:52.483320,10.2,59.5,71.1,
2026-01-05T20:28:54.001400,4.9,57.9,71.1,
2026-01-05T20:28:57.687071,13.9,57.9,71.1,
2026-01-05T20:28:59.207166,0.2,57.6,71.1,
2026-01-05T20:29:02.930512,11.7,57.5,71.1,
2026-01-05T20:29:04.445418,0.6,57.3,71.1,
2026-01-05T20:29:08.190566,11.4,57.4,71.1,
2026-01-05T20:29:09.700848,2.0,57.6,71.1,
2026-01-05T20:29:13.343849,11.6,57.6,71.1,
2026-01-05T20:29:14.858987,0.8,57.5,71.1,
2026-01-05T20:29:18.592323,14.7,57.4,71.1,
2026-01-05T20:29:20.104537,1.0,57.3,71.1,
2026-01-05T20:29:23.814966,11.9,57.4,71.1,
2026-01-05T20:29:25.334550,0.6,57.5,71.1,
2026-01-05T20:29:28.999675,13.0,57.6,71.1,
2026-01-05T20:29:30.518198,2.1,57.4,71.1,
2026-01-05T20:29:34.188579,9.8,57.2,71.1,
2026-01-05T20:29:35.708553,0.2,57.2,71.1,
2026-01-05T20:29:39.440196,10.8,57.2,71.1,
2026-01-05T20:29:40.957435,0.0,57.2,71.1,
2026-01-05T20:29:44.674497,12.1,57.3,71.1,
2026-01-05T20:29:46.180133,2.3,57.5,71.1,
2026-01-05T20:29:49.888666,11.4,57.4,71.1,
2026-01-05T20:29:51.404774,1.4,57.4,71.1,
2026-01-05T20:29:55.075587,12.3,57.2,71.1,
2026-01-05T20:29:56.588552,2.2,57.2,71.1,
2026-01-05T20:30:00.288155,12.2,57.1,71.1,
2026-01-05T20:30:01.805082,0.4,57.2,71.1,
2026-01-05T20:30:05.507094,8.3,57.2,71.1,
2026-01-05T20:30:07.015351,2.5,57.3,71.1,
2026-01-05T20:30:10.717333,11.9,57.2,71.1,
2026-01-05T20:30:12.230226,0.8,57.2,71.1,
2026-01-05T20:30:15.925624,11.8,57.2,71.1,
2026-01-05T20:30:17.433703,0.8,57.2,71.1,
2026-01-05T20:30:21.113363,9.3,57.2,71.1,
2026-01-05T20:30:22.631439,0.6,57.3,71.1,
2026-01-05T20:30:26.293131,12.0,57.3,71.1,
2026-01-05T20:30:27.812491,1.1,57.2,71.1,
2026-01-05T20:30:31.513895,12.3,57.2,71.1,
2026-01-05T20:30:33.023678,0.0,57.2,71.1,
2026-01-05T20:30:36.697668,12.4,57.2,71.1,
2026-01-05T20:30:38.203546,0.6,57.2,71.1,
2026-01-05T20:30:41.917147,16.4,57.2,71.1,
2026-01-05T20:30:43.429517,1.0,57.2,71.1,
2026-01-05T20:30:47.169661,12.2,57.2,71.1,
2026-01-05T20:30:48.682320,1.2,57.2,71.1,
2026-01-05T20:30:52.402240,11.8,57.2,71.1,
2026-01-05T20:30:53.918941,0.8,57.2,71.1,
2026-01-05T20:30:57.574338,7.6,57.1,71.1,
2026-01-05T20:30:59.095231,0.8,57.1,71.1,
2026-01-05T20:31:02.765900,13.8,57.2,71.1,
2026-01-05T20:31:04.277902,0.0,57.2,71.1,
2026-01-05T20:31:07.954663,14.6,57.2,71.1,
2026-01-05T20:31:09.472650,0.4,57.1,71.1,
2026-01-05T20:31:13.162205,12.0,57.3,71.1,
2026-01-05T20:31:14.670937,0.0,57.2,71.1,
2026-01-05T20:31:18.355741,12.4,57.2,71.1,
2026-01-05T20:31:19.865913,1.2,57.2,71.1,
2026-01-05T20:31:23.562875,11.8,57.3,71.1,
2026-01-05T20:31:25.083563,0.2,57.3,71.1,
2026-01-05T20:31:28.764170,11.2,57.3,71.1,
2026-01-05T20:31:30.270124,0.8,57.6,71.1,
2026-01-05T20:31:33.964224,13.0,57.7,71.1,
2026-01-05T20:31:35.482594,2.9,57.7,71.1,
2026-01-05T20:31:39.147350,13.5,57.7,71.1,
2026-01-05T20:31:40.662775,0.2,57.6,71.1,
2026-01-05T20:31:44.342371,10.9,57.6,71.1,
2026-01-05T20:31:45.857913,3.1,57.8,71.1,
2026-01-05T20:31:49.564938,11.2,58.0,71.1,
2026-01-05T20:31:51.071542,0.8,57.9,71.1,
2026-01-05T20:31:54.756543,10.7,57.6,71.1,
2026-01-05T20:31:56.277215,1.0,57.6,71.1,
2026-01-05T20:31:59.970746,12.9,57.5,71.1,
2026-01-05T20:32:01.483247,1.2,57.5,71.1,
2026-01-05T20:32:05.174306,10.7,57.6,71.1,
2026-01-05T20:32:06.681273,0.2,57.6,71.1,
2026-01-05T20:32:10.376198,11.5,57.6,71.1,
2026-01-05T20:32:11.889736,1.0,57.4,71.1,
2026-01-05T20:32:15.519271,10.9,57.5,71.1,
2026-01-05T20:32:17.027942,1.2,57.5,71.1,
2026-01-05T20:32:20.718992,13.3,57.2,71.1,
2026-01-05T20:32:22.238362,0.0,57.6,71.1,
2026-01-05T20:32:25.946453,14.4,57.3,71.1,
2026-01-05T20:32:27.463381,0.8,57.4,71.1,
2026-01-05T20:32:31.161537,11.7,57.4,71.1,
2026-01-05T20:32:32.674132,0.2,57.9,71.1,
2026-01-05T20:32:36.377941,12.4,57.6,71.1,
2026-01-05T20:32:37.895970,1.0,57.6,71.1,
2026-01-05T20:32:41.592435,12.8,57.6,71.1,
2026-01-05T20:32:43.102428,1.0,57.6,71.1,
2026-01-05T20:32:46.799004,11.9,57.5,71.1,
2026-01-05T20:32:48.306517,0.2,57.4,71.1,
2026-01-05T20:32:52.018735,10.7,57.3,71.1,
2026-01-05T20:32:53.530367,1.7,57.1,71.1,
2026-01-05T20:32:57.234536,12.6,57.1,71.1,
2026-01-05T20:32:58.746708,0.0,57.1,71.1,
2026-01-05T20:33:02.423890,13.9,57.7,71.1,
2026-01-05T20:33:03.943208,2.3,56.1,71.1,
2026-01-05T20:33:07.623410,11.7,56.0,71.1,
2026-01-05T20:33:09.136709,0.0,56.0,71.1,
2026-01-05T20:33:12.809715,11.6,55.9,71.1,
2026-01-05T20:33:14.326137,0.4,55.9,71.1,
2026-01-05T20:33:18.050436,10.9,56.2,71.1,
2026-01-05T20:33:19.570189,0.4,56.2,71.1,
2026-01-05T20:33:23.260566,12.4,56.4,71.1,
2026-01-05T20:33:24.780789,0.0,56.3,71.1,
2026-01-05T20:33:28.453934,10.6,56.5,71.1,
2026-01-05T20:33:29.961448,1.2,56.5,71.1,
2026-01-05T20:33:33.643771,14.3,56.5,71.1,
2026-01-05T20:33:35.151435,0.4,56.5,71.1,
2026-01-05T20:33:38.869784,14.0,56.7,71.1,
2026-01-05T20:33:40.386288,1.6,56.7,71.1,
2026-01-05T20:33:44.056371,10.8,56.7,71.1,
2026-01-05T20:33:45.575336,0.2,56.6,71.1,
2026-01-05T20:33:49.263807,12.8,56.6,71.1,
2026-01-05T20:33:50.774723,0.2,56.6,71.1,
2026-01-05T20:33:54.478481,11.9,56.5,71.1,
2026-01-05T20:33:55.992740,0.2,56.5,71.1,
2026-01-05T20:33:59.687936,12.7,56.6,71.1,
2026-01-05T20:34:01.200711,0.8,56.6,71.1,
2026-01-05T20:34:04.861802,11.5,57.5,71.1,
2026-01-05T20:34:06.373044,1.9,57.2,71.1,
2026-01-05T20:34:10.071606,13.2,57.2,71.1,
2026-01-05T20:34:11.576950,0.2,57.2,71.1,
2026-01-05T20:34:15.333420,12.4,57.2,71.1,
2026-01-05T20:34:16.838672,0.2,57.3,71.1,
2026-01-05T20:34:20.523953,9.9,57.2,71.1,
2026-01-05T20:34:22.034161,0.8,57.2,71.1,
2026-01-05T20:34:25.731379,13.6,57.1,71.1,
2026-01-05T20:34:27.238055,1.6,57.1,71.1,
2026-01-05T20:34:30.955365,10.6,56.8,71.1,
2026-01-05T20:34:32.471390,0.4,56.8,71.1,
2026-01-05T20:34:36.157050,11.5,56.9,71.1,
2026-01-05T20:34:37.665143,0.6,57.0,71.1,
2026-01-05T20:34:41.355345,11.5,56.9,71.1,
2026-01-05T20:34:42.874861,0.4,56.9,71.1,
2026-01-05T20:34:46.611094,17.3,56.8,71.1,
2026-01-05T20:34:48.118423,1.2,57.0,71.1,
2026-01-05T20:34:51.817865,11.6,57.0,71.1,
2026-01-05T20:34:53.329208,0.6,56.6,71.1,
2026-01-05T20:34:57.070444,14.3,56.6,71.1,
2026-01-05T20:34:58.580883,2.3,54.6,71.0,
2026-01-05T20:35:02.295941,11.8,53.9,71.0,
2026-01-05T20:35:03.812607,0.4,53.9,71.0,
2026-01-05T20:35:07.486022,12.0,53.9,71.0,
2026-01-05T20:35:08.999108,1.4,53.9,71.0,
2026-01-05T20:35:12.692762,13.3,53.9,71.0,
2026-01-05T20:35:14.210360,0.0,53.9,71.0,
2026-01-05T20:35:17.916684,9.0,54.5,71.0,
2026-01-05T20:35:19.432243,0.2,54.4,71.0,
2026-01-05T20:35:23.139385,11.1,54.6,71.0,
2026-01-05T20:35:24.645883,1.6,54.5,71.0,
2026-01-05T20:35:28.356488,11.8,54.5,71.0,
2026-01-05T20:35:29.874598,0.6,54.5,71.0,
2026-01-05T20:35:33.550512,13.0,54.7,71.0,
2026-01-05T20:35:35.060927,5.7,55.1,71.0,
2026-01-05T20:35:38.773324,13.7,55.3,71.0,
2026-01-05T20:35:40.295878,3.5,55.5,71.0,
2026-01-05T20:35:44.016359,13.1,55.8,71.0,
2026-01-05T20:35:45.528293,1.5,55.8,71.0,
2026-01-05T20:35:49.283019,12.5,55.7,71.0,
2026-01-05T20:35:50.795872,0.4,55.6,71.0,
2026-01-05T20:35:54.510236,11.9,55.7,71.0,
2026-01-05T20:35:56.023075,3.9,55.7,71.0,
2026-01-05T20:35:59.726308,12.6,54.4,71.0,
2026-01-05T20:36:01.232135,1.0,54.5,71.0,
2026-01-05T20:36:04.933437,12.4,54.5,71.0,
2026-01-05T20:36:06.443381,1.2,54.5,71.0,
2026-01-05T20:36:10.173658,12.9,54.6,71.0,
2026-01-05T20:36:11.684157,0.6,54.6,71.0,
2026-01-05T20:36:15.389517,10.6,54.7,71.0,
2026-01-05T20:36:16.896674,0.0,54.7,71.0,
2026-01-05T20:36:20.602808,14.4,54.6,71.0,
2026-01-05T20:36:22.116560,0.4,54.6,71.0,
2026-01-05T20:36:25.796342,13.6,54.8,71.0,
2026-01-05T20:36:27.302167,0.4,54.8,71.0,
2026-01-05T20:36:31.033322,13.7,54.8,71.0,
2026-01-05T20:36:32.542196,0.0,54.8,71.0,
2026-01-05T20:36:36.280423,11.4,56.1,71.0,
2026-01-05T20:36:37.799640,0.8,56.1,71.0,
2026-01-05T20:36:41.481705,11.2,56.1,71.0,
2026-01-05T20:36:42.988665,0.6,56.2,71.0,
2026-01-05T20:36:46.717083,15.0,56.5,71.0,
2026-01-05T20:36:48.230363,0.6,56.6,71.0,
2026-01-05T20:36:51.933715,13.0,56.8,71.1,
2026-01-05T20:36:53.452245,0.4,56.8,71.1,
2026-01-05T20:36:57.168929,16.9,57.3,71.1,
2026-01-05T20:36:58.681770,1.0,54.3,71.1,
2026-01-05T20:37:02.369007,12.6,54.5,71.1,
2026-01-05T20:37:03.880229,0.2,54.4,71.1,
2026-01-05T20:37:07.582795,14.7,54.4,71.1,
2026-01-05T20:37:09.090901,0.8,54.4,71.1,
2026-01-05T20:37:12.790170,11.3,54.5,71.1,
2026-01-05T20:37:14.309589,0.4,54.4,71.1,
2026-01-05T20:37:18.010610,12.3,54.5,71.1,
2026-01-05T20:37:19.517149,1.0,54.4,71.1,
2026-01-05T20:37:23.203244,11.1,54.4,71.1,
2026-01-05T20:37:24.710557,0.8,54.3,71.1,
2026-01-05T20:37:28.481278,11.5,54.4,71.1,
2026-01-05T20:37:29.988099,2.0,54.3,71.1,
2026-01-05T20:37:33.679554,16.5,53.4,71.1,
2026-01-05T20:37:35.190042,0.8,53.4,71.1,
2026-01-05T20:37:38.897028,13.3,53.4,71.1,
2026-01-05T20:37:40.406037,0.2,53.4,71.1,
2026-01-05T20:37:44.124926,11.4,53.5,71.1,
2026-01-05T20:37:45.644140,7.3,53.5,71.1,
2026-01-05T20:37:49.323271,13.6,53.5,71.1,
2026-01-05T20:37:50.831002,1.0,53.5,71.1,
2026-01-05T20:37:54.540809,11.4,53.5,71.1,
2026-01-05T20:37:56.046913,0.0,53.6,71.1,
2026-01-05T20:37:59.716391,13.8,53.6,71.1,
2026-01-05T20:38:01.233696,0.4,53.6,71.1,
2026-01-05T20:38:04.938244,13.7,53.5,71.1,
2026-01-05T20:38:06.452160,0.8,53.5,71.1,
2026-01-05T20:38:10.135863,9.7,53.5,71.1,
2026-01-05T20:38:11.644050,3.5,53.2,71.1,
2026-01-05T20:38:15.359925,12.8,53.0,71.1,
2026-01-05T20:38:16.871692,3.1,53.1,71.1,
2026-01-05T20:38:20.552882,12.5,52.9,71.1,
2026-01-05T20:38:22.072745,0.2,53.0,71.1,
2026-01-05T20:38:25.732464,11.1,53.0,71.1,
2026-01-05T20:38:27.248444,0.2,52.9,71.1,
2026-01-05T20:38:30.923648,14.7,52.9,71.1,
2026-01-05T20:38:32.429482,0.2,52.9,71.1,
2026-01-05T20:38:36.124344,11.4,52.9,71.1,
2026-01-05T20:38:37.631973,0.0,52.9,71.1,
2026-01-05T20:38:41.306088,16.9,52.8,71.1,
2026-01-05T20:38:42.825986,0.4,52.8,71.1,
2026-01-05T20:38:46.519550,14.1,52.9,71.1,
2026-01-05T20:38:48.036868,0.2,52.9,71.1,
2026-01-05T20:38:51.752475,12.4,52.9,71.1,
2026-01-05T20:38:53.271403,0.4,52.9,71.1,
2026-01-05T20:38:56.944226,13.9,52.9,71.1,
2026-01-05T20:38:58.450922,0.0,52.8,71.1,
2026-01-05T20:39:02.132171,13.4,52.8,71.1,
2026-01-05T20:39:03.640674,0.0,52.8,71.1,
2026-01-05T20:39:07.333508,13.0,52.8,71.1,
2026-01-05T20:39:08.850957,0.4,52.7,71.1,
2026-01-05T20:39:12.509929,13.7,52.7,71.1,
2026-01-05T20:39:14.030516,0.0,52.8,71.1,
2026-01-05T20:39:17.716916,13.8,52.8,71.1,
2026-01-05T20:39:19.234996,0.0,52.8,71.1,
2026-01-05T20:39:22.940686,11.5,52.8,71.1,
2026-01-05T20:39:24.461645,0.4,52.8,71.1,
2026-01-05T20:39:28.117037,10.5,52.8,71.1,
2026-01-05T20:39:29.636081,1.8,52.8,71.1,
2026-01-05T20:39:33.325225,12.5,52.8,71.1,
2026-01-05T20:39:34.844412,0.4,52.8,71.1,
2026-01-05T20:39:38.508452,10.2,52.8,71.1,
2026-01-05T20:39:40.029516,0.0,52.8,71.1,
2026-01-05T20:39:43.707185,12.9,52.8,71.1,
2026-01-05T20:39:45.217869,0.2,52.8,71.1,
2026-01-05T20:39:48.896050,13.3,52.8,71.1,
2026-01-05T20:39:50.404245,0.2,52.8,71.1,
2026-01-05T20:39:54.111587,11.2,53.2,71.1,
2026-01-05T20:39:55.624960,1.4,53.2,71.1,
2026-01-05T20:39:59.338600,10.9,53.0,71.1,
2026-01-05T20:40:00.855155,0.4,53.0,71.1,
2026-01-05T20:40:04.581365,11.5,53.2,71.1,
2026-01-05T20:40:06.089064,0.2,53.3,71.1,
2026-01-05T20:40:09.784641,10.1,53.2,71.1,
2026-01-05T20:40:11.295571,0.0,53.2,71.1,
2026-01-05T20:40:14.961427,10.6,53.2,71.1,
2026-01-05T20:40:16.481247,0.6,53.1,71.1,
2026-01-05T20:40:20.155896,12.4,53.3,71.1,
2026-01-05T20:40:21.668009,0.6,53.3,71.1,
2026-01-05T20:40:25.344323,9.9,53.3,71.1,
2026-01-05T20:40:26.855957,0.2,53.3,71.1,
2026-01-05T20:40:30.533941,13.6,53.3,71.1,
2026-01-05T20:40:32.043501,0.0,53.3,71.1,
2026-01-05T20:40:35.731902,8.0,53.0,71.1,
2026-01-05T20:40:37.250290,0.2,52.9,71.1,
2026-01-05T20:40:40.934542,13.3,53.2,71.1,
2026-01-05T20:40:42.445961,1.2,53.2,71.1,
2026-01-05T20:40:46.168167,11.7,53.2,71.1,
2026-01-05T20:40:47.687417,0.8,53.4,71.1,
2026-01-05T20:40:51.375916,10.2,53.3,71.1,
2026-01-05T20:40:52.888908,0.8,53.3,71.1,
2026-01-05T20:40:56.563722,13.0,53.4,71.1,
2026-01-05T20:40:58.070103,0.0,53.4,71.1,
2026-01-05T20:41:01.778187,12.1,53.3,71.1,
2026-01-05T20:41:03.289005,0.6,53.3,71.1,
2026-01-05T20:41:06.988734,12.1,53.5,71.1,
2026-01-05T20:41:08.496837,0.8,53.5,71.1,
2026-01-05T20:41:12.182906,12.7,53.8,71.1,
2026-01-05T20:41:13.697782,0.4,53.8,71.1,
2026-01-05T20:41:17.414255,13.3,54.1,71.1,
2026-01-05T20:41:18.921708,2.1,54.1,71.1,
2026-01-05T20:41:22.668047,9.9,54.0,71.1,
2026-01-05T20:41:24.179688,0.6,53.9,71.1,
2026-01-05T20:41:27.863558,10.5,54.0,71.1,
2026-01-05T20:41:29.382531,1.2,54.0,71.1,
2026-01-05T20:41:33.046688,9.6,54.0,71.1,
2026-01-05T20:41:34.562809,1.0,54.0,71.1,
2026-01-05T20:41:38.262443,14.1,53.6,71.1,
2026-01-05T20:41:39.771374,0.4,53.6,71.1,
2026-01-05T20:41:43.483084,10.9,53.4,71.1,
2026-01-05T20:41:44.992600,0.0,53.4,71.1,
2026-01-05T20:41:48.669496,8.9,53.4,71.1,
2026-01-05T20:41:50.186342,1.2,53.5,71.1,
2026-01-05T20:41:53.867067,14.9,53.5,71.1,
2026-01-05T20:41:55.384784,0.0,53.5,71.1,
2026-01-05T20:41:59.048817,15.1,53.6,71.1,
2026-01-05T20:42:00.560303,0.2,53.7,71.1,
2026-01-05T20:42:04.250605,12.5,53.7,71.1,
2026-01-05T20:42:05.762831,0.4,53.7,71.1,
2026-01-05T20:42:09.497825,12.5,53.8,71.1,
2026-01-05T20:42:11.017976,4.9,53.9,71.1,
2026-01-05T20:42:14.727552,18.3,54.1,71.1,
2026-01-05T20:42:16.246173,6.1,54.0,71.1,
2026-01-05T20:42:19.924067,14.4,54.2,71.1,
2026-01-05T20:42:21.438479,7.6,54.3,71.1,
2026-01-05T20:42:25.159021,13.8,54.2,71.1,
2026-01-05T20:42:26.670189,0.8,54.2,71.1,
2026-01-05T20:42:30.374833,11.6,54.2,71.1,
2026-01-05T20:42:31.893028,3.3,54.4,71.1,
2026-01-05T20:42:35.548518,10.4,54.4,71.1,
2026-01-05T20:42:37.059321,0.0,54.3,71.1,
2026-01-05T20:42:40.803816,13.9,54.1,71.1,
2026-01-05T20:42:42.320712,0.8,54.1,71.1,
2026-01-05T20:42:46.072763,11.4,54.6,71.1,
2026-01-05T20:42:47.583206,1.2,54.7,71.1,
2026-01-05T20:42:51.288150,10.6,54.8,71.1,
2026-01-05T20:42:52.804635,2.8,54.7,71.1,
2026-01-05T20:42:56.491556,13.2,54.8,71.1,
2026-01-05T20:42:58.001397,3.3,54.6,71.1,
2026-01-05T20:43:01.728540,11.2,54.9,71.1,
2026-01-05T20:43:03.237580,0.4,54.9,71.1,
2026-01-05T20:43:06.922849,10.2,54.8,71.1,
2026-01-05T20:43:08.437674,0.4,54.8,71.1,
2026-01-05T20:43:12.155600,19.0,54.9,71.1,
2026-01-05T20:43:13.669148,0.2,55.0,71.1,
2026-01-05T20:43:17.338743,9.0,54.7,71.1,
2026-01-05T20:43:18.857621,0.8,54.7,71.1,
2026-01-05T20:43:22.528507,17.6,54.8,71.1,
2026-01-05T20:43:24.048525,2.5,54.8,71.1,
2026-01-05T20:43:27.721434,10.8,54.9,71.1,
2026-01-05T20:43:29.242096,1.2,54.9,71.1,
2026-01-05T20:43:32.954671,13.7,54.8,71.1,
2026-01-05T20:43:34.471316,1.2,54.8,71.1,
2026-01-05T20:43:38.126615,12.7,54.9,71.1,
2026-01-05T20:43:39.646490,0.2,54.9,71.1,
2026-01-05T20:43:43.309600,11.7,54.5,71.1,
2026-01-05T20:43:44.827622,0.2,54.4,71.1,
2026-01-05T20:43:48.513656,11.6,54.4,71.1,
2026-01-05T20:43:50.023603,0.0,54.4,71.1,
2026-01-05T20:43:53.726501,14.0,54.4,71.1,
2026-01-05T20:43:55.239281,2.6,54.3,71.1,
2026-01-05T20:43:58.935007,12.5,54.5,71.1,
2026-01-05T20:44:00.441602,2.6,54.5,71.1,
2026-01-05T20:44:04.144151,13.1,54.5,71.1,
2026-01-05T20:44:05.653760,2.2,54.4,71.1,
2026-01-05T20:44:09.338553,12.7,54.4,71.1,
2026-01-05T20:44:10.844589,2.0,54.4,71.1,
2026-01-05T20:44:14.517185,14.3,54.4,71.1,
2026-01-05T20:44:16.032206,0.2,54.4,71.1,
2026-01-05T20:44:19.722552,11.8,54.5,71.1,
2026-01-05T20:44:21.237797,0.8,54.5,71.1,
2026-01-05T20:44:24.937657,18.0,54.5,71.1,
2026-01-05T20:44:26.450066,0.4,54.5,71.1,
2026-01-05T20:44:30.137916,14.3,54.5,71.1,
2026-01-05T20:44:31.652383,1.4,54.6,71.1,
2026-01-05T20:44:35.376569,10.5,54.4,71.1,
2026-01-05T20:44:36.895245,0.6,54.4,71.1,
2026-01-05T20:44:40.578585,13.6,54.5,71.1,
2026-01-05T20:44:42.087815,1.4,54.6,71.1,
2026-01-05T20:44:45.795637,10.2,54.6,71.1,
2026-01-05T20:44:47.306138,0.4,54.6,71.1,
2026-01-05T20:44:50.971821,13.0,54.5,71.1,
2026-01-05T20:44:52.478857,0.8,54.6,71.1,
2026-01-05T20:44:56.143533,11.1,54.6,71.1,
2026-01-05T20:44:57.651588,0.4,54.7,71.1,
2026-01-05T20:45:01.326125,10.3,54.6,71.1,
2026-01-05T20:45:02.843923,3.0,54.7,71.1,
2026-01-05T20:45:06.570355,12.9,54.5,71.0,
2026-01-05T20:45:08.079157,1.2,54.7,71.0,
2026-01-05T20:45:11.801603,11.2,55.1,71.0,
2026-01-05T20:45:13.306709,0.4,55.1,71.0,
2026-01-05T20:45:16.984865,12.9,55.0,71.0,
2026-01-05T20:45:18.492898,0.6,54.9,71.0,
2026-01-05T20:45:22.226826,9.3,55.2,71.1,
2026-01-05T20:45:23.738202,0.8,55.4,71.1,
2026-01-05T20:45:27.447553,10.9,55.4,71.1,
2026-01-05T20:45:28.956088,1.6,55.4,71.1,
2026-01-05T20:45:32.662452,10.5,55.6,71.1,
2026-01-05T20:45:34.177116,0.6,55.6,71.1,
2026-01-05T20:45:37.874044,11.3,55.5,71.1,
2026-01-05T20:45:39.388881,6.2,55.7,71.1,
2026-01-05T20:45:43.096405,12.6,55.6,71.1,
2026-01-05T20:45:44.616908,2.5,55.7,71.1,
2026-01-05T20:45:48.297165,9.9,56.0,71.1,
2026-01-05T20:45:49.814790,1.4,56.1,71.1,
2026-01-05T20:45:53.540027,11.5,55.7,71.1,
2026-01-05T20:45:55.052309,1.2,55.8,71.1,
2026-01-05T20:45:58.734096,11.2,56.2,71.1,
2026-01-05T20:46:00.252468,4.7,56.1,71.1,
2026-01-05T20:46:03.947411,12.4,56.5,71.1,
2026-01-05T20:46:05.456202,6.8,56.5,71.1,
2026-01-05T20:46:09.196608,10.9,56.8,71.1,
2026-01-05T20:46:10.704626,1.0,56.8,71.1,
2026-01-05T20:46:14.428059,12.1,56.6,71.1,
2026-01-05T20:46:15.939570,5.1,56.2,71.1,
2026-01-05T20:46:19.630033,11.2,56.2,71.1,
2026-01-05T20:46:21.149985,0.6,56.3,71.1,
2026-01-05T20:46:24.794632,11.1,56.3,71.1,
2026-01-05T20:46:26.315136,0.4,56.4,71.1,
2026-01-05T20:46:29.974693,12.7,56.2,71.1,
2026-01-05T20:46:31.488899,5.8,56.0,71.1,
2026-01-05T20:46:35.179924,13.1,56.1,71.1,
2026-01-05T20:46:36.690160,1.0,56.1,71.1,
2026-01-05T20:46:40.423958,11.4,56.0,71.1,
2026-01-05T20:46:41.931855,2.3,56.0,71.1,
2026-01-05T20:46:45.636626,10.0,56.1,71.1,
2026-01-05T20:46:47.153612,0.6,56.0,71.1,
2026-01-05T20:46:50.846397,11.5,56.0,71.1,
2026-01-05T20:46:52.365969,2.2,55.9,71.1,
2026-01-05T20:46:56.055292,11.5,55.9,71.1,
2026-01-05T20:46:57.564307,1.0,55.9,71.1,
2026-01-05T20:47:01.230681,11.9,56.1,71.1,
2026-01-05T20:47:02.750443,2.1,56.2,71.1,
2026-01-05T20:47:06.456329,13.2,56.1,71.1,
2026-01-05T20:47:07.969232,0.4,56.0,71.1,
2026-01-05T20:47:11.655967,9.5,55.9,71.1,
2026-01-05T20:47:13.168794,0.0,56.0,71.1,
2026-01-05T20:47:16.889196,10.6,55.1,71.1,
2026-01-05T20:47:18.407046,0.2,55.1,71.1,
2026-01-05T20:47:22.126823,12.4,55.2,71.1,
2026-01-05T20:47:23.638555,1.2,55.1,71.1,
2026-01-05T20:47:27.391641,10.1,55.4,71.1,
2026-01-05T20:47:28.901367,1.0,55.3,71.1,
2026-01-05T20:47:32.580666,13.8,55.0,71.1,
2026-01-05T20:47:34.092471,0.8,54.9,71.1,
2026-01-05T20:47:37.810385,13.2,54.8,71.1,
2026-01-05T20:47:39.317814,0.0,54.8,71.1,
2026-01-05T20:47:43.000363,11.5,55.0,71.1,
2026-01-05T20:47:44.529239,2.3,55.1,71.1,
2026-01-05T20:47:48.200495,14.4,55.2,71.1,
2026-01-05T20:47:49.718203,0.2,55.2,71.1,
2026-01-05T20:47:53.394912,10.6,55.0,71.1,
2026-01-05T20:47:54.913634,0.2,55.0,71.1,
2026-01-05T20:47:58.579385,8.9,55.1,71.1,
2026-01-05T20:48:00.088433,0.8,55.0,71.1,
2026-01-05T20:48:03.798562,12.9,55.0,71.1,
2026-01-05T20:48:05.314651,0.8,54.9,71.1,
2026-01-05T20:48:09.028051,12.2,54.9,71.1,
2026-01-05T20:48:10.537989,0.6,55.0,71.1,
2026-01-05T20:48:14.258576,8.9,54.9,71.1,
2026-01-05T20:48:15.777827,1.4,55.0,71.1,
2026-01-05T20:48:19.467726,11.7,55.0,71.1,
2026-01-05T20:48:20.982416,1.8,55.0,71.1,
2026-01-05T20:48:24.649293,11.4,55.0,71.1,
2026-01-05T20:48:26.164661,0.8,55.0,71.1,
2026-01-05T20:48:29.851865,10.2,55.2,71.1,
2026-01-05T20:48:31.371828,0.4,55.2,71.1,
2026-01-05T20:48:35.052485,9.8,55.1,71.1,
2026-01-05T20:48:36.560556,0.4,55.1,71.1,
2026-01-05T20:48:40.265765,8.8,54.9,71.1,
2026-01-05T20:48:41.772047,0.2,55.0,71.1,
2026-01-05T20:48:45.499877,11.5,55.0,71.1,
2026-01-05T20:48:47.015504,1.0,55.0,71.1,
2026-01-05T20:48:50.686907,12.7,54.4,71.1,
2026-01-05T20:48:52.195476,0.4,54.4,71.1,
2026-01-05T20:48:55.893961,11.8,54.3,71.1,
2026-01-05T20:48:57.403173,0.4,54.3,71.1,
2026-01-05T20:49:01.115487,10.5,54.2,71.1,
2026-01-05T20:49:02.625088,0.2,54.2,71.1,
2026-01-05T20:49:06.312235,12.0,54.2,71.1,
2026-01-05T20:49:07.822328,0.0,54.1,71.1,
2026-01-05T20:49:11.509054,8.5,54.1,71.1,
2026-01-05T20:49:13.019667,1.6,54.1,71.1,
2026-01-05T20:49:16.732408,11.4,54.1,71.1,
2026-01-05T20:49:18.249196,0.8,54.0,71.1,
2026-01-05T20:49:21.961231,15.1,53.9,71.0,
2026-01-05T20:49:23.469740,1.0,53.9,71.0,
2026-01-05T20:49:27.136854,11.0,53.9,71.1,
2026-01-05T20:49:28.652642,0.2,53.8,71.1,
2026-01-05T20:49:32.363124,11.3,53.8,71.1,
2026-01-05T20:49:33.879187,0.6,53.8,71.1,
2026-01-05T20:49:37.565382,11.5,53.8,71.1,
2026-01-05T20:49:39.079939,4.1,53.9,71.1,
2026-01-05T20:49:42.773630,11.2,53.8,71.1,
2026-01-05T20:49:44.290266,2.1,53.8,71.1,
2026-01-05T20:49:47.985886,13.9,53.9,71.1,
2026-01-05T20:49:49.495579,3.3,53.8,71.1,
2026-01-05T20:49:53.187725,10.7,53.9,71.1,
2026-01-05T20:49:54.705358,0.0,53.9,71.1,
2026-01-05T20:49:58.380331,15.3,53.9,71.1,
2026-01-05T20:49:59.900907,0.2,53.9,71.1,
2026-01-05T20:50:03.570689,11.4,53.9,71.1,
2026-01-05T20:50:05.088713,0.0,53.9,71.1,
2026-01-05T20:50:08.779583,11.5,54.0,71.1,
2026-01-05T20:50:10.288059,0.0,53.9,71.1,
2026-01-05T20:50:13.983291,12.7,54.0,71.1,
2026-01-05T20:50:15.503479,0.8,54.0,71.1,
2026-01-05T20:50:19.191171,14.0,54.0,71.1,
2026-01-05T20:50:20.699736,0.4,53.9,71.1,
2026-01-05T20:50:24.375779,13.3,53.9,71.1,
2026-01-05T20:50:25.891439,2.4,53.9,71.1,
2026-01-05T20:50:29.572633,12.6,53.9,71.1,
2026-01-05T20:50:31.083213,0.4,53.9,71.1,
2026-01-05T20:50:34.829793,12.1,54.5,71.1,
2026-01-05T20:50:36.340111,0.4,54.3,71.1,
2026-01-05T20:50:40.048304,14.8,54.3,71.1,
2026-01-05T20:50:41.564520,0.6,54.3,71.1,
2026-01-05T20:50:45.275468,13.4,55.2,71.1,
2026-01-05T20:50:46.783989,0.4,55.2,71.1,
2026-01-05T20:50:50.488616,14.5,55.2,71.1,
2026-01-05T20:50:52.006665,0.2,55.2,71.1,
2026-01-05T20:50:55.678134,11.4,55.4,71.1,
2026-01-05T20:50:57.184055,1.0,55.4,71.1,
2026-01-05T20:51:00.924099,14.4,55.7,71.1,
2026-01-05T20:51:02.439809,0.0,55.7,71.1,
2026-01-05T20:51:06.127144,12.8,55.5,71.1,
2026-01-05T20:51:07.641635,0.2,55.6,71.1,
2026-01-05T20:51:11.324457,13.5,55.5,71.1,
2026-01-05T20:51:12.839222,1.0,55.3,71.1,
2026-01-05T20:51:16.533002,13.1,55.5,71.1,
2026-01-05T20:51:18.053959,0.0,55.4,71.1,
2026-01-05T20:51:21.732626,12.2,55.4,71.1,
2026-01-05T20:51:23.239066,0.2,55.3,71.1,
2026-01-05T20:51:26.987472,12.8,55.4,71.1,
2026-01-05T20:51:28.507028,0.2,55.4,71.1,
2026-01-05T20:51:32.204533,14.1,55.5,71.1,
2026-01-05T20:51:33.714219,0.8,55.5,71.1,
2026-01-05T20:51:37.435363,9.1,55.5,71.1,
2026-01-05T20:51:38.948900,2.7,55.3,71.1,
2026-01-05T20:51:42.600832,9.8,55.4,71.1,
2026-01-05T20:51:44.117205,0.2,55.3,71.1,
2026-01-05T20:51:47.767130,14.0,55.4,71.1,
2026-01-05T20:51:49.284531,0.6,55.4,71.1,
2026-01-05T20:51:52.977884,15.0,55.3,71.1,
2026-01-05T20:51:54.483930,0.2,55.3,71.1,
2026-01-05T20:51:58.168175,13.8,55.3,71.1,
2026-01-05T20:51:59.674811,0.6,55.3,71.1,
2026-01-05T20:52:03.365848,13.1,55.3,71.1,
2026-01-05T20:52:04.879963,0.4,55.3,71.1,
2026-01-05T20:52:08.593578,12.8,55.3,71.1,
2026-01-05T20:52:10.102672,2.7,55.3,71.1,
2026-01-05T20:52:13.791755,10.6,55.3,71.1,
2026-01-05T20:52:15.305931,3.0,55.3,71.1,
2026-01-05T20:52:18.969311,12.2,55.3,71.1,
2026-01-05T20:52:20.488935,2.5,55.3,71.1,
2026-01-05T20:52:24.165432,9.9,55.2,71.1,
2026-01-05T20:52:25.678777,0.8,55.2,71.1,
2026-01-05T20:52:29.384844,12.8,55.2,71.1,
2026-01-05T20:52:30.892707,1.4,55.2,71.1,
2026-01-05T20:52:34.573777,10.8,55.3,71.1,
2026-01-05T20:52:36.084843,2.0,55.2,71.1,
2026-01-05T20:52:39.786276,8.4,54.4,71.1,
2026-01-05T20:52:41.292629,0.2,54.4,71.1,
2026-01-05T20:52:45.000390,11.7,54.4,71.1,
2026-01-05T20:52:46.509042,2.5,54.4,71.1,
2026-01-05T20:52:50.208498,11.6,54.5,71.1,
2026-01-05T20:52:51.715745,0.2,54.5,71.1,
2026-01-05T20:52:55.392836,13.5,53.7,71.1,
2026-01-05T20:52:56.913206,0.8,53.7,71.1,
2026-01-05T20:53:00.550235,13.0,53.7,71.1,
2026-01-05T20:53:02.063085,0.4,53.7,71.1,
2026-01-05T20:53:05.733337,10.6,53.7,71.1,
2026-01-05T20:53:07.252715,1.0,53.7,71.1,
2026-01-05T20:53:10.931147,12.2,53.7,71.1,
2026-01-05T20:53:12.441523,0.8,53.6,71.1,
2026-01-05T20:53:16.155723,14.7,53.6,71.1,
2026-01-05T20:53:17.672506,1.6,53.6,71.1,
2026-01-05T20:53:21.362037,11.9,53.6,71.1,
2026-01-05T20:53:22.882586,1.4,53.7,71.1,
2026-01-05T20:53:26.587741,12.0,53.6,71.1,
2026-01-05T20:53:28.093552,1.2,53.6,71.1,
2026-01-05T20:53:31.760202,11.5,53.7,71.1,
2026-01-05T20:53:33.272535,1.0,53.7,71.1,
2026-01-05T20:53:36.986827,10.9,53.7,71.1,
2026-01-05T20:53:38.494191,0.4,53.6,71.1,
2026-01-05T20:53:42.214252,12.7,53.7,71.1,
2026-01-05T20:53:43.733225,2.5,53.7,71.1,
2026-01-05T20:53:47.443295,9.4,53.6,71.1,
2026-01-05T20:53:48.960139,1.0,53.6,71.1,
2026-01-05T20:53:52.659536,14.0,53.7,71.1,
2026-01-05T20:53:54.173949,0.4,53.8,71.1,
2026-01-05T20:53:57.861689,11.8,53.7,71.1,
2026-01-05T20:53:59.367548,0.6,53.7,71.1,
2026-01-05T20:54:03.037747,10.0,53.7,71.1,
2026-01-05T20:54:04.543703,0.8,53.7,71.1,
2026-01-05T20:54:08.222205,11.3,53.6,71.1,
2026-01-05T20:54:09.731499,0.2,53.6,71.1,
2026-01-05T20:54:13.443895,11.0,53.7,71.1,
2026-01-05T20:54:14.960342,0.4,53.6,71.1,
2026-01-05T20:54:18.652559,14.1,53.6,71.1,
2026-01-05T20:54:20.169274,0.4,53.6,71.1,
2026-01-05T20:54:23.857225,13.9,53.6,71.1,
2026-01-05T20:54:25.370572,0.2,53.6,71.1,
2026-01-05T20:54:29.047228,9.6,53.6,71.1,
2026-01-05T20:54:30.568028,0.0,53.6,71.1,
2026-01-05T20:54:34.238493,10.7,53.6,71.1,
2026-01-05T20:54:35.754891,0.6,53.6,71.1,
2026-01-05T20:54:39.423819,14.0,53.6,71.1,
2026-01-05T20:54:40.940173,0.0,53.6,71.1,
2026-01-05T20:54:44.627851,11.8,53.6,71.1,
2026-01-05T20:54:46.134346,0.0,53.6,71.1,
2026-01-05T20:54:49.841155,11.7,53.6,71.1,
2026-01-05T20:54:51.355383,0.2,53.6,71.1,
2026-01-05T20:54:55.024760,9.8,53.7,71.1,
2026-01-05T20:54:56.542478,0.4,53.7,71.1,
2026-01-05T20:55:00.249215,10.3,53.6,71.1,
2026-01-05T20:55:01.762749,0.4,53.6,71.1,
2026-01-05T20:55:05.459808,11.1,53.7,71.1,
2026-01-05T20:55:06.972846,0.8,53.7,71.1,
2026-01-05T20:55:10.666945,12.4,53.7,71.1,
2026-01-05T20:55:12.184187,2.0,53.7,71.1,
2026-01-05T20:55:15.870434,10.7,54.1,71.1,
2026-01-05T20:55:17.378324,3.9,54.5,71.1,
2026-01-05T20:55:21.086123,12.4,54.9,71.1,
2026-01-05T20:55:22.592388,1.2,55.0,71.1,
2026-01-05T20:55:26.329417,12.6,55.0,71.1,
2026-01-05T20:55:27.837265,2.5,54.9,71.1,
2026-01-05T20:55:31.522327,9.9,55.2,71.1,
2026-01-05T20:55:33.038236,0.2,55.2,71.1,
2026-01-05T20:55:36.778501,11.0,55.3,71.1,
2026-01-05T20:55:38.285621,0.4,55.4,71.1,
2026-01-05T20:55:42.011162,10.1,55.4,71.1,
2026-01-05T20:55:43.522582,0.6,55.3,71.1,
2026-01-05T20:55:47.215533,12.4,55.3,71.1,
2026-01-05T20:55:48.721248,0.6,55.3,71.1,
2026-01-05T20:55:52.432627,11.7,55.4,71.1,
2026-01-05T20:55:53.950674,1.4,55.3,71.1,
2026-01-05T20:55:57.640445,13.6,55.4,71.1,
2026-01-05T20:55:59.150234,0.0,55.4,71.1,
2026-01-05T20:56:02.841639,12.7,55.4,71.1,
2026-01-05T20:56:04.357999,0.4,55.4,71.1,
2026-01-05T20:56:08.067895,12.4,55.4,71.1,
2026-01-05T20:56:09.589349,0.4,55.4,71.1,
2026-01-05T20:56:13.300031,12.0,55.5,71.1,
2026-01-05T20:56:14.811951,0.4,55.5,71.1,
2026-01-05T20:56:18.489865,12.7,55.5,71.1,
2026-01-05T20:56:20.000737,0.6,55.4,71.1,
2026-01-05T20:56:23.711034,13.0,55.4,71.1,
2026-01-05T20:56:25.228341,0.4,55.3,71.1,
2026-01-05T20:56:28.909616,11.5,55.3,71.1,
2026-01-05T20:56:30.431496,0.0,55.3,71.1,
2026-01-05T20:56:34.131758,13.2,55.4,71.1,
2026-01-05T20:56:35.644003,0.2,55.4,71.1,
2026-01-05T20:56:39.345896,14.7,55.3,71.1,
2026-01-05T20:56:40.858806,0.8,55.3,71.1,
2026-01-05T20:56:44.541657,12.2,55.2,71.1,
2026-01-05T20:56:46.059120,0.4,55.2,71.1,
2026-01-05T20:56:49.731916,13.0,55.1,71.1,
2026-01-05T20:56:51.242704,1.0,55.2,71.1,
2026-01-05T20:56:54.944364,10.8,55.2,71.1,
2026-01-05T20:56:56.464788,0.6,55.2,71.1,
2026-01-05T20:57:00.164090,13.0,55.2,71.1,
2026-01-05T20:57:01.683953,0.4,55.2,71.1,
2026-01-05T20:57:05.396918,14.2,55.2,71.1,
2026-01-05T20:57:06.905357,0.8,55.2,71.1,
2026-01-05T20:57:10.577775,13.6,55.2,71.1,
2026-01-05T20:57:12.084163,0.0,55.2,71.1,
2026-01-05T20:57:15.769238,12.2,55.2,71.1,
2026-01-05T20:57:17.277767,0.0,55.1,71.1,
2026-01-05T20:57:21.025785,13.2,55.4,71.1,
2026-01-05T20:57:22.542699,1.9,55.5,71.1,
2026-01-05T20:57:26.261123,9.7,55.5,71.1,
2026-01-05T20:57:27.775262,0.6,55.5,71.1,
2026-01-05T20:57:31.484722,9.2,55.5,71.1,
2026-01-05T20:57:32.992666,0.0,55.5,71.1,
2026-01-05T20:57:36.692705,14.1,55.5,71.1,
2026-01-05T20:57:38.203913,1.4,55.5,71.1,
2026-01-05T20:57:41.897906,10.9,55.5,71.1,
2026-01-05T20:57:43.407809,0.8,55.5,71.1,
2026-01-05T20:57:47.089678,11.8,55.5,71.1,
2026-01-05T20:57:48.606770,0.2,55.5,71.1,
2026-01-05T20:57:52.291612,12.1,55.5,71.1,
2026-01-05T20:57:53.811613,3.9,55.5,71.1,
2026-01-05T20:57:57.482309,11.4,55.5,71.1,
2026-01-05T20:57:59.000287,0.6,55.5,71.1,
2026-01-05T20:58:02.698685,11.5,55.5,71.1,
2026-01-05T20:58:04.211815,0.2,55.5,71.1,
2026-01-05T20:58:07.914240,13.8,55.5,71.1,
2026-01-05T20:58:09.420356,0.0,55.4,71.1,
2026-01-05T20:58:13.111742,10.2,55.5,71.1,
2026-01-05T20:58:14.625496,0.2,55.5,71.1,
2026-01-05T20:58:18.329827,13.6,55.5,71.1,
2026-01-05T20:58:19.836500,1.0,55.5,71.1,
2026-01-05T20:58:23.527112,10.6,55.5,71.1,
2026-01-05T20:58:25.046954,0.4,55.5,71.1,
2026-01-05T20:58:28.723251,11.1,55.5,71.1,
2026-01-05T20:58:30.230645,0.6,55.5,71.1,
2026-01-05T20:58:33.902626,10.8,55.5,71.1,
2026-01-05T20:58:35.411030,0.6,55.5,71.1,
2026-01-05T20:58:39.099938,11.8,55.5,71.1,
2026-01-05T20:58:40.615200,0.6,55.5,71.1,
2026-01-05T20:58:44.350224,12.8,55.0,71.1,
2026-01-05T20:58:45.864482,0.4,55.0,71.1,
2026-01-05T20:58:49.557554,10.9,55.1,71.1,
2026-01-05T20:58:51.072762,1.6,55.1,71.1,
2026-01-05T20:58:54.785212,16.0,55.1,71.1,
2026-01-05T20:58:56.292633,0.8,55.3,71.1,
2026-01-05T20:59:00.000320,14.8,55.3,71.1,
2026-01-05T20:59:01.506907,1.4,55.3,71.1,
2026-01-05T20:59:05.217625,12.5,55.4,71.1,
2026-01-05T20:59:06.726317,1.4,55.3,71.1,
2026-01-05T20:59:10.425034,12.2,55.3,71.1,
2026-01-05T20:59:11.943668,0.2,55.3,71.1,
2026-01-05T20:59:15.606497,11.4,55.0,71.1,
2026-01-05T20:59:17.125198,0.0,55.0,71.1,
2026-01-05T20:59:20.837195,11.8,54.8,71.1,
2026-01-05T20:59:22.356313,0.6,54.9,71.1,
2026-01-05T20:59:26.045070,18.3,54.9,71.1,
2026-01-05T20:59:27.559798,0.2,54.9,71.1,
2026-01-05T20:59:31.234594,12.4,54.8,71.1,
2026-01-05T20:59:32.747649,0.6,54.9,71.1,
2026-01-05T20:59:36.438739,12.8,54.8,71.1,
2026-01-05T20:59:37.948543,0.8,54.9,71.1,
2026-01-05T20:59:41.657317,13.1,54.9,71.1,
2026-01-05T20:59:43.165031,0.4,54.9,71.1,
2026-01-05T20:59:46.833305,13.2,54.8,71.1,
2026-01-05T20:59:48.352790,0.2,54.8,71.1,
2026-01-05T20:59:52.036749,11.2,54.9,71.1,
2026-01-05T20:59:53.558470,3.2,54.8,71.1,
2026-01-05T20:59:57.215163,13.6,54.8,71.1,
2026-01-05T20:59:58.735566,1.9,54.9,71.1,
2026-01-05T21:00:02.392811,12.5,54.9,71.1,
2026-01-05T21:00:03.904111,1.0,54.8,71.1,
2026-01-05T21:00:07.595538,10.8,54.8,71.1,
2026-01-05T21:00:09.106311,0.4,54.7,71.1,
2026-01-05T21:00:12.773742,12.4,54.8,71.1,
2026-01-05T21:00:14.294962,1.0,54.8,71.1,
2026-01-05T21:00:17.967023,13.5,54.7,71.1,
2026-01-05T21:00:19.478762,0.2,54.7,71.1,
2026-01-05T21:00:23.159669,12.8,54.7,71.1,
2026-01-05T21:00:24.669395,0.2,54.7,71.1,
2026-01-05T21:00:28.343311,13.7,54.7,71.1,
2026-01-05T21:00:29.858706,0.8,54.7,71.1,
2026-01-05T21:00:33.515943,11.3,54.7,71.1,
2026-01-05T21:00:35.029457,0.8,54.7,71.1,
2026-01-05T21:00:38.742957,9.9,54.7,71.1,
2026-01-05T21:00:40.261263,0.0,54.6,71.1,
2026-01-05T21:00:43.955512,10.5,54.8,71.1,
2026-01-05T21:00:45.467908,1.4,54.8,71.1,
2026-01-05T21:00:49.150252,11.8,55.0,71.1,
2026-01-05T21:00:50.662155,2.5,54.8,71.1,
2026-01-05T21:00:54.350195,11.9,54.8,71.1,
2026-01-05T21:00:55.869922,0.6,54.9,71.1,
2026-01-05T21:00:59.564449,11.9,54.8,71.1,
2026-01-05T21:01:01.077169,2.6,54.8,71.1,
2026-01-05T21:01:04.749622,13.9,55.0,71.1,
2026-01-05T21:01:06.256115,4.5,55.0,71.1,
2026-01-05T21:01:09.945959,10.5,55.0,71.1,
2026-01-05T21:01:11.456436,0.2,55.0,71.1,
2026-01-05T21:01:15.148581,13.3,55.0,71.1,
2026-01-05T21:01:16.662525,1.4,54.8,71.1,
2026-01-05T21:01:20.322609,15.5,54.8,71.1,
2026-01-05T21:01:21.838556,1.0,54.8,71.1,
2026-01-05T21:01:25.566386,10.0,54.7,71.1,
2026-01-05T21:01:27.084008,1.4,54.7,71.1,
2026-01-05T21:01:30.765112,11.7,54.8,71.1,
2026-01-05T21:01:32.279145,1.4,54.9,71.1,
2026-01-05T21:01:35.982333,10.5,54.8,71.1,
2026-01-05T21:01:37.496451,0.4,54.9,71.1,
2026-01-05T21:01:41.202464,12.7,54.8,71.1,
2026-01-05T21:01:42.722077,0.6,54.8,71.1,
2026-01-05T21:01:46.394550,13.0,54.8,71.1,
2026-01-05T21:01:47.908711,0.6,54.8,71.1,
2026-01-05T21:01:51.639828,15.1,54.7,71.1,
2026-01-05T21:01:53.151854,3.0,54.8,71.1,
2026-01-05T21:01:56.850238,13.6,55.0,71.1,
2026-01-05T21:01:58.364870,1.6,55.0,71.1,
2026-01-05T21:02:02.078890,13.0,55.1,71.1,
2026-01-05T21:02:03.591864,0.2,55.1,71.1,
2026-01-05T21:02:07.304665,12.0,55.1,71.1,
2026-01-05T21:02:08.817254,0.2,55.0,71.1,
2026-01-05T21:02:12.509135,9.3,55.1,71.1,
2026-01-05T21:02:14.027280,0.8,55.1,71.1,
2026-01-05T21:02:17.720964,11.2,55.3,71.1,
2026-01-05T21:02:19.227159,0.8,55.3,71.1,
2026-01-05T21:02:22.923139,12.8,55.2,71.1,
2026-01-05T21:02:24.432675,0.4,55.2,71.1,
2026-01-05T21:02:28.155757,11.7,55.5,71.1,
2026-01-05T21:02:29.673589,1.2,55.5,71.1,
2026-01-05T21:02:33.365587,11.3,55.4,71.1,
2026-01-05T21:02:34.875605,0.6,55.4,71.1,
2026-01-05T21:02:38.533710,12.3,55.4,71.1,
2026-01-05T21:02:40.053307,1.4,55.4,71.1,
2026-01-05T21:02:43.740396,12.7,55.4,71.1,
2026-01-05T21:02:45.258125,0.0,55.3,71.1,
2026-01-05T21:02:48.966441,15.6,55.3,71.1,
2026-01-05T21:02:50.478248,0.6,55.3,71.1,
2026-01-05T21:02:54.155552,11.1,54.6,71.1,
2026-01-05T21:02:55.675382,0.2,54.6,71.1,
2026-01-05T21:02:59.333104,15.8,54.7,71.1,
2026-01-05T21:03:00.847491,0.2,54.7,71.1,
2026-01-05T21:03:04.516275,12.5,54.7,71.1,
2026-01-05T21:03:06.028508,0.0,54.7,71.1,
2026-01-05T21:03:09.722917,10.9,54.7,71.1,
2026-01-05T21:03:11.232870,0.4,54.6,71.1,
2026-01-05T21:03:14.908533,14.2,54.6,71.1,
2026-01-05T21:03:16.427398,0.4,54.6,71.1,
2026-01-05T21:03:20.081153,12.2,54.5,71.1,
2026-01-05T21:03:21.599852,0.0,54.5,71.1,
2026-01-05T21:03:25.276380,12.6,54.6,71.1,
2026-01-05T21:03:26.794646,0.2,54.5,71.1,
2026-01-05T21:03:30.473415,10.8,54.5,71.1,
2026-01-05T21:03:31.996982,0.0,54.5,71.1,
2026-01-05T21:03:35.638648,11.9,54.5,71.1,
2026-01-05T21:03:37.158317,0.6,54.6,71.1,
2026-01-05T21:03:40.816190,13.0,54.5,71.1,
2026-01-05T21:03:42.327520,0.8,54.5,71.1,
2026-01-05T21:03:45.997997,14.6,54.5,71.1,
2026-01-05T21:03:47.512266,3.7,54.7,71.1,
2026-01-05T21:03:51.211636,12.4,54.7,71.1,
2026-01-05T21:03:52.718141,4.1,54.7,71.1,
2026-01-05T21:03:56.410871,11.7,54.7,71.1,
2026-01-05T21:03:57.925722,0.6,54.7,71.1,
2026-01-05T21:04:01.599576,11.4,54.7,71.1,
2026-01-05T21:04:03.118834,2.9,54.7,71.1,
2026-01-05T21:04:06.759109,14.2,54.7,71.1,
2026-01-05T21:04:08.266164,1.6,54.8,71.1,
2026-01-05T21:04:11.934532,13.0,54.7,71.1,
2026-01-05T21:04:13.442438,0.2,54.7,71.1,
2026-01-05T21:04:17.133042,11.6,54.7,71.1,
2026-01-05T21:04:18.643839,0.2,54.7,71.1,
2026-01-05T21:04:22.321838,19.3,54.6,71.1,
2026-01-05T21:04:23.831808,0.2,54.6,71.1,
2026-01-05T21:04:27.554075,10.2,54.6,71.1,
2026-01-05T21:04:29.065731,1.6,54.6,71.1,
2026-01-05T21:04:32.820333,11.2,54.4,71.1,
2026-01-05T21:04:34.329720,0.4,54.4,71.1,
2026-01-05T21:04:38.018327,11.2,54.4,71.1,
2026-01-05T21:04:39.536696,0.2,54.4,71.1,
2026-01-05T21:04:43.208512,12.1,54.4,71.1,
2026-01-05T21:04:44.724450,0.8,54.3,71.1,
2026-01-05T21:04:48.405885,12.5,54.3,71.1,
2026-01-05T21:04:49.922795,0.6,54.3,71.1,
2026-01-05T21:04:53.654554,12.0,54.3,71.1,
2026-01-05T21:04:55.169400,0.2,54.3,71.1,
2026-01-05T21:04:58.843473,10.6,54.5,71.1,
2026-01-05T21:05:00.356363,0.2,54.5,71.1,
2026-01-05T21:05:04.043323,13.3,54.4,71.1,
2026-01-05T21:05:05.563524,0.6,54.4,71.1,
2026-01-05T21:05:09.253527,12.7,54.4,71.1,
2026-01-05T21:05:10.761074,0.0,54.4,71.1,
2026-01-05T21:05:14.473824,11.7,54.5,71.1,
2026-01-05T21:05:15.987601,0.2,54.5,71.1,
2026-01-05T21:05:19.697364,16.1,54.4,71.1,
2026-01-05T21:05:21.215677,0.0,54.5,71.1,
2026-01-05T21:05:24.893794,12.3,54.5,71.1,
2026-01-05T21:05:26.402284,0.6,54.4,71.1,
2026-01-05T21:05:30.097515,11.6,54.5,71.1,
2026-01-05T21:05:31.604893,0.4,54.5,71.1,
2026-01-05T21:05:35.316891,13.0,54.6,71.1,
2026-01-05T21:05:36.824345,0.4,54.5,71.1,
2026-01-05T21:05:40.527520,12.0,54.5,71.1,
2026-01-05T21:05:42.043985,0.4,54.5,71.1,
2026-01-05T21:05:45.775249,10.7,54.6,71.1,
2026-01-05T21:05:47.282041,0.2,54.6,71.1,
2026-01-05T21:05:50.977989,12.4,54.5,71.1,
2026-01-05T21:05:52.486750,0.0,54.5,71.1,
2026-01-05T21:05:56.183355,12.1,54.5,71.1,
2026-01-05T21:05:57.700819,0.2,54.5,71.1,
2026-01-05T21:06:01.382409,11.9,54.5,71.1,
2026-01-05T21:06:02.901468,0.6,54.5,71.1,
2026-01-05T21:06:06.582129,14.0,54.5,71.1,
2026-01-05T21:06:08.089838,0.6,54.5,71.1,
2026-01-05T21:06:11.820756,10.9,54.6,71.1,
2026-01-05T21:06:13.328027,0.0,54.6,71.1,
2026-01-05T21:06:17.030364,14.2,54.6,71.1,
2026-01-05T21:06:18.551041,0.0,54.5,71.1,
2026-01-05T21:06:22.258559,12.8,54.5,71.1,
2026-01-05T21:06:23.775410,0.0,54.5,71.1,
2026-01-05T21:06:27.460858,12.5,54.5,71.1,
2026-01-05T21:06:28.977778,0.6,54.5,71.1,
2026-01-05T21:06:32.667691,10.1,54.5,71.1,
2026-01-05T21:06:34.177740,0.4,54.6,71.1,
2026-01-05T21:06:37.899830,9.8,54.5,71.1,
2026-01-05T21:06:39.412234,2.0,54.5,71.1,
2026-01-05T21:06:43.105571,9.7,55.0,71.1,
2026-01-05T21:06:44.622205,2.2,54.7,71.1,
2026-01-05T21:06:48.314449,11.3,54.7,71.1,
2026-01-05T21:06:49.824811,1.0,54.7,71.1,
2026-01-05T21:06:53.529744,18.0,54.6,71.1,
2026-01-05T21:06:55.042372,0.8,54.7,71.1,
2026-01-05T21:06:58.736678,11.7,54.6,71.1,
2026-01-05T21:07:00.255983,0.0,54.6,71.1,
2026-01-05T21:07:03.972249,11.9,54.6,71.1,
2026-01-05T21:07:05.485717,0.2,54.6,71.1,
2026-01-05T21:07:09.198308,13.3,54.6,71.1,
2026-01-05T21:07:10.706088,1.6,54.7,71.1,
2026-01-05T21:07:14.408260,19.0,53.8,71.1,
2026-01-05T21:07:15.920445,0.6,53.6,71.1,
2026-01-05T21:07:19.610053,11.1,53.9,71.1,
2026-01-05T21:07:21.122863,0.4,53.9,71.1,
2026-01-05T21:07:24.796442,10.7,53.8,71.1,
2026-01-05T21:07:26.320361,0.4,53.8,71.1,
2026-01-05T21:07:30.010522,12.4,53.8,71.1,
2026-01-05T21:07:31.520191,0.8,53.8,71.1,
2026-01-05T21:07:35.188187,14.8,53.3,71.1,
2026-01-05T21:07:36.698867,0.2,53.4,71.1,
2026-01-05T21:07:40.380374,12.0,53.3,71.1,
2026-01-05T21:07:41.903917,0.4,53.3,71.1,
2026-01-05T21:07:45.616889,12.3,53.2,71.1,
2026-01-05T21:07:47.138528,3.2,53.1,71.1,
2026-01-05T21:07:50.808425,11.7,53.2,71.1,
2026-01-05T21:07:52.320348,0.8,53.2,71.1,
2026-01-05T21:07:56.004358,13.6,53.2,71.1,
2026-01-05T21:07:57.518244,0.2,53.2,71.1,
2026-01-05T21:08:01.203345,12.7,53.2,71.1,
2026-01-05T21:08:02.718152,0.8,53.2,71.1,
2026-01-05T21:08:06.391028,15.0,53.2,71.1,
2026-01-05T21:08:07.924992,0.2,53.2,71.1,
2026-01-05T21:08:11.559488,12.8,53.2,71.1,
2026-01-05T21:08:13.067793,1.0,53.2,71.1,
2026-01-05T21:08:16.711777,14.5,53.2,71.1,
2026-01-05T21:08:18.222725,0.2,53.2,71.1,
2026-01-05T21:08:21.931802,15.0,53.2,71.1,
2026-01-05T21:08:23.450276,1.4,53.2,71.1,
2026-01-05T21:08:27.168177,9.9,53.1,71.1,
2026-01-05T21:08:28.682995,2.5,53.1,71.1,
2026-01-05T21:08:32.400074,12.8,53.2,71.1,
2026-01-05T21:08:33.915747,2.9,53.2,71.1,
2026-01-05T21:08:37.637640,13.2,53.2,71.1,
2026-01-05T21:08:39.148119,2.9,53.2,71.1,
2026-01-05T21:08:42.818256,12.0,53.2,71.1,
2026-01-05T21:08:44.331638,3.1,53.1,71.1,
2026-01-05T21:08:48.018669,12.3,53.0,71.1,
2026-01-05T21:08:49.530797,1.6,53.0,71.1,
2026-01-05T21:08:53.283783,11.8,53.1,71.1,
2026-01-05T21:08:54.797467,1.4,53.1,71.1,
2026-01-05T21:08:58.472307,13.1,53.1,71.1,
2026-01-05T21:08:59.979207,1.6,53.1,71.1,
2026-01-05T21:09:03.635857,14.7,53.2,71.1,
2026-01-05T21:09:05.144728,1.0,53.1,71.1,
2026-01-05T21:09:08.845434,12.4,53.1,71.1,
2026-01-05T21:09:10.353257,0.6,53.1,71.1,
2026-01-05T21:09:14.041962,14.1,53.1,71.1,
2026-01-05T21:09:15.559912,1.2,53.0,71.1,
2026-01-05T21:09:19.254820,17.4,53.1,71.1,
2026-01-05T21:09:20.777038,1.4,53.1,71.1,
2026-01-05T21:09:24.491907,15.4,53.2,71.1,
2026-01-05T21:09:26.009657,2.7,53.1,71.1,
2026-01-05T21:09:29.676846,12.4,53.2,71.1,
2026-01-05T21:09:31.191329,0.0,53.2,71.1,
2026-01-05T21:09:34.880408,13.0,53.2,71.1,
2026-01-05T21:09:36.394062,2.7,53.2,71.1,
2026-01-05T21:09:40.119029,11.9,53.1,71.1,
2026-01-05T21:09:41.625862,0.8,53.1,71.1,
2026-01-05T21:09:45.271287,16.4,53.2,71.1,
2026-01-05T21:09:46.791855,3.5,53.2,71.1,
2026-01-05T21:09:50.458222,13.3,53.2,71.1,
2026-01-05T21:09:51.969743,4.2,53.2,71.1,
2026-01-05T21:09:55.651731,15.9,53.1,71.1,
2026-01-05T21:09:57.171911,2.5,53.1,71.1,
2026-01-05T21:10:00.868409,15.0,53.1,71.1,
2026-01-05T21:10:02.390309,1.0,53.2,71.1,
2026-01-05T21:10:06.051150,14.6,53.2,71.1,
2026-01-05T21:10:07.569512,1.2,53.2,71.1,
2026-01-05T21:10:11.248589,14.6,53.2,71.1,
2026-01-05T21:10:12.767973,1.8,53.2,71.1,
2026-01-05T21:10:16.443617,11.5,53.2,71.1,
2026-01-05T21:10:17.953353,0.6,53.2,71.1,
2026-01-05T21:10:21.714195,10.3,53.2,71.1,
2026-01-05T21:10:23.248666,0.4,53.2,71.1,
2026-01-05T21:10:26.911205,15.1,53.3,71.1,
2026-01-05T21:10:28.423016,0.2,53.2,71.1,
2026-01-05T21:10:32.115122,12.6,53.2,71.1,
2026-01-05T21:10:33.627416,0.2,53.2,71.1,
2026-01-05T21:10:37.348613,11.9,53.3,71.1,
2026-01-05T21:10:38.858373,0.0,53.2,71.1,
2026-01-05T21:10:42.588478,11.8,53.1,71.1,
2026-01-05T21:10:44.110236,0.0,53.1,71.1,
2026-01-05T21:10:47.812398,11.6,53.1,71.1,
2026-01-05T21:10:49.317877,3.5,53.1,71.1,
2026-01-05T21:10:53.034450,11.9,53.2,71.1,
2026-01-05T21:10:54.548036,0.2,53.2,71.1,
2026-01-05T21:10:58.257919,14.0,53.2,71.1,
2026-01-05T21:10:59.768028,0.0,53.2,71.1,
2026-01-05T21:11:03.474780,14.1,53.1,71.1,
2026-01-05T21:11:04.984305,1.4,53.1,71.1,
2026-01-05T21:11:08.698073,13.3,53.1,71.1,
2026-01-05T21:11:10.208054,1.4,53.1,71.1,
2026-01-05T21:11:13.924210,13.8,53.1,71.1,
2026-01-05T21:11:15.438545,1.2,53.1,71.1,
2026-01-05T21:11:19.127181,12.2,53.2,71.1,
2026-01-05T21:11:20.646102,0.2,53.2,71.1,
2026-01-05T21:11:24.315090,13.4,53.3,71.1,
2026-01-05T21:11:25.824528,0.6,53.2,71.1,
2026-01-05T21:11:29.518512,12.2,53.2,71.1,
2026-01-05T21:11:31.025310,0.4,53.2,71.1,
2026-01-05T21:11:34.696044,12.8,53.2,71.1,
2026-01-05T21:11:36.208949,0.4,53.1,71.1,
2026-01-05T21:11:39.890876,10.9,53.1,71.1,
2026-01-05T21:11:41.408537,0.6,53.1,71.1,
2026-01-05T21:11:45.063020,13.4,53.1,71.1,
2026-01-05T21:11:46.592883,0.4,53.1,71.1,
2026-01-05T21:11:50.225703,12.3,53.2,71.1,
2026-01-05T21:11:51.742990,0.4,53.2,71.1,
2026-01-05T21:11:55.422928,13.8,53.2,71.1,
2026-01-05T21:11:56.935849,0.4,53.2,71.1,
2026-01-05T21:12:00.595524,12.0,53.2,71.1,
2026-01-05T21:12:02.108684,0.4,53.3,71.1,
2026-01-05T21:12:05.772441,13.9,53.2,71.1,
2026-01-05T21:12:07.281621,0.2,53.2,71.1,
2026-01-05T21:12:10.955909,12.3,53.2,71.1,
2026-01-05T21:12:12.469747,0.4,53.2,71.1,
2026-01-05T21:12:16.109036,14.5,53.2,71.1,
2026-01-05T21:12:17.624210,1.6,53.2,71.1,
2026-01-05T21:12:21.282817,13.8,53.2,71.1,
2026-01-05T21:12:22.790008,0.6,53.2,71.1,
2026-01-05T21:12:26.460343,12.0,53.2,71.1,
2026-01-05T21:12:27.968150,0.8,53.2,71.1,
2026-01-05T21:12:31.654498,16.2,53.2,71.1,
2026-01-05T21:12:33.172222,0.2,53.1,71.1,
2026-01-05T21:12:36.851640,10.8,53.0,71.1,
2026-01-05T21:12:38.363114,0.6,53.0,71.1,
2026-01-05T21:12:42.068602,13.5,53.1,71.1,
2026-01-05T21:12:43.578803,0.2,53.1,71.1,
2026-01-05T21:12:47.270003,13.7,53.1,71.1,
2026-01-05T21:12:48.781757,0.6,53.1,71.1,
2026-01-05T21:12:52.429630,11.0,53.1,71.1,
2026-01-05T21:12:53.940576,0.4,53.1,71.1,
2026-01-05T21:12:57.600769,13.9,52.9,71.1,
2026-01-05T21:12:59.110025,0.2,52.9,71.1,
2026-01-05T21:13:02.772846,12.8,52.8,71.1,
2026-01-05T21:13:04.285092,1.2,52.8,71.1,
2026-01-05T21:13:07.975162,13.8,52.8,71.1,
2026-01-05T21:13:09.487428,1.6,52.8,71.1,
2026-01-05T21:13:13.148181,12.1,52.8,71.1,
2026-01-05T21:13:14.657078,0.4,52.8,71.1,
2026-01-05T21:13:18.326024,12.4,52.8,71.1,
2026-01-05T21:13:19.846050,0.6,52.8,71.1,
2026-01-05T21:13:23.525689,13.0,52.8,71.1,
2026-01-05T21:13:25.048013,0.4,52.8,71.1,
2026-01-05T21:13:28.717125,11.3,52.8,71.1,
2026-01-05T21:13:30.232641,2.0,52.8,71.1,
2026-01-05T21:13:33.909317,12.7,52.7,71.1,
2026-01-05T21:13:35.422355,0.4,52.7,71.1,
2026-01-05T21:13:39.120262,11.8,52.7,71.1,
2026-01-05T21:13:40.625046,0.4,52.7,71.1,
2026-01-05T21:13:44.309746,12.2,52.7,71.1,
2026-01-05T21:13:45.828931,0.0,52.7,71.1,
2026-01-05T21:13:49.454176,11.5,52.7,71.1,
2026-01-05T21:13:50.963089,0.6,52.7,71.1,
2026-01-05T21:13:54.715667,16.2,53.5,71.1,
2026-01-05T21:13:56.227708,0.2,53.6,71.1,
2026-01-05T21:13:59.950978,12.9,53.6,71.1,
2026-01-05T21:14:01.460624,1.4,53.7,71.1,
2026-01-05T21:14:05.183426,11.4,53.8,71.1,
2026-01-05T21:14:06.696245,2.3,53.4,71.1,
2026-01-05T21:14:10.378582,10.7,54.0,71.1,
2026-01-05T21:14:11.894057,0.2,53.9,71.1,
2026-01-05T21:14:15.596945,13.0,54.0,71.1,
2026-01-05T21:14:17.107509,1.0,53.9,71.1,
2026-01-05T21:14:20.789779,13.6,54.0,71.1,
2026-01-05T21:14:22.316815,6.9,54.1,71.1,
2026-01-05T21:14:25.984881,10.5,54.2,71.1,
2026-01-05T21:14:27.499299,0.6,53.8,71.1,
2026-01-05T21:14:31.196889,11.5,53.7,71.1,
2026-01-05T21:14:32.714298,0.4,53.7,71.1,
2026-01-05T21:14:36.419690,14.2,53.9,71.1,
2026-01-05T21:14:37.934809,0.4,53.8,71.1,
2026-01-05T21:14:41.648906,12.8,53.7,71.1,
2026-01-05T21:14:43.172885,0.4,53.7,71.1,
2026-01-05T21:14:46.857742,14.1,53.7,71.1,
2026-01-05T21:14:48.366956,0.2,53.7,71.1,
2026-01-05T21:14:52.046489,14.8,53.8,71.1,
2026-01-05T21:14:53.556783,1.0,53.8,71.1,
2026-01-05T21:14:57.254433,12.6,53.8,71.1,
2026-01-05T21:14:58.776115,0.2,53.8,71.1,
2026-01-05T21:15:02.442946,9.4,53.7,71.1,
2026-01-05T21:15:03.952807,2.1,53.7,71.1,
2026-01-05T21:15:07.681298,13.8,53.6,71.1,
2026-01-05T21:15:09.191691,2.7,53.6,71.1,
2026-01-05T21:15:12.877367,10.9,53.7,71.1,
2026-01-05T21:15:14.384787,1.0,53.7,71.1,
2026-01-05T21:15:18.085983,12.3,53.8,71.1,
2026-01-05T21:15:19.601899,1.6,53.8,71.1,
2026-01-05T21:15:23.304588,11.1,53.8,71.1,
2026-01-05T21:15:24.822744,0.4,53.8,71.1,
2026-01-05T21:15:28.525059,12.5,53.7,71.1,
2026-01-05T21:15:30.042964,0.4,53.7,71.1,
2026-01-05T21:15:33.747535,12.3,53.7,71.1,
2026-01-05T21:15:35.262771,0.0,53.7,71.1,
2026-01-05T21:15:38.935511,12.7,53.7,71.1,
2026-01-05T21:15:40.450005,0.4,53.7,71.1,
2026-01-05T21:15:44.170294,9.1,53.8,71.1,
2026-01-05T21:15:45.681772,1.2,53.7,71.1,
2026-01-05T21:15:49.366397,13.2,53.8,71.1,
2026-01-05T21:15:50.882313,0.4,53.7,71.1,
2026-01-05T21:15:54.559496,9.4,53.8,71.1,
2026-01-05T21:15:56.065831,0.0,53.8,71.1,
2026-01-05T21:15:59.772097,12.5,53.8,71.1,
2026-01-05T21:16:01.282693,0.2,53.9,71.1,
2026-01-05T21:16:04.921010,13.0,53.9,71.1,
2026-01-05T21:16:06.426880,0.6,53.9,71.1,
2026-01-05T21:16:10.096488,12.5,53.9,71.1,
2026-01-05T21:16:11.612011,0.8,53.9,71.1,
2026-01-05T21:16:15.302848,11.7,54.5,71.1,
2026-01-05T21:16:16.820309,0.0,54.5,71.1,
2026-01-05T21:16:20.477823,13.0,54.5,71.1,
2026-01-05T21:16:21.987119,0.0,54.5,71.1,
2026-01-05T21:16:25.704344,12.2,54.4,71.1,
2026-01-05T21:16:27.224062,0.6,54.5,71.1,
2026-01-05T21:16:30.895586,10.9,54.5,71.1,
2026-01-05T21:16:32.415624,0.6,54.5,71.1,
2026-01-05T21:16:36.099184,11.7,54.5,71.1,
2026-01-05T21:16:37.613469,2.6,54.5,71.1,
2026-01-05T21:16:41.295447,11.9,54.5,71.1,
2026-01-05T21:16:42.806238,0.4,54.5,71.1,
2026-01-05T21:16:46.495177,12.5,54.3,71.1,
2026-01-05T21:16:48.010551,0.2,54.3,71.1,
2026-01-05T21:16:51.697960,13.2,54.4,71.1,
2026-01-05T21:16:53.204318,0.0,54.3,71.1,
2026-01-05T21:16:56.901730,10.4,54.1,71.1,
2026-01-05T21:16:58.418539,0.4,54.1,71.1,
2026-01-05T21:17:02.092456,10.7,54.1,71.1,
2026-01-05T21:17:03.606865,0.4,54.1,71.1,
2026-01-05T21:17:07.278648,13.0,54.0,71.1,
2026-01-05T21:17:08.789506,1.0,54.0,71.1,
2026-01-05T21:17:12.458407,12.1,54.0,71.1,
2026-01-05T21:17:13.965259,1.6,54.0,71.1,
2026-01-05T21:17:17.659353,13.2,54.0,71.1,
2026-01-05T21:17:19.177360,0.4,54.0,71.1,
2026-01-05T21:17:22.821736,13.7,54.1,71.1,
2026-01-05T21:17:24.336524,0.4,54.1,71.1,
2026-01-05T21:17:28.074784,11.2,53.9,71.1,
2026-01-05T21:17:29.590224,2.1,53.9,71.1,
2026-01-05T21:17:33.310138,10.1,54.1,71.1,
2026-01-05T21:17:34.828767,1.2,54.2,71.1,
2026-01-05T21:17:38.535984,10.6,54.1,71.1,
2026-01-05T21:17:40.054043,5.3,54.0,71.1,
2026-01-05T21:17:43.715280,12.8,54.1,71.1,
2026-01-05T21:17:45.221210,1.4,54.5,71.1,
2026-01-05T21:17:48.886297,9.2,54.4,71.1,
2026-01-05T21:17:50.404237,2.5,54.4,71.1,
2026-01-05T21:17:54.114999,11.7,54.3,71.1,
2026-01-05T21:17:55.631094,0.8,54.4,71.1,
2026-01-05T21:17:59.311914,13.4,54.3,71.1,
2026-01-05T21:18:00.826543,0.4,54.3,71.1,
2026-01-05T21:18:04.509242,12.2,54.3,71.1,
2026-01-05T21:18:06.027744,0.2,54.3,71.1,
2026-01-05T21:18:09.700496,9.8,54.3,71.1,
2026-01-05T21:18:11.211937,0.4,54.3,71.1,
2026-01-05T21:18:14.923039,11.9,54.4,71.1,
2026-01-05T21:18:16.430303,0.4,54.4,71.1,
2026-01-05T21:18:20.135971,13.2,54.4,71.1,
2026-01-05T21:18:21.648218,0.0,54.4,71.1,
2026-01-05T21:18:25.325730,15.1,54.4,71.1,
2026-01-05T21:18:26.837754,0.0,54.0,71.1,
2026-01-05T21:18:30.523570,11.0,53.8,71.1,
2026-01-05T21:18:32.043387,0.2,53.8,71.1,
2026-01-05T21:18:35.714334,11.8,53.8,71.1,
2026-01-05T21:18:37.224682,3.1,53.9,71.1,
2026-01-05T21:18:40.905351,13.5,53.8,71.1,
2026-01-05T21:18:42.414436,0.4,53.8,71.1,
2026-01-05T21:18:46.097928,11.8,53.8,71.1,
2026-01-05T21:18:47.615804,2.0,53.8,71.1,
2026-01-05T21:18:51.305040,11.9,53.7,71.1,
2026-01-05T21:18:52.817784,0.4,53.8,71.1,
2026-01-05T21:18:56.538718,12.3,53.8,71.1,
2026-01-05T21:18:58.059188,0.6,53.8,71.1,
2026-01-05T21:19:01.729937,13.4,53.7,71.1,
2026-01-05T21:19:03.240911,0.8,53.7,71.1,
2026-01-05T21:19:06.917154,10.5,53.8,71.1,
2026-01-05T21:19:08.427862,0.6,53.8,71.1,
2026-01-05T21:19:12.126954,9.9,53.8,71.1,
2026-01-05T21:19:13.633646,0.4,53.8,71.1,
2026-01-05T21:19:17.310895,13.8,53.9,71.1,
2026-01-05T21:19:18.833027,0.0,53.9,71.1,
2026-01-05T21:19:22.525413,13.0,53.8,71.1,
2026-01-05T21:19:24.039902,1.6,53.8,71.1,
2026-01-05T21:19:27.711656,12.4,53.8,71.1,
2026-01-05T21:19:29.222087,2.6,53.8,71.1,
2026-01-05T21:19:32.912502,13.5,53.6,71.1,
2026-01-05T21:19:34.419347,2.5,53.5,71.1,
2026-01-05T21:19:38.112052,12.5,53.6,71.1,
2026-01-05T21:19:39.626514,0.4,53.6,71.1,
2026-01-05T21:19:43.305648,14.3,53.6,71.1,
2026-01-05T21:19:44.821513,0.0,53.6,71.1,
2026-01-05T21:19:48.515589,12.9,53.6,71.1,
2026-01-05T21:19:50.027901,0.0,53.5,71.1,
2026-01-05T21:19:53.733946,13.1,53.6,71.1,
2026-01-05T21:19:55.254247,0.8,53.6,71.1,
2026-01-05T21:19:58.967265,10.5,53.5,71.1,
2026-01-05T21:20:00.475449,0.8,53.6,71.1,
2026-01-05T21:20:04.214061,12.0,53.6,71.1,
2026-01-05T21:20:05.734025,0.8,53.6,71.1,
2026-01-05T21:20:09.462711,10.1,53.6,71.1,
2026-01-05T21:20:10.969147,0.6,53.6,71.1,
2026-01-05T21:20:14.662035,12.5,53.7,71.1,
2026-01-05T21:20:16.184423,1.8,53.7,71.1,
2026-01-05T21:20:19.830361,13.7,53.7,71.1,
2026-01-05T21:20:21.342095,0.6,53.7,71.1,
2026-01-05T21:20:25.043319,17.0,53.7,71.1,
2026-01-05T21:20:26.550987,1.2,53.7,71.1,
2026-01-05T21:20:30.284459,13.0,54.6,71.1,
2026-01-05T21:20:31.794497,2.1,54.8,71.1,
2026-01-05T21:20:35.492684,13.6,55.0,71.1,
2026-01-05T21:20:37.001025,0.0,55.3,71.1,
2026-01-05T21:20:40.707601,18.7,55.3,71.1,
2026-01-05T21:20:42.217297,0.6,55.3,71.1,
2026-01-05T21:20:45.936459,12.1,55.3,71.1,
2026-01-05T21:20:47.464107,0.8,55.3,71.1,
2026-01-05T21:20:51.136065,11.9,55.7,71.1,
2026-01-05T21:20:52.650283,8.0,56.0,71.1,
2026-01-05T21:20:56.370709,15.4,56.3,71.1,
2026-01-05T21:20:57.881931,0.6,56.3,71.1,
2026-01-05T21:21:01.584639,13.1,56.6,71.1,
2026-01-05T21:21:03.095440,1.0,56.6,71.1,
2026-01-05T21:21:06.797464,11.2,56.6,71.1,
2026-01-05T21:21:08.316893,0.0,56.5,71.1,
2026-01-05T21:21:12.010677,12.7,56.5,71.1,
2026-01-05T21:21:13.518139,0.0,56.5,71.1,
2026-01-05T21:21:17.215536,13.6,56.5,71.1,
2026-01-05T21:21:18.725842,0.6,56.5,71.1,
2026-01-05T21:21:22.437864,11.6,56.6,71.1,
2026-01-05T21:21:23.945101,0.8,56.6,71.1,
2026-01-05T21:21:27.631732,12.8,56.5,71.1,
2026-01-05T21:21:29.143613,1.2,56.5,71.1,
2026-01-05T21:21:32.835478,13.3,56.9,71.1,
2026-01-05T21:21:34.354737,1.2,56.9,71.1,
2026-01-05T21:21:38.043757,12.2,56.7,71.1,
2026-01-05T21:21:39.554272,0.4,56.8,71.1,
2026-01-05T21:21:43.260556,14.2,55.4,71.1,
2026-01-05T21:21:44.777474,0.6,55.4,71.1,
2026-01-05T21:21:48.461711,13.9,55.4,71.1,
2026-01-05T21:21:49.972629,0.2,55.4,71.1,
2026-01-05T21:21:53.641390,15.7,55.3,71.1,
2026-01-05T21:21:55.159642,0.6,55.3,71.1,
2026-01-05T21:21:58.830157,14.1,55.3,71.1,
2026-01-05T21:22:00.335989,0.8,55.3,71.1,
2026-01-05T21:22:04.032450,14.2,55.5,71.1,
2026-01-05T21:22:05.554167,0.6,55.4,71.1,
2026-01-05T21:22:09.257012,11.5,55.6,71.1,
2026-01-05T21:22:10.773865,1.2,55.7,71.1,
2026-01-05T21:22:14.489030,12.7,55.5,71.1,
2026-01-05T21:22:16.004805,1.8,55.5,71.1,
2026-01-05T21:22:19.724186,10.1,55.5,71.1,
2026-01-05T21:22:21.243144,4.9,55.4,71.1,
2026-01-05T21:22:24.919041,15.8,55.5,71.1,
2026-01-05T21:22:26.426945,1.0,55.5,71.1,
2026-01-05T21:22:30.108843,11.5,55.5,71.1,
2026-01-05T21:22:31.621972,0.4,55.5,71.1,
2026-01-05T21:22:35.284014,10.5,55.5,71.1,
2026-01-05T21:22:36.790542,1.9,55.5,71.1,
2026-01-05T21:22:40.496137,11.7,55.5,71.1,
2026-01-05T21:22:42.013789,0.8,55.5,71.1,
2026-01-05T21:22:45.684210,15.0,55.3,71.1,
2026-01-05T21:22:47.202152,1.6,55.4,71.1,
2026-01-05T21:22:50.899239,15.4,55.5,71.1,
2026-01-05T21:22:52.409958,0.8,55.5,71.1,
2026-01-05T21:22:56.102414,12.5,55.5,71.1,
2026-01-05T21:22:57.616402,4.0,55.2,71.1,
2026-01-05T21:23:01.305725,12.0,55.1,71.1,
2026-01-05T21:23:02.811860,1.0,55.1,71.1,
2026-01-05T21:23:06.516888,12.9,55.3,71.1,
2026-01-05T21:23:08.032665,0.2,55.3,71.1,
2026-01-05T21:23:11.712781,12.6,55.3,71.1,
2026-01-05T21:23:13.232446,0.2,55.3,71.1,
2026-01-05T21:23:16.936837,13.3,55.3,71.1,
2026-01-05T21:23:18.449625,0.8,55.3,71.1,
2026-01-05T21:23:22.139531,14.4,55.3,71.1,
2026-01-05T21:23:23.654927,0.0,55.3,71.1,
2026-01-05T21:23:27.340580,12.5,55.5,71.1,
2026-01-05T21:23:28.847604,0.6,55.5,71.1,
2026-01-05T21:23:32.533845,11.1,55.7,71.1,
2026-01-05T21:23:34.044571,1.4,55.8,71.1,
2026-01-05T21:23:37.732413,13.7,55.8,71.1,
2026-01-05T21:23:39.240668,0.0,55.8,71.1,
2026-01-05T21:23:42.913907,12.5,56.4,71.1,
2026-01-05T21:23:44.427583,1.4,56.4,71.1,
2026-01-05T21:23:48.167779,13.9,55.8,71.1,
2026-01-05T21:23:49.678238,0.6,55.8,71.1,
2026-01-05T21:23:53.424034,15.1,55.9,71.1,
2026-01-05T21:23:54.940757,0.6,55.8,71.1,
2026-01-05T21:23:58.622447,10.0,55.8,71.1,
2026-01-05T21:24:00.140605,0.0,55.9,71.1,
2026-01-05T21:24:03.791653,11.8,55.9,71.1,
2026-01-05T21:24:05.312481,1.0,55.8,71.1,
2026-01-05T21:24:08.955101,12.2,55.7,71.1,
2026-01-05T21:24:10.464959,2.3,55.7,71.1,
2026-01-05T21:24:14.153212,12.5,55.8,71.1,
2026-01-05T21:24:15.659867,2.5,55.8,71.1,
2026-01-05T21:24:19.354239,14.9,55.9,71.1,
2026-01-05T21:24:20.869382,0.6,55.8,71.1,
2026-01-05T21:24:24.542558,13.6,55.8,71.1,
2026-01-05T21:24:26.058562,1.2,56.0,71.1,
2026-01-05T21:24:29.744226,12.4,56.0,71.1,
2026-01-05T21:24:31.251724,0.6,56.0,71.1,
2026-01-05T21:24:34.907616,13.2,56.0,71.1,
2026-01-05T21:24:36.422313,0.4,55.9,71.1,
2026-01-05T21:24:40.115450,11.0,56.0,71.1,
2026-01-05T21:24:41.635217,0.2,56.0,71.1,
2026-01-05T21:24:45.316238,12.5,56.0,71.1,
2026-01-05T21:24:46.834252,0.2,56.0,71.1,
2026-01-05T21:24:50.520287,13.8,56.0,71.1,
2026-01-05T21:24:52.035770,0.4,56.0,71.1,
2026-01-05T21:24:55.716483,12.7,55.9,71.1,
2026-01-05T21:24:57.234354,0.8,55.8,71.1,
2026-01-05T21:25:00.931135,11.1,55.9,71.1,
2026-01-05T21:25:02.447316,0.2,55.9,71.1,
2026-01-05T21:25:06.148101,12.9,55.9,71.1,
2026-01-05T21:25:07.664695,0.2,55.9,71.1,
2026-01-05T21:25:11.344066,9.5,55.9,71.1,
2026-01-05T21:25:12.853854,1.0,55.9,71.1,
2026-01-05T21:25:16.552864,11.5,55.9,71.1,
2026-01-05T21:25:18.069235,0.2,55.9,71.1,
2026-01-05T21:25:21.756048,9.2,56.0,71.1,
2026-01-05T21:25:23.263810,1.8,56.0,71.1,
2026-01-05T21:25:26.972606,13.3,55.9,71.1,
2026-01-05T21:25:28.482613,0.8,56.1,71.1,
2026-01-05T21:25:32.205260,14.5,56.0,71.1,
2026-01-05T21:25:33.724319,0.6,56.0,71.1,
2026-01-05T21:25:37.421699,13.4,55.6,71.1,
2026-01-05T21:25:38.934332,1.2,55.6,71.1,
2026-01-05T21:25:42.650923,11.1,55.6,71.1,
2026-01-05T21:25:44.167336,0.8,55.6,71.1,
2026-01-05T21:25:47.871973,12.2,55.6,71.1,
2026-01-05T21:25:49.381660,0.6,55.5,71.1,
2026-01-05T21:25:53.117305,9.7,55.6,71.1,
2026-01-05T21:25:54.623042,0.8,55.6,71.1,
2026-01-05T21:25:58.377723,8.7,55.7,71.1,
2026-01-05T21:25:59.901477,1.4,55.7,71.1,
2026-01-05T21:26:03.608495,14.8,55.8,71.1,
2026-01-05T21:26:05.123172,1.5,55.9,71.1,
2026-01-05T21:26:08.818830,16.9,55.9,71.1,
2026-01-05T21:26:10.338718,0.4,55.9,71.1,
2026-01-05T21:26:14.013827,11.0,55.9,71.1,
2026-01-05T21:26:15.527884,0.8,55.9,71.1,
2026-01-05T21:26:19.247656,13.7,56.1,71.1,
2026-01-05T21:26:20.758078,0.8,56.1,71.1,
2026-01-05T21:26:24.447321,11.0,56.1,71.1,
2026-01-05T21:26:25.961843,0.0,56.1,71.1,
2026-01-05T21:26:29.679372,11.3,56.1,71.1,
2026-01-05T21:26:31.195872,0.8,56.1,71.1,
2026-01-05T21:26:34.887488,12.1,55.3,71.1,
2026-01-05T21:26:36.404769,1.6,55.3,71.1,
2026-01-05T21:26:40.127223,12.0,55.3,71.1,
2026-01-05T21:26:41.640122,0.4,55.3,71.1,
2026-01-05T21:26:45.318029,11.2,55.3,71.1,
2026-01-05T21:26:46.837596,0.8,55.3,71.1,
2026-01-05T21:26:50.498453,11.5,55.3,71.1,
2026-01-05T21:26:52.007994,0.8,55.3,71.1,
2026-01-05T21:26:55.705127,13.8,55.3,71.1,
2026-01-05T21:26:57.217918,1.0,55.3,71.1,
2026-01-05T21:27:00.917031,12.3,55.3,71.1,
2026-01-05T21:27:02.434796,0.6,55.3,71.1,
2026-01-05T21:27:06.104916,12.3,55.3,71.1,
2026-01-05T21:27:07.619052,1.2,55.2,71.1,
2026-01-05T21:27:11.317100,12.3,55.2,71.1,
2026-01-05T21:27:12.834528,0.2,55.2,71.1,
2026-01-05T21:27:16.490930,12.1,55.2,71.1,
2026-01-05T21:27:18.003273,3.9,55.2,71.1,
2026-01-05T21:27:21.681762,10.4,55.2,71.1,
2026-01-05T21:27:23.202053,0.4,55.2,71.1,
2026-01-05T21:27:26.924472,11.7,55.2,71.1,
2026-01-05T21:27:28.433712,0.6,55.2,71.1,
2026-01-05T21:27:32.152737,14.3,55.1,71.1,
2026-01-05T21:27:33.663768,3.3,55.1,71.1,
2026-01-05T21:27:37.326427,10.9,55.1,71.1,
2026-01-05T21:27:38.833436,1.0,55.1,71.1,
2026-01-05T21:27:42.520691,11.8,55.1,71.1,
2026-01-05T21:27:44.039734,1.0,55.1,71.1,
2026-01-05T21:27:47.748796,12.6,55.1,71.1,
2026-01-05T21:27:49.254977,0.4,55.1,71.1,
2026-01-05T21:27:52.923985,12.0,55.2,71.1,
2026-01-05T21:27:54.434412,0.4,55.2,71.1,
2026-01-05T21:27:58.161128,15.3,54.8,71.1,
2026-01-05T21:27:59.668298,0.4,54.8,71.1,
2026-01-05T21:28:03.337544,12.3,54.5,71.1,
2026-01-05T21:28:04.849384,3.4,54.4,71.1,
2026-01-05T21:28:08.512077,12.4,54.5,71.1,
2026-01-05T21:28:10.028741,1.0,54.6,71.1,
2026-01-05T21:28:13.678613,11.6,54.4,71.1,
2026-01-05T21:28:15.197561,2.0,54.4,71.1,
2026-01-05T21:28:18.875792,11.5,54.5,71.1,
2026-01-05T21:28:20.391069,0.4,54.4,71.1,
2026-01-05T21:28:24.060809,11.5,54.4,71.1,
2026-01-05T21:28:25.573401,3.6,54.4,71.1,
2026-01-05T21:28:29.275167,13.4,54.4,71.1,
2026-01-05T21:28:30.785613,1.0,54.5,71.1,
2026-01-05T21:28:34.469100,14.5,54.5,71.1,
2026-01-05T21:28:35.981699,0.2,54.5,71.1,
2026-01-05T21:28:39.687696,11.0,54.5,71.1,
2026-01-05T21:28:41.197838,1.0,54.5,71.1,
2026-01-05T21:28:44.870598,9.9,54.5,71.1,
2026-01-05T21:28:46.386081,0.8,54.5,71.1,
2026-01-05T21:28:50.087278,9.0,54.4,71.1,
2026-01-05T21:28:51.606504,0.6,54.4,71.1,
2026-01-05T21:28:55.269585,13.2,54.4,71.1,
2026-01-05T21:28:56.776678,0.8,54.4,71.1,
2026-01-05T21:29:00.432317,11.3,54.4,71.1,
2026-01-05T21:29:01.960587,0.8,54.5,71.1,
2026-01-05T21:29:05.640666,16.2,54.5,71.1,
2026-01-05T21:29:07.148701,0.4,54.5,71.1,
2026-01-05T21:29:10.843900,14.2,54.5,71.1,
2026-01-05T21:29:12.356980,1.9,54.5,71.1,
2026-01-05T21:29:16.030203,11.5,54.7,71.1,
2026-01-05T21:29:17.539445,1.0,54.6,71.1,
2026-01-05T21:29:21.226904,12.2,54.7,71.1,
2026-01-05T21:29:22.747652,1.4,54.7,71.1,
2026-01-05T21:29:26.436361,12.4,54.7,71.1,
2026-01-05T21:29:27.954287,1.0,54.7,71.1,
2026-01-05T21:29:31.663883,12.4,54.8,71.1,
2026-01-05T21:29:33.174698,0.0,54.8,71.1,
2026-01-05T21:29:36.879613,10.1,54.9,71.1,
2026-01-05T21:29:38.398890,0.6,55.0,71.1,
2026-01-05T21:29:42.074953,10.9,54.9,71.1,
2026-01-05T21:29:43.588898,0.2,54.9,71.1,
2026-01-05T21:29:47.287839,14.1,54.8,71.1,
2026-01-05T21:29:48.803131,0.6,54.7,71.1,
2026-01-05T21:29:52.487638,13.4,54.8,71.1,
2026-01-05T21:29:53.998240,0.6,54.8,71.1,
2026-01-05T21:29:57.672481,12.0,54.8,71.1,
2026-01-05T21:29:59.180036,0.6,54.8,71.1,
2026-01-05T21:30:02.881919,11.2,54.8,71.1,
2026-01-05T21:30:04.404868,2.0,54.9,71.1,
2026-01-05T21:30:08.103736,14.4,54.7,71.1,
2026-01-05T21:30:09.621145,0.4,54.7,71.1,
2026-01-05T21:30:13.326350,8.8,54.7,71.1,
2026-01-05T21:30:14.837362,0.2,54.7,71.1,
2026-01-05T21:30:18.561179,16.8,54.6,71.1,
2026-01-05T21:30:20.070203,1.6,54.8,71.1,
2026-01-05T21:30:23.802403,9.7,54.9,71.1,
2026-01-05T21:30:25.319720,0.8,54.9,71.1,
2026-01-05T21:30:29.071635,12.1,54.7,71.1,
2026-01-05T21:30:30.584070,0.2,54.8,71.1,
2026-01-05T21:30:34.259328,12.1,54.7,71.1,
2026-01-05T21:30:35.776597,2.6,54.6,71.1,
2026-01-05T21:30:39.461677,9.2,54.7,71.1,
2026-01-05T21:30:40.970514,0.6,54.6,71.1,
2026-01-05T21:30:44.678582,11.8,54.6,71.1,
2026-01-05T21:30:46.184810,1.0,54.6,71.1,
2026-01-05T21:30:49.876495,7.4,54.7,71.1,
2026-01-05T21:30:51.390871,0.4,54.6,71.1,
2026-01-05T21:30:55.070136,13.7,54.6,71.1,
2026-01-05T21:30:56.582752,0.8,54.6,71.1,
2026-01-05T21:31:00.259400,11.1,54.6,71.1,
2026-01-05T21:31:01.774945,3.5,54.5,71.1,
2026-01-05T21:31:05.485134,12.0,54.5,71.1,
2026-01-05T21:31:06.995533,0.0,54.5,71.1,
2026-01-05T21:31:10.706292,12.0,54.5,71.1,
2026-01-05T21:31:12.214587,0.8,54.5,71.1,
2026-01-05T21:31:15.906848,11.9,54.6,71.1,
2026-01-05T21:31:17.420932,1.0,54.6,71.1,
2026-01-05T21:31:21.118492,11.4,54.6,71.1,
2026-01-05T21:31:22.640018,1.4,54.7,71.1,
2026-01-05T21:31:26.320312,13.2,54.6,71.1,
2026-01-05T21:31:27.837403,0.4,54.7,71.1,
2026-01-05T21:31:31.539430,13.8,54.6,71.1,
2026-01-05T21:31:33.060739,0.2,54.6,71.1,
2026-01-05T21:31:36.767624,11.5,54.7,71.1,
2026-01-05T21:31:38.283563,0.8,54.7,71.1,
2026-01-05T21:31:41.947278,15.0,54.7,71.1,
2026-01-05T21:31:43.470130,1.4,54.7,71.1,
2026-01-05T21:31:47.163287,9.1,54.6,71.1,
2026-01-05T21:31:48.680501,0.4,54.6,71.1,
2026-01-05T21:31:52.365729,10.9,54.6,71.1,
2026-01-05T21:31:53.874904,0.2,54.7,71.1,
2026-01-05T21:31:57.584030,12.2,54.7,71.1,
2026-01-05T21:31:59.090875,1.8,54.7,71.1,
2026-01-05T21:32:02.793949,10.3,54.7,71.1,
2026-01-05T21:32:04.311865,0.6,54.7,71.1,
2026-01-05T21:32:07.982403,12.3,54.7,71.1,
2026-01-05T21:32:09.488888,0.8,54.7,71.1,
2026-01-05T21:32:13.147078,11.5,54.7,71.1,
2026-01-05T21:32:14.657991,0.8,54.7,71.1,
2026-01-05T21:32:18.332955,14.6,54.6,71.1,
2026-01-05T21:32:19.857949,4.4,54.6,71.1,
2026-01-05T21:32:23.561116,12.1,54.8,71.1,
2026-01-05T21:32:25.073145,1.2,54.9,71.1,
2026-01-05T21:32:28.768647,11.8,54.8,71.1,
2026-01-05T21:32:30.287018,0.8,54.8,71.1,
2026-01-05T21:32:33.973501,14.2,54.8,71.1,
2026-01-05T21:32:35.494342,1.1,54.8,71.1,
2026-01-05T21:32:39.237196,10.1,54.8,71.1,
2026-01-05T21:32:40.750831,0.2,54.8,71.1,
2026-01-05T21:32:44.437406,10.5,54.8,71.1,
2026-01-05T21:32:45.955283,0.4,54.7,71.1,
2026-01-05T21:32:49.631272,13.9,54.6,71.1,
2026-01-05T21:32:51.146977,1.0,54.6,71.1,
2026-01-05T21:32:54.848381,15.0,54.7,71.1,
2026-01-05T21:32:56.369782,1.2,54.7,71.1,
2026-01-05T21:33:00.060855,11.4,54.7,71.1,
2026-01-05T21:33:01.569410,0.4,54.7,71.1,
2026-01-05T21:33:05.293525,11.6,54.8,71.1,
2026-01-05T21:33:06.800208,2.1,54.8,71.1,
2026-01-05T21:33:10.448010,11.7,54.7,71.1,
2026-01-05T21:33:11.956454,1.6,54.7,71.1,
2026-01-05T21:33:15.640056,11.7,54.7,71.1,
2026-01-05T21:33:17.155217,1.6,54.7,71.1,
2026-01-05T21:33:20.854570,12.3,54.8,71.1,
2026-01-05T21:33:22.371684,0.2,54.9,71.1,
2026-01-05T21:33:26.080377,13.0,54.8,71.1,
2026-01-05T21:33:27.593318,0.2,54.8,71.1,
2026-01-05T21:33:31.279560,11.1,54.8,71.1,
2026-01-05T21:33:32.789602,0.8,54.8,71.1,
2026-01-05T21:33:36.502414,11.3,54.8,71.1,
2026-01-05T21:33:38.014496,1.4,54.8,71.1,
2026-01-05T21:33:41.702340,11.3,54.2,71.1,
2026-01-05T21:33:43.217543,2.3,54.2,71.1,
2026-01-05T21:33:46.882723,13.7,54.3,71.1,
2026-01-05T21:33:48.403700,0.6,54.3,71.1,
2026-01-05T21:33:52.092707,10.7,54.5,71.1,
2026-01-05T21:33:53.606778,0.6,54.3,71.1,
2026-01-05T21:33:57.272103,11.7,54.3,71.1,
2026-01-05T21:33:58.778258,1.2,54.3,71.1,
2026-01-05T21:34:02.472859,12.6,54.3,71.1,
2026-01-05T21:34:03.979272,1.2,54.3,71.1,
2026-01-05T21:34:07.642865,13.6,54.4,71.1,
2026-01-05T21:34:09.159525,0.6,54.4,71.1,
2026-01-05T21:34:12.835318,12.6,54.2,71.1,
2026-01-05T21:34:14.359723,1.0,54.2,71.1,
2026-01-05T21:34:17.989779,11.0,54.2,71.1,
2026-01-05T21:34:19.500111,0.8,54.2,71.1,
2026-01-05T21:34:23.169624,11.5,54.2,71.1,
2026-01-05T21:34:24.676770,0.0,54.1,71.1,
2026-01-05T21:34:28.358721,12.7,54.1,71.1,
2026-01-05T21:34:29.875153,0.2,54.1,71.1,
2026-01-05T21:34:33.545968,12.7,54.2,71.1,
2026-01-05T21:34:35.059874,4.3,54.2,71.1,
2026-01-05T21:34:38.718236,11.9,54.4,71.1,
2026-01-05T21:34:40.235458,1.6,54.4,71.1,
2026-01-05T21:34:43.923825,15.0,54.2,71.1,
2026-01-05T21:34:45.430987,0.2,54.2,71.1,
2026-01-05T21:34:49.115484,14.3,54.2,71.1,
2026-01-05T21:34:50.636226,0.6,54.3,71.1,
2026-01-05T21:34:54.342368,11.9,54.2,71.1,
2026-01-05T21:34:55.849241,2.9,54.3,71.1,
2026-01-05T21:34:59.544074,14.4,54.8,71.1,
2026-01-05T21:35:01.051705,1.6,54.8,71.1,
2026-01-05T21:35:04.774138,12.2,54.8,71.1,
2026-01-05T21:35:06.286566,2.1,54.8,71.1,
2026-01-05T21:35:09.992995,15.3,54.7,71.1,
2026-01-05T21:35:11.502130,1.6,54.7,71.1,
2026-01-05T21:35:15.212680,11.5,54.5,71.1,
2026-01-05T21:35:16.732781,1.6,54.5,71.1,
2026-01-05T21:35:20.426787,10.5,54.4,71.1,
2026-01-05T21:35:21.933495,0.2,54.4,71.1,
2026-01-05T21:35:25.616363,10.8,54.5,71.1,
2026-01-05T21:35:27.130949,0.6,54.5,71.1,
2026-01-05T21:35:30.818035,11.7,54.5,71.1,
2026-01-05T21:35:32.330309,0.4,54.5,71.1,
2026-01-05T21:35:36.019807,12.1,54.5,71.1,
2026-01-05T21:35:37.531404,0.6,54.5,71.1,
2026-01-05T21:35:41.220676,11.2,54.4,71.1,
2026-01-05T21:35:42.731656,0.4,54.4,71.1,
2026-01-05T21:35:46.423386,12.3,54.3,71.1,
2026-01-05T21:35:47.939250,0.6,54.3,71.1,
2026-01-05T21:35:51.655447,14.5,54.4,71.1,
2026-01-05T21:35:53.166885,0.8,54.4,71.1,
2026-01-05T21:35:56.869424,15.3,54.5,71.1,
2026-01-05T21:35:58.389244,1.0,54.6,71.1,
2026-01-05T21:36:02.071603,10.7,54.6,71.1,
2026-01-05T21:36:03.585513,0.8,54.6,71.1,
2026-01-05T21:36:07.249543,11.3,54.6,71.1,
2026-01-05T21:36:08.765455,0.4,54.6,71.1,
2026-01-05T21:36:12.455262,13.8,54.4,71.1,
2026-01-05T21:36:13.978777,0.4,54.3,71.1,
2026-01-05T21:36:17.653738,12.4,54.3,71.1,
2026-01-05T21:36:19.164813,1.0,54.3,71.1,
2026-01-05T21:36:22.848099,13.1,54.3,71.1,
2026-01-05T21:36:24.355640,0.0,54.3,71.1,
2026-01-05T21:36:28.050219,12.0,54.3,71.1,
2026-01-05T21:36:29.558475,0.4,54.3,71.1,
2026-01-05T21:36:33.226595,12.5,54.3,71.1,
2026-01-05T21:36:34.736278,0.8,54.4,71.1,
2026-01-05T21:36:38.463610,11.3,54.5,71.1,
2026-01-05T21:36:39.973396,0.2,54.4,71.1,
2026-01-05T21:36:43.660842,11.0,54.3,71.1,
2026-01-05T21:36:45.176514,7.1,54.2,71.1,
2026-01-05T21:36:48.869896,12.8,54.3,71.1,
2026-01-05T21:36:50.379770,0.6,54.4,71.1,
2026-01-05T21:36:54.096831,10.7,54.3,71.1,
2026-01-05T21:36:55.609000,0.0,54.3,71.1,
2026-01-05T21:36:59.296513,12.5,54.4,71.1,
2026-01-05T21:37:00.806135,0.4,54.5,71.1,
2026-01-05T21:37:04.501361,12.7,54.5,71.1,
2026-01-05T21:37:06.015633,0.6,54.4,71.1,
2026-01-05T21:37:09.703970,12.2,54.3,71.1,
2026-01-05T21:37:11.221241,0.8,54.3,71.1,
2026-01-05T21:37:14.889516,11.7,54.3,71.1,
2026-01-05T21:37:16.405816,1.0,54.3,71.1,
2026-01-05T21:37:20.128055,12.5,54.3,71.1,
2026-01-05T21:37:21.634450,1.8,54.3,71.1,
2026-01-05T21:37:25.309868,11.7,54.3,71.1,
2026-01-05T21:37:26.819110,1.2,54.3,71.1,
2026-01-05T21:37:30.535709,14.9,54.3,71.1,
2026-01-05T21:37:32.054084,1.8,54.2,71.1,
2026-01-05T21:37:35.699595,10.6,54.2,71.1,
2026-01-05T21:37:37.218623,0.6,54.3,71.1,
2026-01-05T21:37:40.898554,11.0,54.3,71.1,
2026-01-05T21:37:42.408709,0.4,54.3,71.1,
2026-01-05T21:37:46.082887,12.1,54.3,71.1,
2026-01-05T21:37:47.594212,0.8,54.3,71.1,
2026-01-05T21:37:51.279338,9.2,54.4,71.1,
2026-01-05T21:37:52.786650,0.4,54.4,71.1,
2026-01-05T21:37:56.487438,11.7,54.4,71.1,
2026-01-05T21:37:58.001398,0.6,54.4,71.1,
2026-01-05T21:38:01.675711,10.5,54.2,71.1,
2026-01-05T21:38:03.184027,0.4,54.2,71.1,
2026-01-05T21:38:06.858786,13.9,54.1,71.1,
2026-01-05T21:38:08.368062,1.0,54.1,71.1,
2026-01-05T21:38:12.068085,12.1,54.1,71.1,
2026-01-05T21:38:13.585091,0.8,54.1,71.1,
2026-01-05T21:38:17.274567,13.5,54.1,71.1,
2026-01-05T21:38:18.785304,1.6,54.2,71.1,
2026-01-05T21:38:22.506745,13.2,54.2,71.1,
2026-01-05T21:38:24.016256,0.8,54.1,71.1,
2026-01-05T21:38:27.683816,10.7,54.2,71.1,
2026-01-05T21:38:29.192853,1.4,54.2,71.1,
2026-01-05T21:38:32.887663,11.7,54.2,71.1,
2026-01-05T21:38:34.399318,0.4,54.2,71.1,
2026-01-05T21:38:38.088021,12.7,54.0,71.1,
2026-01-05T21:38:39.600572,1.8,54.0,71.1,
2026-01-05T21:38:43.298037,13.8,54.2,71.1,
2026-01-05T21:38:44.804367,1.4,54.2,71.1,
2026-01-05T21:38:48.487449,10.9,54.1,71.1,
2026-01-05T21:38:50.001822,0.4,54.1,71.1,
2026-01-05T21:38:53.671016,10.4,54.2,71.1,
2026-01-05T21:38:55.177283,1.2,54.2,71.1,
2026-01-05T21:38:58.875226,13.5,54.2,71.1,
2026-01-05T21:39:00.388977,0.4,54.2,71.1,
2026-01-05T21:39:04.077275,12.2,54.1,71.1,
2026-01-05T21:39:05.596217,0.2,54.1,71.1,
2026-01-05T21:39:09.310548,11.6,54.3,71.1,
2026-01-05T21:39:10.817759,0.8,54.3,71.1,
2026-01-05T21:39:14.550877,10.9,54.2,71.1,
2026-01-05T21:39:16.067975,0.6,54.2,71.1,
2026-01-05T21:39:19.727875,13.6,54.3,71.1,
2026-01-05T21:39:21.234743,0.6,54.3,71.1,
2026-01-05T21:39:24.934253,12.6,54.4,71.1,
2026-01-05T21:39:26.450042,1.0,54.3,71.1,
2026-01-05T21:39:30.149914,13.3,54.3,71.1,
2026-01-05T21:39:31.658396,0.4,54.3,71.1,
2026-01-05T21:39:35.361248,12.2,54.2,71.1,
2026-01-05T21:39:36.879325,0.4,54.2,71.1,
2026-01-05T21:39:40.528202,12.2,54.3,71.1,
2026-01-05T21:39:42.034475,2.6,54.2,71.1,
2026-01-05T21:39:45.689451,15.3,54.2,71.1,
2026-01-05T21:39:47.203741,0.4,54.2,71.1,
2026-01-05T21:39:50.871876,13.3,54.2,71.1,
2026-01-05T21:39:52.388015,2.1,54.3,71.1,
2026-01-05T21:39:56.043705,12.4,54.2,71.1,
2026-01-05T21:39:57.556141,1.6,54.1,71.1,
2026-01-05T21:40:01.270062,14.0,54.3,71.1,
2026-01-05T21:40:02.787636,0.8,54.3,71.1,
2026-01-05T21:40:06.521710,14.0,54.4,71.1,
2026-01-05T21:40:08.038213,0.6,54.3,71.1,
2026-01-05T21:40:11.731101,14.2,54.2,71.1,
2026-01-05T21:40:13.247501,1.4,54.2,71.1,
2026-01-05T21:40:16.923488,11.6,54.1,71.1,
2026-01-05T21:40:18.444354,0.4,54.2,71.1,
2026-01-05T21:40:22.122661,10.3,54.3,71.1,
2026-01-05T21:40:23.632231,1.0,54.3,71.1,
2026-01-05T21:40:27.326833,13.8,54.3,71.1,
2026-01-05T21:40:28.845921,0.8,54.3,71.1,
2026-01-05T21:40:32.494407,13.3,54.3,71.1,
2026-01-05T21:40:34.000893,0.8,54.3,71.1,
2026-01-05T21:40:37.708314,16.7,54.2,71.1,
2026-01-05T21:40:39.228355,0.8,54.3,71.1,
2026-01-05T21:40:42.897595,12.1,54.3,71.1,
2026-01-05T21:40:44.414405,0.8,54.3,71.1,
2026-01-05T21:40:48.112350,9.8,54.3,71.1,
2026-01-05T21:40:49.628429,0.2,54.3,71.1,
2026-01-05T21:40:53.315683,10.5,54.3,71.1,
2026-01-05T21:40:54.827708,1.4,54.3,71.1,
2026-01-05T21:40:58.518221,12.5,54.3,71.1,
2026-01-05T21:41:00.031735,1.8,54.3,71.1,
2026-01-05T21:41:03.707156,11.1,54.1,71.1,
2026-01-05T21:41:05.223888,1.2,54.2,71.1,
2026-01-05T21:41:08.890267,12.6,54.2,71.1,
2026-01-05T21:41:10.395647,0.8,54.2,71.1,
2026-01-05T21:41:14.059481,10.7,54.2,71.1,
2026-01-05T21:41:15.573822,0.2,54.2,71.1,
2026-01-05T21:41:19.248710,11.3,54.2,71.1,
2026-01-05T21:41:20.764540,0.4,54.2,71.1,
2026-01-05T21:41:24.434988,12.4,54.3,71.1,
2026-01-05T21:41:25.945854,1.8,54.3,71.1,
2026-01-05T21:41:29.612326,10.3,54.5,71.1,
2026-01-05T21:41:31.126905,0.6,54.4,71.1,
2026-01-05T21:41:34.814278,11.0,54.3,71.1,
2026-01-05T21:41:36.335492,1.1,54.2,71.1,
2026-01-05T21:41:40.018512,10.9,54.4,71.1,
2026-01-05T21:41:41.533912,0.2,54.4,71.1,
2026-01-05T21:41:45.252227,12.5,54.4,71.1,
2026-01-05T21:41:46.761912,0.2,54.4,71.1,
2026-01-05T21:41:50.450354,13.0,54.3,71.1,
2026-01-05T21:41:51.956274,0.4,54.3,71.1,
2026-01-05T21:41:55.627647,10.9,54.4,71.1,
2026-01-05T21:41:57.146762,2.3,54.4,71.1,
2026-01-05T21:42:00.850478,9.1,54.4,71.1,
2026-01-05T21:42:02.357238,1.0,54.4,71.1,
2026-01-05T21:42:06.063385,14.1,54.4,71.1,
2026-01-05T21:42:07.572327,1.4,54.4,71.1,
2026-01-05T21:42:11.267055,12.6,54.3,71.1,
2026-01-05T21:42:12.776610,1.6,54.4,71.1,
2026-01-05T21:42:16.452551,13.3,54.5,71.1,
2026-01-05T21:42:17.972839,0.8,54.5,71.1,
2026-01-05T21:42:21.616928,9.8,54.6,71.1,
2026-01-05T21:42:23.134980,0.4,54.6,71.1,
2026-01-05T21:42:26.802223,14.2,54.6,71.1,
2026-01-05T21:42:28.321050,0.4,54.6,71.1,
2026-01-05T21:42:32.019595,9.9,54.6,71.1,
2026-01-05T21:42:33.525752,1.2,54.6,71.1,
2026-01-05T21:42:37.230747,13.7,54.6,71.1,
2026-01-05T21:42:38.747796,0.4,54.6,71.1,
2026-01-05T21:42:42.457008,12.4,54.6,71.1,
2026-01-05T21:42:43.972420,3.7,54.5,71.1,
2026-01-05T21:42:47.673795,11.9,54.4,71.1,
2026-01-05T21:42:49.194813,0.6,54.4,71.1,
2026-01-05T21:42:52.884254,11.0,54.6,71.1,
2026-01-05T21:42:54.394245,1.2,54.6,71.1,
2026-01-05T21:42:58.098346,13.7,54.4,71.1,
2026-01-05T21:42:59.614808,1.4,54.4,71.1,
2026-01-05T21:43:03.295634,11.8,54.4,71.1,
2026-01-05T21:43:04.807814,0.4,54.3,71.1,
2026-01-05T21:43:08.467036,12.9,54.4,71.1,
2026-01-05T21:43:09.981926,0.8,54.4,71.1,
2026-01-05T21:43:13.654097,10.4,54.4,71.1,
2026-01-05T21:43:15.162273,1.0,54.3,71.1,
2026-01-05T21:43:18.851164,13.4,54.2,71.1,
2026-01-05T21:43:20.366649,0.0,54.3,71.1,
2026-01-05T21:43:24.060037,11.3,54.3,71.1,
2026-01-05T21:43:25.567006,0.6,54.3,71.1,
2026-01-05T21:43:29.261236,14.6,54.3,71.1,
2026-01-05T21:43:30.776778,0.6,54.3,71.1,
2026-01-05T21:43:34.454006,13.2,54.3,71.1,
2026-01-05T21:43:35.967240,0.8,54.3,71.1,
2026-01-05T21:43:39.660209,14.0,54.3,71.1,
2026-01-05T21:43:41.180956,0.8,54.3,71.1,
2026-01-05T21:43:44.888808,13.6,54.1,71.1,
2026-01-05T21:43:46.395098,0.8,54.2,71.1,
2026-01-05T21:43:50.093237,12.3,54.4,71.1,
2026-01-05T21:43:51.606654,0.0,54.4,71.1,
2026-01-05T21:43:55.264145,11.6,54.4,71.1,
2026-01-05T21:43:56.780157,1.0,54.4,71.1,
2026-01-05T21:44:00.466453,10.6,54.4,71.1,
2026-01-05T21:44:01.980352,0.6,54.4,71.1,
2026-01-05T21:44:05.674013,12.2,54.4,71.1,
2026-01-05T21:44:07.193825,0.4,54.4,71.1,
2026-01-05T21:44:10.883585,13.5,54.4,71.1,
2026-01-05T21:44:12.393412,0.2,54.3,71.1,
2026-01-05T21:44:16.092114,15.2,54.4,71.1,
2026-01-05T21:44:17.608940,0.6,54.4,71.1,
2026-01-05T21:44:21.313168,12.8,54.2,71.1,
2026-01-05T21:44:22.831003,0.8,54.2,71.1,
2026-01-05T21:44:26.549587,8.9,54.3,71.1,
2026-01-05T21:44:28.061179,0.2,54.3,71.1,
2026-01-05T21:44:31.744338,13.5,54.5,71.1,
2026-01-05T21:44:33.260100,0.0,54.4,71.1,
2026-01-05T21:44:36.951173,11.0,54.4,71.1,
2026-01-05T21:44:38.467822,1.2,54.4,71.1,
2026-01-05T21:44:42.145617,10.7,54.6,71.1,
2026-01-05T21:44:43.658637,0.2,54.6,71.1,
2026-01-05T21:44:47.363567,10.0,54.4,71.1,
2026-01-05T21:44:48.881960,0.6,54.4,71.1,
2026-01-05T21:44:52.557416,9.8,54.6,71.1,
2026-01-05T21:44:54.071437,3.3,54.6,71.1,
2026-01-05T21:44:57.785012,12.6,54.6,71.1,
2026-01-05T21:44:59.296556,2.6,54.4,71.1,
2026-01-05T21:45:02.988056,10.7,54.6,71.1,
2026-01-05T21:45:04.504334,0.6,54.6,71.1,
2026-01-05T21:45:08.221789,12.6,54.4,71.1,
2026-01-05T21:45:09.743117,0.2,54.4,71.1,
2026-01-05T21:45:13.419187,12.2,54.4,71.1,
2026-01-05T21:45:14.932609,0.6,54.4,71.1,
2026-01-05T21:45:18.595236,12.3,54.4,71.1,
2026-01-05T21:45:20.102681,0.6,54.4,71.1,
2026-01-05T21:45:23.769524,13.3,54.4,71.1,
2026-01-05T21:45:25.286715,1.2,54.4,71.1,
2026-01-05T21:45:28.981634,11.2,54.4,71.1,
2026-01-05T21:45:30.500616,1.8,54.4,71.1,
2026-01-05T21:45:34.227741,10.0,54.2,71.1,
2026-01-05T21:45:35.742465,0.6,54.2,71.1,
2026-01-05T21:45:39.435227,13.8,54.3,71.1,
2026-01-05T21:45:40.946491,1.0,54.4,71.1,
2026-01-05T21:45:44.658814,12.5,54.3,71.1,
2026-01-05T21:45:46.167830,0.2,54.3,71.1,
2026-01-05T21:45:49.830180,12.5,54.3,71.1,
2026-01-05T21:45:51.341172,0.6,54.3,71.1,
2026-01-05T21:45:55.007519,13.2,54.4,71.1,
2026-01-05T21:45:56.516361,0.6,54.4,71.1,
2026-01-05T21:46:00.184013,11.8,54.4,71.1,
2026-01-05T21:46:01.698304,0.8,54.4,71.1,
2026-01-05T21:46:05.378735,14.4,54.4,71.1,
2026-01-05T21:46:06.898589,2.8,54.4,71.1,
2026-01-05T21:46:10.577499,12.0,54.4,71.1,
2026-01-05T21:46:12.096546,0.6,54.4,71.1,
2026-01-05T21:46:15.817428,10.2,54.2,71.1,
2026-01-05T21:46:17.328205,1.0,54.2,71.1,
2026-01-05T21:46:21.031077,11.7,54.2,71.1,
2026-01-05T21:46:22.547197,0.4,54.2,71.1,
2026-01-05T21:46:26.249327,15.2,54.3,71.1,
2026-01-05T21:46:27.764737,0.8,54.3,71.1,
2026-01-05T21:46:31.486341,13.7,54.3,71.1,
2026-01-05T21:46:32.997143,0.8,54.3,71.1,
2026-01-05T21:46:36.684494,11.1,54.2,71.1,
2026-01-05T21:46:38.192227,0.4,54.2,71.1,
2026-01-05T21:46:41.890645,13.2,54.4,71.1,
2026-01-05T21:46:43.410946,0.6,54.4,71.1,
2026-01-05T21:46:47.085238,11.5,54.5,71.1,
2026-01-05T21:46:48.605474,1.6,54.4,71.1,
2026-01-05T21:46:52.269820,13.8,54.3,71.1,
2026-01-05T21:46:53.777887,0.0,54.3,71.1,
2026-01-05T21:46:57.472754,11.5,54.2,71.1,
2026-01-05T21:46:58.993822,1.6,54.2,71.1,
2026-01-05T21:47:02.668962,14.1,54.4,71.1,
2026-01-05T21:47:04.176537,4.3,54.4,71.1,
2026-01-05T21:47:07.854154,12.6,54.5,71.1,
2026-01-05T21:47:09.370780,1.2,54.5,71.1,
2026-01-05T21:47:13.053284,13.4,54.4,71.1,
2026-01-05T21:47:14.559731,0.2,54.4,71.1,
2026-01-05T21:47:18.259879,14.3,54.7,71.1,
2026-01-05T21:47:19.776275,0.6,54.7,71.1,
2026-01-05T21:47:23.468853,9.9,54.8,71.1,
2026-01-05T21:47:24.990698,1.4,54.8,71.1,
2026-01-05T21:47:28.679574,12.7,54.9,71.1,
2026-01-05T21:47:30.188579,0.0,54.8,71.1,
2026-01-05T21:47:33.863434,12.6,54.8,71.1,
2026-01-05T21:47:35.373118,0.0,54.8,71.1,
2026-01-05T21:47:39.037759,11.8,54.7,71.1,
2026-01-05T21:47:40.557347,2.0,54.7,71.1,
2026-01-05T21:47:44.241268,11.9,54.6,71.1,
2026-01-05T21:47:45.746551,2.3,54.6,71.1,
2026-01-05T21:47:49.415017,9.5,54.6,71.1,
2026-01-05T21:47:50.933283,1.2,54.6,71.1,
2026-01-05T21:47:54.621326,13.7,54.8,71.1,
2026-01-05T21:47:56.127171,1.8,54.9,71.1,
2026-01-05T21:47:57.632868,0.2,54.8,71.1,
2026-01-05T21:47:59.152218,1.0,54.8,71.1,
2026-01-05T21:48:00.660476,3.7,54.8,71.1,
2026-01-05T21:48:02.181841,2.7,54.8,71.1,
2026-01-05T21:48:03.694980,0.2,54.8,71.1,
2026-01-05T21:48:05.203565,2.0,54.8,71.1,
2026-01-05T21:48:06.720456,0.8,54.8,71.1,
2026-01-05T21:48:08.240140,0.2,54.8,71.1,
2026-01-05T21:48:09.753440,0.2,54.8,71.1,
2026-01-05T21:48:11.270794,0.0,54.8,71.1,
2026-01-05T21:48:12.785413,0.4,54.7,71.1,
2026-01-05T21:48:14.305907,0.0,54.8,71.1,
2026-01-05T21:48:15.815971,1.0,54.8,71.1,
2026-01-05T21:48:17.330668,2.7,54.8,71.1,
2026-01-05T21:48:18.851001,0.4,54.9,71.1,
2026-01-05T21:48:20.366878,0.2,54.9,71.1,
2026-01-05T21:48:21.887400,2.1,54.9,71.1,
2026-01-05T21:48:23.407814,1.2,54.8,71.1,
2026-01-05T21:48:24.921702,0.2,54.7,71.1,
2026-01-05T21:48:26.430551,0.2,54.7,71.1,
2026-01-05T21:48:27.944062,4.0,54.7,71.1,
2026-01-05T21:48:29.462028,0.2,54.6,71.1,
2026-01-05T21:48:30.971554,1.4,54.6,71.1,
2026-01-05T21:48:32.487602,1.0,54.7,71.1,
2026-01-05T21:48:34.007385,0.4,54.7,71.1,
2026-01-05T21:48:35.525487,0.4,54.7,71.1,
2026-01-05T21:48:37.035998,1.2,54.7,71.1,
2026-01-05T21:48:38.555726,0.2,54.7,71.1,
2026-01-05T21:48:40.070077,0.8,54.7,71.1,
2026-01-05T21:48:41.589379,0.0,54.7,71.1,
2026-01-05T21:48:43.109793,0.8,54.6,71.1,
2026-01-05T21:48:44.617128,0.2,54.6,71.1,
2026-01-05T21:48:46.132233,0.8,54.6,71.1,
2026-01-05T21:48:47.653363,0.4,54.6,71.1,
2026-01-05T21:48:50.941221,13.5,54.6,71.1,
2026-01-05T21:48:52.448403,1.8,54.7,71.1,
2026-01-05T21:48:56.150757,12.4,54.7,71.1,
2026-01-05T21:48:57.665025,0.4,54.7,71.1,
2026-01-05T21:49:01.371009,16.1,54.6,71.1,
2026-01-05T21:49:02.878745,0.4,54.6,71.1,
2026-01-05T21:49:06.576494,12.6,54.8,71.1,
2026-01-05T21:49:08.108558,3.7,54.8,71.1,
2026-01-05T21:49:11.800551,12.8,54.8,71.1,
2026-01-05T21:49:13.309047,2.7,54.8,71.1,
2026-01-05T21:49:16.980108,14.8,54.8,71.1,
2026-01-05T21:49:18.495306,0.4,54.8,71.1,
2026-01-05T21:49:22.178284,14.3,54.8,71.1,
2026-01-05T21:49:23.693636,0.9,54.8,71.1,
2026-01-05T21:49:27.389072,11.2,54.8,71.1,
2026-01-05T21:49:28.901757,0.8,54.8,71.1,
2026-01-05T21:49:32.609945,14.8,54.8,71.1,
2026-01-05T21:49:34.123885,2.2,54.9,71.1,
2026-01-05T21:49:37.833392,12.2,54.8,71.1,
2026-01-05T21:49:39.341610,0.4,54.7,71.1,
2026-01-05T21:49:43.092624,10.7,54.7,71.1,
2026-01-05T21:49:44.601849,0.2,54.7,71.1,
2026-01-05T21:49:48.280918,11.4,54.8,71.1,
2026-01-05T21:49:49.786263,1.4,54.8,71.1,
2026-01-05T21:49:53.469146,9.2,54.7,71.1,
2026-01-05T21:49:54.980172,0.0,54.7,71.1,
2026-01-05T21:49:58.653851,14.4,54.7,71.1,
2026-01-05T21:50:00.167055,0.0,54.8,71.1,
2026-01-05T21:50:03.841658,8.9,54.8,71.1,
2026-01-05T21:50:05.356651,0.8,54.8,71.1,
2026-01-05T21:50:09.058830,13.0,54.7,71.1,
2026-01-05T21:50:10.572775,0.6,54.7,71.1,
2026-01-05T21:50:14.287512,12.0,54.7,71.1,
2026-01-05T21:50:15.800310,1.0,54.7,71.1,
2026-01-05T21:50:19.510230,10.1,54.7,71.1,
2026-01-05T21:50:21.019330,0.2,54.7,71.1,
2026-01-05T21:50:24.678288,13.9,54.8,71.1,
2026-01-05T21:50:26.187211,0.6,54.8,71.1,
2026-01-05T21:50:29.863634,12.5,54.8,71.1,
2026-01-05T21:50:31.370734,0.2,54.8,71.1,
2026-01-05T21:50:35.062519,11.8,54.8,71.1,
2026-01-05T21:50:36.583517,0.4,54.8,71.1,
2026-01-05T21:50:40.245207,13.7,54.8,71.1,
2026-01-05T21:50:41.753807,1.2,54.8,71.1,
2026-01-05T21:50:45.481715,12.0,54.6,71.1,
2026-01-05T21:50:47.002464,0.8,54.6,71.1,
2026-01-05T21:50:50.688325,13.7,54.6,71.1,
2026-01-05T21:50:52.200719,0.6,54.7,71.1,
2026-01-05T21:50:55.904389,12.2,54.6,71.1,
2026-01-05T21:50:57.415822,0.6,54.6,71.1,
2026-01-05T21:51:01.130622,14.0,54.7,71.1,
2026-01-05T21:51:02.644118,0.2,54.7,71.1,
2026-01-05T21:51:06.315777,15.1,54.8,71.1,
2026-01-05T21:51:07.830614,0.4,54.8,71.1,
2026-01-05T21:51:11.501820,13.2,54.8,71.1,
2026-01-05T21:51:13.015219,3.6,54.7,71.1,
2026-01-05T21:51:16.713656,12.5,54.8,71.1,
2026-01-05T21:51:18.220592,0.0,54.7,71.1,
2026-01-05T21:51:21.906467,13.3,54.8,71.1,
2026-01-05T21:51:23.414752,0.4,54.7,71.1,
2026-01-05T21:51:27.096709,11.6,54.8,71.1,
2026-01-05T21:51:28.610123,0.6,54.7,71.1,
2026-01-05T21:51:32.312293,15.8,54.8,71.1,
2026-01-05T21:51:33.826935,0.6,54.8,71.1,
2026-01-05T21:51:37.513763,12.8,54.6,71.1,
2026-01-05T21:51:39.027528,0.2,54.6,71.1,
2026-01-05T21:51:42.693865,12.4,54.6,71.1,
2026-01-05T21:51:44.208349,0.6,54.6,71.1,
2026-01-05T21:51:47.875195,9.9,54.7,71.1,
2026-01-05T21:51:49.387634,2.4,54.7,71.1,
2026-01-05T21:51:53.090290,11.3,54.7,71.1,
2026-01-05T21:51:54.609468,3.5,54.8,71.1,
2026-01-05T21:51:58.278300,14.5,54.8,71.1,
2026-01-05T21:51:59.793222,0.8,54.7,71.1,
2026-01-05T21:52:03.482186,14.2,54.7,71.1,
2026-01-05T21:52:05.001262,0.2,54.7,71.1,
2026-01-05T21:52:08.666175,12.2,54.7,71.1,
2026-01-05T21:52:10.185639,0.8,54.7,71.1,
2026-01-05T21:52:13.902959,11.3,54.7,71.1,
2026-01-05T21:52:15.410676,3.0,54.6,71.1,
2026-01-05T21:52:19.098573,14.6,54.6,71.1,
2026-01-05T21:52:20.617394,3.9,54.9,71.1,
2026-01-05T21:52:24.319020,12.4,52.1,71.1,
2026-01-05T21:52:25.833642,0.0,52.1,71.1,
2026-01-05T21:52:29.551436,12.5,52.2,71.1,
2026-01-05T21:52:31.071620,0.4,52.2,71.1,
2026-01-05T21:52:34.733684,11.9,52.2,71.1,
2026-01-05T21:52:36.254328,1.3,52.9,71.1,
2026-01-05T21:52:39.945737,12.8,53.0,71.1,
2026-01-05T21:52:41.455539,0.0,52.9,71.1,
2026-01-05T21:52:45.152282,12.9,52.9,71.1,
2026-01-05T21:52:46.670341,1.8,53.0,71.1,
2026-01-05T21:52:50.338374,16.0,53.0,71.1,
2026-01-05T21:52:51.854846,0.6,53.1,71.1,
2026-01-05T21:52:55.516704,12.3,53.1,71.1,
2026-01-05T21:52:57.035846,0.6,53.1,71.1,
2026-01-05T21:53:00.786159,12.8,53.3,71.1,
2026-01-05T21:53:02.295556,0.8,53.3,71.1,
2026-01-05T21:53:05.989031,12.7,53.2,71.1,
2026-01-05T21:53:07.501519,0.2,53.3,71.1,
2026-01-05T21:53:11.184264,13.4,53.2,71.1,
2026-01-05T21:53:12.701904,0.6,52.5,71.1,
2026-01-05T21:53:16.345093,11.0,52.5,71.1,
2026-01-05T21:53:17.854259,1.2,52.4,71.1,
2026-01-05T21:53:21.582774,11.1,52.5,71.1,
2026-01-05T21:53:23.089995,1.0,52.5,71.1,
2026-01-05T21:53:26.825298,13.0,52.5,71.1,
2026-01-05T21:53:28.334314,0.6,52.5,71.1,
2026-01-05T21:53:32.009081,14.5,52.5,71.1,
2026-01-05T21:53:33.529273,1.5,52.6,71.1,
2026-01-05T21:53:37.161312,9.2,52.6,71.1,
2026-01-05T21:53:38.681837,0.6,52.6,71.1,
2026-01-05T21:53:42.355216,13.1,52.6,71.1,
2026-01-05T21:53:43.865293,0.2,52.6,71.1,
2026-01-05T21:53:47.532248,14.7,52.6,71.1,
2026-01-05T21:53:49.046717,1.0,52.6,71.1,
2026-01-05T21:53:52.732919,11.4,52.9,71.1,
2026-01-05T21:53:54.244813,2.0,53.2,71.1,
2026-01-05T21:53:57.940597,14.5,52.9,71.1,
2026-01-05T21:53:59.446404,2.0,52.9,71.1,
2026-01-05T21:54:03.129261,12.7,52.9,71.1,
2026-01-05T21:54:04.641462,0.8,52.9,71.1,
2026-01-05T21:54:08.329602,11.9,53.0,71.1,
2026-01-05T21:54:09.841752,0.6,52.9,71.1,
2026-01-05T21:54:13.517110,11.8,53.0,71.1,
2026-01-05T21:54:15.029249,0.4,53.0,71.1,
2026-01-05T21:54:18.692837,12.3,53.1,71.1,
2026-01-05T21:54:20.208589,0.4,53.1,71.1,
2026-01-05T21:54:23.939671,11.6,52.9,71.1,
2026-01-05T21:54:25.446165,0.2,52.9,71.1,
2026-01-05T21:54:29.123851,12.6,53.4,71.1,
2026-01-05T21:54:30.641681,1.0,53.4,71.1,
2026-01-05T21:54:34.303818,12.2,53.3,71.1,
2026-01-05T21:54:35.816082,0.6,53.3,71.1,
2026-01-05T21:54:39.489375,13.3,53.4,71.1,
2026-01-05T21:54:41.009652,1.2,53.4,71.1,
2026-01-05T21:54:44.767717,13.9,53.5,71.1,
2026-01-05T21:54:46.275206,0.4,53.5,71.1,
2026-01-05T21:54:49.998647,13.5,53.3,71.1,
2026-01-05T21:54:51.510475,0.6,53.4,71.1,
2026-01-05T21:54:55.206581,14.5,53.4,71.1,
2026-01-05T21:54:56.722382,0.6,53.4,71.1,
2026-01-05T21:55:00.438791,8.4,53.4,71.1,
2026-01-05T21:55:01.948670,1.0,53.6,71.1,
2026-01-05T21:55:05.670683,10.1,53.6,71.1,
2026-01-05T21:55:07.184421,0.8,53.5,71.1,
2026-01-05T21:55:10.905653,12.4,53.8,71.1,
2026-01-05T21:55:12.417930,1.2,53.7,71.1,
2026-01-05T21:55:16.090860,15.3,53.6,71.1,
2026-01-05T21:55:17.601202,0.8,53.5,71.1,
2026-01-05T21:55:21.286421,13.7,53.4,71.1,
2026-01-05T21:55:22.799383,1.8,53.4,71.1,
2026-01-05T21:55:26.513916,13.2,53.4,71.1,
2026-01-05T21:55:28.020236,0.4,53.3,71.1,
2026-01-05T21:55:31.750812,8.9,53.4,71.1,
2026-01-05T21:55:33.271815,0.0,53.4,71.1,
2026-01-05T21:55:36.952426,14.0,53.4,71.1,
2026-01-05T21:55:38.458592,2.4,53.5,71.1,
2026-01-05T21:55:42.156590,12.4,53.8,71.1,
2026-01-05T21:55:43.663741,7.0,53.7,71.1,
2026-01-05T21:55:47.381671,13.7,53.5,71.1,
2026-01-05T21:55:48.895516,0.8,53.5,71.1,
2026-01-05T21:55:52.582726,12.9,53.5,71.1,
2026-01-05T21:55:54.092745,2.1,53.7,71.1,
2026-01-05T21:55:57.826998,10.1,54.2,71.1,
2026-01-05T21:55:59.335073,4.0,54.4,71.1,
2026-01-05T21:56:03.048968,14.3,54.4,71.1,
2026-01-05T21:56:04.567596,0.6,54.4,71.1,
2026-01-05T21:56:08.271153,12.8,54.5,71.1,
2026-01-05T21:56:09.783598,0.2,54.5,71.1,
2026-01-05T21:56:13.484672,12.4,55.1,71.1,
2026-01-05T21:56:15.000315,1.4,55.1,71.1,
2026-01-05T21:56:18.693739,11.2,55.3,71.1,
2026-01-05T21:56:20.213188,1.8,55.3,71.1,
2026-01-05T21:56:23.883056,13.7,55.4,71.1,
2026-01-05T21:56:25.392457,1.2,55.4,71.1,
2026-01-05T21:56:29.090596,9.5,55.3,71.1,
2026-01-05T21:56:30.602385,0.2,55.3,71.1,
2026-01-05T21:56:34.325565,12.1,55.3,71.1,
2026-01-05T21:56:35.845590,0.0,55.2,71.1,
2026-01-05T21:56:39.562396,14.4,55.3,71.1,
2026-01-05T21:56:41.083349,0.8,55.2,71.1,
2026-01-05T21:56:44.785010,11.0,55.7,71.1,
2026-01-05T21:56:46.302786,1.0,55.7,71.1,
2026-01-05T21:56:49.999950,11.4,55.8,71.1,
2026-01-05T21:56:51.518778,0.6,55.8,71.1,
2026-01-05T21:56:55.203652,11.0,56.6,71.1,
2026-01-05T21:56:56.724274,0.4,56.6,71.1,
2026-01-05T21:57:00.392183,12.9,56.6,71.1,
2026-01-05T21:57:01.909677,0.6,56.6,71.1,
2026-01-05T21:57:05.612648,13.5,56.6,71.1,
2026-01-05T21:57:07.125954,0.6,56.6,71.1,
2026-01-05T21:57:10.828407,14.6,56.8,71.1,
2026-01-05T21:57:12.337171,1.8,56.8,71.1,
2026-01-05T21:57:16.021419,12.7,56.8,71.1,
2026-01-05T21:57:17.540771,1.6,56.7,71.1,
2026-01-05T21:57:21.260696,12.7,56.8,71.1,
2026-01-05T21:57:22.769365,1.0,56.8,71.1,
2026-01-05T21:57:26.511896,13.5,56.8,71.1,
2026-01-05T21:57:28.028557,0.6,56.8,71.1,
2026-01-05T21:57:31.745552,9.7,57.0,71.1,
2026-01-05T21:57:33.259065,0.2,57.7,71.1,
2026-01-05T21:57:36.949894,10.6,57.3,71.1,
2026-01-05T21:57:38.467372,0.4,57.2,71.1,
2026-01-05T21:57:42.154151,10.8,54.8,71.1,
2026-01-05T21:57:43.667867,1.0,54.8,71.1,
2026-01-05T21:57:47.380779,13.4,55.2,71.1,
2026-01-05T21:57:48.888201,1.0,55.3,71.1,
2026-01-05T21:57:52.646500,9.7,55.4,71.1,
2026-01-05T21:57:54.154638,0.8,55.3,71.1,
2026-01-05T21:57:57.862844,9.5,55.8,71.1,
2026-01-05T21:57:59.376999,0.6,56.0,71.1,
2026-01-05T21:58:03.103369,13.2,55.8,71.1,
2026-01-05T21:58:04.610475,0.6,55.7,71.1,
2026-01-05T21:58:08.283413,12.1,55.9,71.1,
2026-01-05T21:58:09.803288,1.0,55.9,71.1,
2026-01-05T21:58:13.466109,19.1,55.2,71.1,
2026-01-05T21:58:14.988815,0.4,55.1,71.1,
2026-01-05T21:58:18.661463,13.2,55.0,71.1,
2026-01-05T21:58:20.173899,0.4,55.0,71.1,
2026-01-05T21:58:23.877243,13.8,54.8,71.1,
2026-01-05T21:58:25.384931,1.2,54.8,71.1,
2026-01-05T21:58:29.093315,13.1,54.8,71.1,
2026-01-05T21:58:30.603633,1.0,54.8,71.1,
2026-01-05T21:58:34.298729,11.2,55.0,71.1,
2026-01-05T21:58:35.815014,1.0,55.0,71.1,
2026-01-05T21:58:39.520125,12.2,55.4,71.1,
2026-01-05T21:58:41.033375,2.4,55.2,71.1,
2026-01-05T21:58:44.742950,13.2,55.2,71.1,
2026-01-05T21:58:46.251767,1.2,55.4,71.1,
2026-01-05T21:58:49.955646,12.1,55.3,71.1,
2026-01-05T21:58:51.466637,3.3,55.3,71.1,
2026-01-05T21:58:55.224178,13.7,56.6,71.1,
2026-01-05T21:58:56.741045,0.6,55.9,71.1,
2026-01-05T21:59:00.449750,12.6,56.2,71.1,
2026-01-05T21:59:01.958893,5.0,56.0,71.1,
2026-01-05T21:59:05.713740,12.9,56.0,71.1,
2026-01-05T21:59:07.226322,1.4,56.0,71.1,
2026-01-05T21:59:10.932057,12.6,55.9,71.1,
2026-01-05T21:59:12.441716,0.2,56.0,71.1,
2026-01-05T21:59:16.119924,14.7,55.9,71.1,
2026-01-05T21:59:17.634941,0.6,55.9,71.1,
2026-01-05T21:59:21.322572,14.3,55.9,71.1,
2026-01-05T21:59:22.830936,0.4,55.8,71.1,
2026-01-05T21:59:26.530682,14.6,55.7,71.1,
2026-01-05T21:59:28.040670,0.6,55.7,71.1,
2026-01-05T21:59:31.734801,11.1,55.6,71.1,
2026-01-05T21:59:33.242842,2.6,55.6,71.1,
2026-01-05T21:59:36.946900,10.3,55.7,71.1,
2026-01-05T21:59:38.463517,0.6,55.7,71.1,
2026-01-05T21:59:42.160062,12.6,55.6,71.1,
2026-01-05T21:59:43.678265,0.8,55.6,71.1,
2026-01-05T21:59:47.379357,11.2,55.7,71.1,
2026-01-05T21:59:48.891921,0.6,55.7,71.1,
2026-01-05T21:59:52.569772,13.2,55.7,71.1,
2026-01-05T21:59:54.086626,0.6,55.6,71.1,
2026-01-05T21:59:57.795806,13.6,55.5,71.1,
2026-01-05T21:59:59.315300,1.0,55.4,71.1,
2026-01-05T22:00:02.978794,13.1,55.6,71.1,
2026-01-05T22:00:04.485763,0.8,56.2,71.1,
2026-01-05T22:00:08.172781,11.7,56.1,71.1,
2026-01-05T22:00:09.692654,1.0,56.0,71.1,
2026-01-05T22:00:13.387496,12.4,55.9,71.1,
2026-01-05T22:00:14.894814,0.2,55.9,71.1,
2026-01-05T22:00:18.573411,11.8,56.0,71.1,
2026-01-05T22:00:20.094269,1.0,56.0,71.1,
2026-01-05T22:00:23.814109,11.3,55.9,71.1,
2026-01-05T22:00:25.332818,1.6,55.9,71.1,
2026-01-05T22:00:29.057797,12.6,55.9,71.1,
2026-01-05T22:00:30.578995,0.4,55.9,71.1,
2026-01-05T22:00:34.253552,11.9,56.0,71.1,
2026-01-05T22:00:35.768743,0.6,56.1,71.1,
2026-01-05T22:00:39.488586,12.6,56.1,71.1,
2026-01-05T22:00:41.002959,1.9,56.2,71.1,
2026-01-05T22:00:44.704707,12.9,57.1,71.1,
2026-01-05T22:00:46.218193,0.8,56.8,71.1,
2026-01-05T22:00:49.892614,12.0,56.4,71.1,
2026-01-05T22:00:51.408486,3.9,56.4,71.1,
2026-01-05T22:00:55.091197,12.9,56.2,71.1,
2026-01-05T22:00:56.601708,0.6,56.2,71.1,
2026-01-05T22:01:00.266099,14.8,56.0,71.1,
2026-01-05T22:01:01.784357,0.4,56.1,71.1,
2026-01-05T22:01:05.467190,11.4,56.1,71.1,
2026-01-05T22:01:06.992303,0.2,56.2,71.1,
2026-01-05T22:01:10.696965,13.0,56.1,71.1,
2026-01-05T22:01:12.216289,1.2,56.1,71.1,
2026-01-05T22:01:15.953040,11.3,56.0,71.1,
2026-01-05T22:01:17.467308,0.8,56.0,71.1,
2026-01-05T22:01:21.166337,9.7,56.0,71.1,
2026-01-05T22:01:22.682848,0.6,56.1,71.1,
2026-01-05T22:01:26.387037,12.6,55.7,71.1,
2026-01-05T22:01:27.893554,0.4,55.7,71.1,
2026-01-05T22:01:31.573605,15.4,55.7,71.1,
2026-01-05T22:01:33.081054,0.9,55.8,71.1,
2026-01-05T22:01:36.772485,11.5,56.4,71.1,
2026-01-05T22:01:38.281199,0.6,56.2,71.1,
2026-01-05T22:01:42.029667,11.1,56.5,71.1,
2026-01-05T22:01:43.543327,2.4,56.6,71.1,
2026-01-05T22:01:47.246266,10.9,56.6,71.1,
2026-01-05T22:01:48.755742,0.8,56.6,71.1,
2026-01-05T22:01:52.425633,11.3,56.5,71.1,
2026-01-05T22:01:53.931922,0.8,56.6,71.1,
2026-01-05T22:01:57.622213,14.6,56.6,71.1,
2026-01-05T22:01:59.130604,1.0,56.6,71.1,
2026-01-05T22:02:02.821916,12.4,56.7,71.1,
2026-01-05T22:02:04.341157,0.8,56.6,71.1,
2026-01-05T22:02:08.019708,14.1,56.4,71.1,
2026-01-05T22:02:09.527496,0.4,56.4,71.1,
2026-01-05T22:02:13.198103,12.1,56.5,71.1,
2026-01-05T22:02:14.711059,0.2,56.4,71.1,
2026-01-05T22:02:18.390660,14.9,56.3,71.1,
2026-01-05T22:02:19.908886,0.6,56.4,71.1,
2026-01-05T22:02:23.606909,10.4,56.3,71.1,
2026-01-05T22:02:25.123129,0.0,56.2,71.1,
2026-01-05T22:02:28.848319,11.8,56.1,71.1,
2026-01-05T22:02:30.360384,0.6,56.1,71.1,
2026-01-05T22:02:34.029458,13.7,55.9,71.1,
2026-01-05T22:02:35.543097,0.6,55.9,71.1,
2026-01-05T22:02:39.275739,13.7,55.8,71.1,
2026-01-05T22:02:40.784138,0.8,55.7,71.1,
2026-01-05T22:02:44.455928,10.9,55.9,71.1,
2026-01-05T22:02:45.973804,1.0,55.9,71.1,
2026-01-05T22:02:49.635857,10.4,55.9,71.1,
2026-01-05T22:02:51.159822,3.0,55.9,71.1,
2026-01-05T22:02:54.846490,14.0,55.8,71.1,
2026-01-05T22:02:56.356752,0.6,55.8,71.1,
2026-01-05T22:03:00.045729,11.3,56.0,71.1,
2026-01-05T22:03:01.551695,2.8,56.0,71.1,
2026-01-05T22:03:05.231175,12.6,55.9,71.1,
2026-01-05T22:03:06.751021,0.6,56.0,71.1,
2026-01-05T22:03:10.435617,12.8,56.0,71.1,
2026-01-05T22:03:11.952967,0.8,55.9,71.1,
2026-01-05T22:03:15.689562,11.9,55.7,71.1,
2026-01-05T22:03:17.200523,0.6,55.7,71.1,
2026-01-05T22:03:20.892433,11.4,55.8,71.1,
2026-01-05T22:03:22.405760,1.2,55.8,71.1,
2026-01-05T22:03:26.078742,13.6,55.8,71.1,
2026-01-05T22:03:27.598439,0.2,55.8,71.1,
2026-01-05T22:03:31.263603,10.9,56.3,71.1,
2026-01-05T22:03:32.782711,1.4,56.2,71.1,
2026-01-05T22:03:36.457712,14.4,56.3,71.1,
2026-01-05T22:03:37.971564,3.3,56.3,71.1,
2026-01-05T22:03:41.657942,10.1,56.3,71.1,
2026-01-05T22:03:43.171966,3.7,56.3,71.1,
2026-01-05T22:03:46.866138,11.3,56.2,71.1,
2026-01-05T22:03:48.372414,0.4,56.2,71.1,
2026-01-05T22:03:52.067123,14.5,55.5,71.1,
2026-01-05T22:03:53.578908,0.8,55.5,71.1,
2026-01-05T22:03:57.243805,10.8,55.5,71.1,
2026-01-05T22:03:58.765496,1.0,55.5,71.1,
2026-01-05T22:04:02.479869,12.3,55.4,71.1,
2026-01-05T22:04:03.988981,0.6,55.3,71.1,
2026-01-05T22:04:07.674491,12.4,55.2,71.1,
2026-01-05T22:04:09.182440,0.4,55.2,71.1,
2026-01-05T22:04:12.902900,11.3,55.3,71.1,
2026-01-05T22:04:14.412852,0.8,55.3,71.1,
2026-01-05T22:04:18.095317,11.1,55.3,71.1,
2026-01-05T22:04:19.611950,1.0,55.3,71.1,
2026-01-05T22:04:23.295097,12.4,55.3,71.1,
2026-01-05T22:04:24.813509,0.6,55.4,71.1,
2026-01-05T22:04:28.536244,13.8,55.4,71.1,
2026-01-05T22:04:30.042706,0.2,55.4,71.1,
2026-01-05T22:04:33.729219,12.0,55.3,71.1,
2026-01-05T22:04:35.241935,1.0,55.4,71.1,
2026-01-05T22:04:38.931537,11.8,55.3,71.1,
2026-01-05T22:04:40.442858,0.4,55.2,71.1,
2026-01-05T22:04:44.155675,14.3,55.2,71.1,
2026-01-05T22:04:45.664381,2.1,55.2,71.1,
2026-01-05T22:04:49.362908,11.4,55.5,71.1,
2026-01-05T22:04:50.873143,0.2,55.4,71.1,
2026-01-05T22:04:54.577104,12.9,55.4,71.1,
2026-01-05T22:04:56.090561,0.4,55.3,71.1,
2026-01-05T22:04:59.775998,12.5,55.3,71.1,
2026-01-05T22:05:01.290611,0.6,55.3,71.1,
2026-01-05T22:05:04.972405,12.6,55.3,71.1,
2026-01-05T22:05:06.492556,1.8,55.3,71.1,
2026-01-05T22:05:10.187076,10.3,55.4,71.1,
2026-01-05T22:05:11.706624,0.6,55.4,71.1,
2026-01-05T22:05:15.402330,11.5,55.3,71.1,
2026-01-05T22:05:16.920633,4.9,55.6,71.1,
2026-01-05T22:05:20.635980,13.0,55.6,71.1,
2026-01-05T22:05:22.143271,0.2,55.6,71.1,
2026-01-05T22:05:25.844427,11.3,55.6,71.1,
2026-01-05T22:05:27.357847,1.4,55.6,71.1,
2026-01-05T22:05:31.060446,13.0,55.7,71.1,
2026-01-05T22:05:32.566656,0.6,55.6,71.1,
2026-01-05T22:05:36.279936,13.1,55.5,71.1,
2026-01-05T22:05:37.799442,3.3,55.6,71.1,
2026-01-05T22:05:41.472586,12.6,55.5,71.1,
2026-01-05T22:05:42.990864,1.4,55.6,71.1,
2026-01-05T22:05:46.670046,10.7,55.6,71.1,
2026-01-05T22:05:48.182291,0.8,55.6,71.1,
2026-01-05T22:05:51.845421,12.8,55.7,71.1,
2026-01-05T22:05:53.356048,1.0,55.6,71.1,
2026-01-05T22:05:57.075196,11.5,55.8,71.1,
2026-01-05T22:05:58.591987,1.0,55.9,71.1,
2026-01-05T22:06:02.308074,11.0,56.0,71.1,
2026-01-05T22:06:03.816642,0.6,56.0,71.1,
2026-01-05T22:06:07.496576,13.2,55.9,71.1,
2026-01-05T22:06:09.018295,0.6,55.9,71.1,
2026-01-05T22:06:12.731453,12.3,56.0,71.1,
2026-01-05T22:06:14.238129,1.6,55.9,71.1,
2026-01-05T22:06:17.927267,12.2,55.9,71.1,
2026-01-05T22:06:19.443709,1.0,55.9,71.1,
2026-01-05T22:06:23.112580,12.9,55.8,71.1,
2026-01-05T22:06:24.632502,2.2,56.0,71.1,
2026-01-05T22:06:28.296429,11.7,55.9,71.1,
2026-01-05T22:06:29.813552,0.8,55.9,71.1,
2026-01-05T22:06:33.540017,12.6,55.8,71.1,
2026-01-05T22:06:35.051516,0.4,55.8,71.1,
2026-01-05T22:06:38.732755,12.6,55.8,71.1,
2026-01-05T22:06:40.243998,0.2,55.9,71.1,
2026-01-05T22:06:43.943555,12.5,55.9,71.1,
2026-01-05T22:06:45.456467,1.4,55.9,71.1,
2026-01-05T22:06:49.142815,8.9,55.9,71.1,
2026-01-05T22:06:50.650567,0.4,55.9,71.1,
2026-01-05T22:06:54.341142,13.8,56.1,71.1,
2026-01-05T22:06:55.862873,1.4,56.1,71.1,
2026-01-05T22:06:59.535162,12.5,55.9,71.1,
2026-01-05T22:07:01.043941,0.6,55.9,71.1,
2026-01-05T22:07:04.763600,13.3,56.1,71.1,
2026-01-05T22:07:06.283571,3.6,56.1,71.1,
2026-01-05T22:07:09.967288,13.3,56.6,71.1,
2026-01-05T22:07:11.480715,1.4,56.6,71.1,
2026-01-05T22:07:15.213961,13.3,56.9,71.1,
2026-01-05T22:07:16.733952,1.8,56.6,71.1,
2026-01-05T22:07:20.421757,10.2,56.6,71.1,
2026-01-05T22:07:21.939774,0.8,56.6,71.1,
2026-01-05T22:07:25.636014,12.4,56.3,71.1,
2026-01-05T22:07:27.145782,0.6,56.4,71.1,
2026-01-05T22:07:30.827827,13.3,56.2,71.1,
2026-01-05T22:07:32.337777,0.2,56.2,71.1,
2026-01-05T22:07:36.038639,14.4,56.1,71.1,
2026-01-05T22:07:37.560379,1.6,56.2,71.1,
2026-01-05T22:07:41.228910,12.3,56.2,71.1,
2026-01-05T22:07:42.739215,1.0,56.1,71.1,
2026-01-05T22:07:46.477114,11.4,56.7,71.1,
2026-01-05T22:07:47.992104,1.4,56.8,71.1,
2026-01-05T22:07:51.721164,12.4,56.6,71.1,
2026-01-05T22:07:53.228291,0.8,56.5,71.1,
2026-01-05T22:07:56.934036,14.2,56.5,71.1,
2026-01-05T22:07:58.444672,0.6,56.5,71.1,
2026-01-05T22:08:02.126026,12.7,56.4,71.1,
2026-01-05T22:08:03.631396,6.8,56.9,71.1,
2026-01-05T22:08:07.307946,14.1,56.8,71.1,
2026-01-05T22:08:08.816708,1.0,56.5,71.1,
2026-01-05T22:08:12.510051,15.3,56.4,71.1,
2026-01-05T22:08:14.019356,0.8,56.5,71.1,
2026-01-05T22:08:17.704801,12.6,56.5,71.1,
2026-01-05T22:08:19.217404,3.1,56.5,71.1,
2026-01-05T22:08:22.929938,11.2,56.4,71.1,
2026-01-05T22:08:24.450295,0.2,56.4,71.1,
2026-01-05T22:08:28.167007,12.0,56.4,71.1,
2026-01-05T22:08:29.685263,0.6,56.3,71.1,
2026-01-05T22:08:33.401854,13.1,56.3,71.1,
2026-01-05T22:08:34.912720,1.6,56.3,71.1,
2026-01-05T22:08:38.614088,9.8,56.3,71.1,
2026-01-05T22:08:40.123029,0.4,56.4,71.1,
2026-01-05T22:08:43.811530,11.9,56.3,71.1,
2026-01-05T22:08:45.329660,0.0,56.3,71.1,
2026-01-05T22:08:49.013821,13.1,56.3,71.1,
2026-01-05T22:08:50.524739,0.6,56.2,71.1,
2026-01-05T22:08:54.251324,12.7,56.1,71.1,
2026-01-05T22:08:55.768035,0.6,56.1,71.1,
2026-01-05T22:08:59.433715,11.9,56.1,71.1,
2026-01-05T22:09:00.951677,0.6,56.2,71.1,
2026-01-05T22:09:04.651649,13.0,56.2,71.1,
2026-01-05T22:09:06.166805,0.6,56.1,71.1,
2026-01-05T22:09:09.845207,12.0,56.1,71.1,
2026-01-05T22:09:11.355532,5.5,56.3,71.1,
2026-01-05T22:09:15.064762,16.3,56.4,71.1,
2026-01-05T22:09:16.576673,0.4,56.4,71.1,
2026-01-05T22:09:20.322765,12.0,56.1,71.1,
2026-01-05T22:09:21.829953,0.4,56.0,71.1,
2026-01-05T22:09:25.582407,14.0,55.9,71.1,
2026-01-05T22:09:27.100219,0.4,56.0,71.1,
2026-01-05T22:09:30.813199,12.3,56.0,71.1,
2026-01-05T22:09:32.332816,1.4,55.9,71.1,
2026-01-05T22:09:36.014028,11.6,56.8,71.1,
2026-01-05T22:09:37.520816,4.8,56.7,71.1,
2026-01-05T22:09:41.271521,10.7,56.6,71.1,
2026-01-05T22:09:42.788536,3.4,56.7,71.1,
2026-01-05T22:09:46.463654,12.3,56.7,71.1,
2026-01-05T22:09:47.981334,0.2,56.7,71.1,
2026-01-05T22:09:51.663871,13.2,56.6,71.1,
2026-01-05T22:09:53.182140,0.0,56.6,71.1,
2026-01-05T22:09:56.854981,12.7,56.6,71.1,
2026-01-05T22:09:58.363500,1.2,56.7,71.1,
2026-01-05T22:10:02.090012,10.3,56.4,71.1,
2026-01-05T22:10:03.601810,1.2,56.4,71.1,
2026-01-05T22:10:07.303115,13.3,56.7,71.1,
2026-01-05T22:10:08.815412,0.8,56.6,71.1,
2026-01-05T22:10:12.475617,13.2,56.6,71.1,
2026-01-05T22:10:13.994008,0.2,56.6,71.1,
2026-01-05T22:10:17.637631,11.2,56.6,71.1,
2026-01-05T22:10:19.150660,0.0,56.6,71.1,
2026-01-05T22:10:22.840312,13.4,56.4,71.1,
2026-01-05T22:10:24.354468,0.8,56.4,71.1,
2026-01-05T22:10:28.040978,11.7,56.4,71.1,
2026-01-05T22:10:29.557171,4.9,56.4,71.1,
2026-01-05T22:10:33.226846,11.4,56.4,71.1,
2026-01-05T22:10:34.744427,0.2,56.4,71.1,
2026-01-05T22:10:38.411839,12.5,56.5,71.1,
2026-01-05T22:10:39.929322,0.4,56.4,71.1,
2026-01-05T22:10:43.599514,21.2,56.4,71.1,
2026-01-05T22:10:45.116158,0.4,56.4,71.1,
2026-01-05T22:10:48.809211,15.0,56.4,71.1,
2026-01-05T22:10:50.330889,0.0,56.4,71.1,
2026-01-05T22:10:54.003514,14.0,56.4,71.1,
2026-01-05T22:10:55.511221,0.4,56.4,71.1,
2026-01-05T22:10:59.166306,11.8,56.4,71.1,
2026-01-05T22:11:00.683663,0.4,56.4,71.1,
2026-01-05T22:11:04.372269,10.8,56.4,71.1,
2026-01-05T22:11:05.884843,3.3,56.4,71.1,
2026-01-05T22:11:09.575133,13.7,56.4,71.1,
2026-01-05T22:11:11.081007,3.4,56.5,71.1,
2026-01-05T22:11:14.768785,12.5,56.6,71.1,
2026-01-05T22:11:16.283267,0.8,56.5,71.1,
2026-01-05T22:11:19.952366,10.9,56.3,71.1,
2026-01-05T22:11:21.464607,0.4,56.4,71.1,
2026-01-05T22:11:25.155866,11.0,56.4,71.1,
2026-01-05T22:11:26.673242,2.7,56.4,71.1,
2026-01-05T22:11:30.379573,13.2,56.4,71.1,
2026-01-05T22:11:31.888475,2.0,56.4,71.1,
2026-01-05T22:11:35.536959,11.2,56.4,71.1,
2026-01-05T22:11:37.047296,0.6,56.4,71.1,
2026-01-05T22:11:40.787235,12.5,56.5,71.1,
2026-01-05T22:11:42.295957,0.4,56.5,71.1,
2026-01-05T22:11:46.003419,13.6,56.4,71.1,
2026-01-05T22:11:47.521084,0.2,56.4,71.1,
2026-01-05T22:11:51.206401,9.8,56.4,71.1,
2026-01-05T22:11:52.715920,1.8,56.4,71.1,
2026-01-05T22:11:56.473566,12.2,56.5,71.1,
2026-01-05T22:11:57.993581,0.4,56.6,71.1,
2026-01-05T22:12:01.682757,13.0,56.5,71.1,
2026-01-05T22:12:03.197070,0.6,56.5,71.1,
2026-01-05T22:12:06.863217,11.9,56.4,71.1,
2026-01-05T22:12:08.376345,0.0,56.4,71.1,
2026-01-05T22:12:12.058119,14.2,56.4,71.1,
2026-01-05T22:12:13.573107,0.4,56.4,71.1,
2026-01-05T22:12:17.278941,12.2,56.4,71.1,
2026-01-05T22:12:18.798382,0.8,56.4,71.1,
2026-01-05T22:12:22.483838,13.4,56.5,71.1,
2026-01-05T22:12:24.003292,8.3,56.5,71.1,
2026-01-05T22:12:27.721739,11.5,56.5,71.1,
2026-01-05T22:12:29.241884,0.4,56.4,71.1,
2026-01-05T22:12:32.940409,11.4,56.4,71.1,
2026-01-05T22:12:34.446182,2.0,56.4,71.1,
2026-01-05T22:12:38.114825,13.0,56.5,71.1,
2026-01-05T22:12:39.628456,2.6,56.5,71.1,
2026-01-05T22:12:43.294837,9.1,56.4,71.1,
2026-01-05T22:12:44.804967,3.3,56.8,71.1,
2026-01-05T22:12:48.509055,12.1,57.1,71.1,
2026-01-05T22:12:50.015439,1.9,57.1,71.1,
2026-01-05T22:12:53.684026,12.2,57.1,71.1,
2026-01-05T22:12:55.203591,0.4,57.0,71.1,
2026-01-05T22:12:58.925457,11.3,57.0,71.1,
2026-01-05T22:13:00.438975,1.0,57.1,71.1,
2026-01-05T22:13:04.124627,12.4,57.2,71.1,
2026-01-05T22:13:05.642049,0.2,57.3,71.1,
2026-01-05T22:13:09.310127,13.4,57.3,71.1,
2026-01-05T22:13:10.821311,0.4,57.3,71.1,
2026-01-05T22:13:14.501797,12.1,57.4,71.1,
2026-01-05T22:13:16.016486,0.0,57.3,71.1,
2026-01-05T22:13:19.702101,13.8,57.5,71.1,
2026-01-05T22:13:21.219842,0.8,57.4,71.1,
2026-01-05T22:13:24.978769,12.4,57.7,71.1,
2026-01-05T22:13:26.484221,0.4,57.8,71.1,
2026-01-05T22:13:30.178800,11.5,57.9,71.1,
2026-01-05T22:13:31.695869,0.4,57.9,71.1,
2026-01-05T22:13:35.357935,10.0,57.9,71.1,
2026-01-05T22:13:36.870304,1.2,57.9,71.1,
2026-01-05T22:13:40.531419,11.8,58.0,71.1,
2026-01-05T22:13:42.037704,0.2,58.0,71.1,
2026-01-05T22:13:45.773825,11.4,58.0,71.1,
2026-01-05T22:13:47.288170,1.0,58.1,71.1,
2026-01-05T22:13:50.974740,13.0,58.2,71.1,
2026-01-05T22:13:52.482602,1.0,58.2,71.1,
2026-01-05T22:13:56.152879,12.1,58.1,71.1,
2026-01-05T22:13:57.668634,0.2,58.1,71.1,
2026-01-05T22:14:01.350467,10.5,58.1,71.1,
2026-01-05T22:14:02.858479,0.6,58.2,71.1,
2026-01-05T22:14:06.531115,9.6,58.2,71.1,
2026-01-05T22:14:08.052389,3.9,57.8,71.1,
2026-01-05T22:14:11.720023,12.7,57.7,71.1,
2026-01-05T22:14:13.237325,1.4,57.2,71.1,
2026-01-05T22:14:16.922384,15.9,57.1,71.1,
2026-01-05T22:14:18.441767,0.4,57.2,71.1,
2026-01-05T22:14:22.146061,13.3,57.2,71.1,
2026-01-05T22:14:23.656309,0.6,57.1,71.1,
2026-01-05T22:14:27.373799,11.5,57.1,71.1,
2026-01-05T22:14:28.881420,1.4,57.1,71.1,
2026-01-05T22:14:32.599093,11.8,57.7,71.1,
2026-01-05T22:14:34.115390,0.8,57.7,71.1,
2026-01-05T22:14:37.799825,12.7,57.7,71.1,
2026-01-05T22:14:39.310252,0.4,57.7,71.1,
2026-01-05T22:14:43.010817,13.6,57.6,71.1,
2026-01-05T22:14:44.518692,0.2,57.6,71.1,
2026-01-05T22:14:48.191636,12.8,57.6,71.1,
2026-01-05T22:14:49.705038,0.0,57.5,71.1,
2026-01-05T22:14:53.406846,10.0,56.7,71.1,
2026-01-05T22:14:54.923323,0.4,56.7,71.1,
2026-01-05T22:14:58.653234,13.3,56.7,71.1,
2026-01-05T22:15:00.172521,1.2,56.8,71.1,
2026-01-05T22:15:03.832258,12.9,56.8,71.1,
2026-01-05T22:15:05.350903,0.2,56.7,71.1,
2026-01-05T22:15:09.012310,12.7,56.6,71.1,
2026-01-05T22:15:10.527759,0.6,56.7,71.1,
2026-01-05T22:15:14.188642,15.1,56.6,71.1,
2026-01-05T22:15:15.707311,0.2,56.7,71.1,
2026-01-05T22:15:19.401965,12.9,56.3,71.1,
2026-01-05T22:15:20.914757,1.4,56.3,71.1,
2026-01-05T22:15:24.630877,13.3,56.2,71.1,
2026-01-05T22:15:26.144663,0.0,56.2,71.1,
2026-01-05T22:15:29.815054,10.6,56.2,71.1,
2026-01-05T22:15:31.324401,0.4,56.2,71.1,
2026-01-05T22:15:35.013873,11.3,56.3,71.1,
2026-01-05T22:15:36.523955,6.4,56.5,71.1,
2026-01-05T22:15:40.196446,12.1,56.5,71.1,
2026-01-05T22:15:41.714033,1.6,56.5,71.1,
2026-01-05T22:15:45.397878,11.8,56.5,71.1,
2026-01-05T22:15:46.905218,2.4,56.5,71.1,
2026-01-05T22:15:50.595901,11.3,56.6,71.1,
2026-01-05T22:15:52.104381,2.4,56.6,71.1,
2026-01-05T22:15:55.832084,13.0,56.7,71.1,
2026-01-05T22:15:57.348091,0.6,56.7,71.1,
2026-01-05T22:16:01.008044,9.9,56.7,71.1,
2026-01-05T22:16:02.525411,1.0,56.7,71.1,
2026-01-05T22:16:06.223161,13.1,56.7,71.1,
2026-01-05T22:16:07.734996,1.0,56.7,71.1,
2026-01-05T22:16:11.431870,11.5,56.7,71.1,
2026-01-05T22:16:12.953058,0.8,56.7,71.1,
2026-01-05T22:16:16.662195,12.7,56.7,71.1,
2026-01-05T22:16:18.172945,1.0,56.7,71.1,
2026-01-05T22:16:21.832830,15.1,56.7,71.1,
2026-01-05T22:16:23.347587,0.6,56.7,71.1,
2026-01-05T22:16:27.022930,15.1,56.7,71.1,
2026-01-05T22:16:28.534327,0.6,56.7,71.1,
2026-01-05T22:16:32.309001,11.1,56.9,71.1,
2026-01-05T22:16:33.817833,3.4,56.9,71.1,
2026-01-05T22:16:37.495151,9.9,56.4,71.1,
2026-01-05T22:16:39.001886,0.4,56.3,71.1,
2026-01-05T22:16:42.726702,13.4,56.3,71.1,
2026-01-05T22:16:44.234748,0.6,56.3,71.1,
2026-01-05T22:16:47.932128,11.7,56.3,71.1,
2026-01-05T22:16:49.447949,1.4,56.4,71.1,
2026-01-05T22:16:53.179303,9.9,56.6,71.1,
2026-01-05T22:16:54.699694,3.1,56.5,71.1,
2026-01-05T22:16:58.377878,11.8,56.5,71.1,
2026-01-05T22:16:59.892569,0.2,56.5,71.1,
2026-01-05T22:17:03.591914,11.9,56.5,71.1,
2026-01-05T22:17:05.097970,0.2,56.5,71.1,
2026-01-05T22:17:08.802258,11.7,56.4,71.1,
2026-01-05T22:17:10.321492,0.0,56.3,71.1,
2026-01-05T22:17:13.998579,7.8,56.3,71.1,
2026-01-05T22:17:15.508019,1.2,56.3,71.1,
2026-01-05T22:17:19.178828,10.8,56.3,71.1,
2026-01-05T22:17:20.696611,0.2,56.3,71.1,
2026-01-05T22:17:24.367050,13.4,56.4,71.1,
2026-01-05T22:17:25.886737,0.6,56.4,71.1,
2026-01-05T22:17:29.578234,14.3,56.4,71.1,
2026-01-05T22:17:31.085435,4.2,56.3,71.1,
2026-01-05T22:17:34.743880,11.6,56.3,71.1,
2026-01-05T22:17:36.260479,1.0,56.3,71.1,
2026-01-05T22:17:39.945310,13.7,56.3,71.1,
2026-01-05T22:17:41.461355,1.2,56.3,71.1,
2026-01-05T22:17:45.141069,13.3,56.3,71.1,
2026-01-05T22:17:46.651947,1.0,56.2,71.1,
2026-01-05T22:17:50.362558,14.8,56.2,71.1,
2026-01-05T22:17:51.874702,1.0,56.2,71.1,
2026-01-05T22:17:55.546770,11.9,56.3,71.1,
2026-01-05T22:17:57.061392,1.4,56.2,71.1,
2026-01-05T22:18:00.769868,11.6,56.3,71.1,
2026-01-05T22:18:02.286381,0.8,56.3,71.1,
2026-01-05T22:18:05.960410,10.7,56.2,71.1,
2026-01-05T22:18:07.473286,0.8,56.0,71.1,
2026-01-05T22:18:11.198501,11.2,55.9,71.1,
2026-01-05T22:18:12.711446,0.2,55.9,71.1,
2026-01-05T22:18:16.380678,9.5,55.9,71.1,
2026-01-05T22:18:17.891240,0.2,55.9,71.1,
2026-01-05T22:18:21.612266,13.8,56.0,71.1,
2026-01-05T22:18:23.125862,0.2,56.0,71.1,
2026-01-05T22:18:26.812010,13.0,55.8,71.1,
2026-01-05T22:18:28.324003,0.0,55.8,71.1,
2026-01-05T22:18:32.041177,10.8,55.8,71.1,
2026-01-05T22:18:33.561758,2.1,55.9,71.1,
2026-01-05T22:18:37.273300,9.7,56.0,71.1,
2026-01-05T22:18:38.787888,1.2,55.9,71.1,
2026-01-05T22:18:42.542956,12.1,55.9,71.1,
2026-01-05T22:18:44.061247,1.2,55.9,71.1,
2026-01-05T22:18:47.740129,13.1,55.9,71.1,
2026-01-05T22:18:49.252362,1.6,56.0,71.1,
2026-01-05T22:18:52.936482,10.5,56.0,71.1,
2026-01-05T22:18:54.452687,0.2,56.0,71.1,
2026-01-05T22:18:58.130766,12.9,55.9,71.1,
2026-01-05T22:18:59.650441,0.8,55.9,71.1,
2026-01-05T22:19:03.309682,17.6,55.9,71.1,
2026-01-05T22:19:04.821850,0.2,55.9,71.1,
2026-01-05T22:19:08.494225,12.3,55.9,71.1,
2026-01-05T22:19:10.002325,0.0,55.9,71.1,
2026-01-05T22:19:13.711061,14.4,56.0,71.1,
2026-01-05T22:19:15.217477,1.5,56.1,71.1,
2026-01-05T22:19:18.895330,12.4,54.6,71.1,
2026-01-05T22:19:20.404490,1.2,55.1,71.1,
2026-01-05T22:19:24.075585,11.5,55.0,71.1,
2026-01-05T22:19:25.592788,0.4,55.0,71.1,
2026-01-05T22:19:29.293387,10.7,55.0,71.1,
2026-01-05T22:19:30.810149,0.6,55.0,71.1,
2026-01-05T22:19:34.523045,10.0,55.3,71.1,
2026-01-05T22:19:36.030510,0.4,55.2,71.1,
2026-01-05T22:19:39.727212,11.4,55.2,71.1,
2026-01-05T22:19:41.234551,0.8,55.2,71.1,
2026-01-05T22:19:44.909387,12.2,55.2,71.1,
2026-01-05T22:19:46.420349,0.4,55.2,71.1,
2026-01-05T22:19:50.112194,13.7,55.1,71.1,
2026-01-05T22:19:51.627531,3.5,55.1,71.1,
2026-01-05T22:19:55.317591,9.8,55.1,71.1,
2026-01-05T22:19:56.826331,0.4,55.1,71.1,
2026-01-05T22:20:00.478241,11.8,55.1,71.1,
2026-01-05T22:20:01.988047,0.6,55.1,71.1,
2026-01-05T22:20:05.686587,16.4,54.9,71.1,
2026-01-05T22:20:07.205605,0.6,54.9,71.1,
2026-01-05T22:20:10.873558,11.4,55.0,71.1,
2026-01-05T22:20:12.388623,0.4,55.2,71.1,
2026-01-05T22:20:16.114041,10.4,55.0,71.1,
2026-01-05T22:20:17.627631,0.2,55.0,71.1,
2026-01-05T22:20:21.352468,13.2,55.1,71.1,
2026-01-05T22:20:22.873322,1.6,55.1,71.1,
2026-01-05T22:20:26.551317,12.5,55.2,71.1,
2026-01-05T22:20:28.063956,1.0,55.1,71.1,
2026-01-05T22:20:31.777522,12.8,55.2,71.1,
2026-01-05T22:20:33.294497,0.4,55.2,71.1,
2026-01-05T22:20:37.012329,10.1,55.2,71.1,
2026-01-05T22:20:38.527401,0.4,55.2,71.1,
2026-01-05T22:20:42.247924,17.9,55.0,71.1,
2026-01-05T22:20:43.761164,3.7,55.1,71.1,
2026-01-05T22:20:47.453435,12.6,55.1,71.1,
2026-01-05T22:20:48.982245,0.8,55.1,71.1,
2026-01-05T22:20:52.658165,13.1,55.2,71.1,
2026-01-05T22:20:54.168139,1.0,55.2,71.1,
2026-01-05T22:20:57.869129,11.6,55.3,71.1,
2026-01-05T22:20:59.386096,1.6,55.3,71.1,
2026-01-05T22:21:03.084607,13.3,55.3,71.1,
2026-01-05T22:21:04.603318,2.2,55.4,71.1,
2026-01-05T22:21:08.301331,8.4,55.3,71.1,
2026-01-05T22:21:09.807575,1.6,55.2,71.1,
2026-01-05T22:21:13.506523,19.0,56.8,71.1,
2026-01-05T22:21:15.013350,3.1,56.9,71.1,
2026-01-05T22:21:18.714167,13.1,57.5,71.1,
2026-01-05T22:21:20.227421,0.8,57.5,71.1,
2026-01-05T22:21:23.917332,11.4,57.4,71.1,
2026-01-05T22:21:25.438610,1.0,57.4,71.1,
2026-01-05T22:21:29.132909,17.6,56.9,71.1,
2026-01-05T22:21:30.641985,1.2,57.6,71.1,
2026-01-05T22:21:34.323362,12.5,57.7,71.1,
2026-01-05T22:21:35.837382,0.2,57.7,71.1,
2026-01-05T22:21:39.527875,11.5,57.7,71.1,
2026-01-05T22:21:41.035362,1.2,57.7,71.1,
2026-01-05T22:21:44.730951,12.8,57.7,71.1,
2026-01-05T22:21:46.241042,0.4,57.7,71.1,
2026-01-05T22:21:49.966403,12.4,57.7,71.1,
2026-01-05T22:21:51.478814,2.4,55.7,71.1,
2026-01-05T22:21:55.171912,13.7,55.6,71.1,
2026-01-05T22:21:56.679078,2.7,55.6,71.1,
2026-01-05T22:22:00.395679,15.9,55.6,71.1,
2026-01-05T22:22:01.910466,2.9,55.6,71.1,
2026-01-05T22:22:05.603641,11.4,55.6,71.1,
2026-01-05T22:22:07.119695,0.4,55.6,71.1,
2026-01-05T22:22:10.801606,11.9,55.6,71.1,
2026-01-05T22:22:12.310277,0.6,55.6,71.1,
2026-01-05T22:22:16.004675,14.1,55.5,71.1,
2026-01-05T22:22:17.515956,3.3,55.4,71.1,
2026-01-05T22:22:21.214847,10.1,55.6,71.1,
2026-01-05T22:22:22.731546,0.6,55.5,71.1,
2026-01-05T22:22:26.391404,13.9,55.6,71.1,
2026-01-05T22:22:27.906238,1.0,55.5,71.1,
2026-01-05T22:22:31.594569,11.6,55.4,71.1,
2026-01-05T22:22:33.115272,3.5,55.5,71.1,
2026-01-05T22:22:36.806968,13.3,55.5,71.1,
2026-01-05T22:22:38.312899,1.8,55.5,71.1,
2026-01-05T22:22:42.013287,9.1,55.6,71.1,
2026-01-05T22:22:43.530638,2.5,55.6,71.1,
2026-01-05T22:22:47.236600,13.1,55.4,71.1,
2026-01-05T22:22:48.751570,0.8,55.5,71.1,
2026-01-05T22:22:52.426652,13.0,55.6,71.1,
2026-01-05T22:22:53.940488,3.3,55.7,71.1,
2026-01-05T22:22:57.636504,12.9,55.7,71.1,
2026-01-05T22:22:59.160373,1.6,55.6,71.1,
2026-01-05T22:23:02.828976,13.6,55.6,71.1,
2026-01-05T22:23:04.344790,1.0,55.6,71.1,
2026-01-05T22:23:08.033417,12.4,55.7,71.1,
2026-01-05T22:23:09.547374,1.4,55.7,71.1,
2026-01-05T22:23:13.245680,13.3,55.7,71.1,
2026-01-05T22:23:14.761831,0.4,55.6,71.1,
2026-01-05T22:23:18.419165,12.1,55.5,71.1,
2026-01-05T22:23:19.930531,1.4,55.5,71.1,
2026-01-05T22:23:23.597358,12.9,55.6,71.1,
2026-01-05T22:23:25.104047,0.2,55.6,71.1,
2026-01-05T22:23:28.867408,12.7,55.6,71.1,
2026-01-05T22:23:30.383623,1.2,55.6,71.1,
2026-01-05T22:23:35.940827,11.5,58.4,71.1,
2026-01-05T22:23:37.472953,9.3,60.1,71.1,
2026-01-05T22:23:43.003364,2.5,65.5,71.1,
2026-01-05T22:23:44.517090,0.6,65.5,71.1,
2026-01-05T22:23:50.074347,0.2,59.9,71.1,
2026-01-05T22:23:51.589898,2.9,58.9,71.1,
2026-01-05T22:23:57.150996,0.8,59.0,71.1,
2026-01-05T22:23:58.658580,0.4,59.0,71.1,
2026-01-05T22:24:04.256039,2.4,59.1,71.1,
2026-01-05T22:24:05.770747,9.2,59.0,71.1,
2026-01-05T22:24:11.344495,3.0,59.0,71.1,
2026-01-05T22:24:46.935150,0.6,65.1,71.1,
2026-01-05T22:24:48.449098,1.2,65.1,71.1,
2026-01-05T22:24:58.106619,2.3,64.7,71.1,
2026-01-05T22:24:59.626211,1.9,64.7,71.1,
2026-01-05T22:25:09.234471,2.2,64.7,71.1,
2026-01-05T22:25:10.749209,0.4,64.7,71.1,
2026-01-05T22:25:20.374202,1.3,64.4,71.1,
2026-01-05T22:25:21.885387,1.0,64.4,71.1,
2026-01-05T22:25:31.546331,4.5,63.9,71.1,
2026-01-05T22:25:33.055680,0.8,59.8,71.1,
2026-01-05T22:25:40.586900,13.5,60.3,71.1,
2026-01-05T22:25:42.095346,0.2,60.4,71.1,
2026-01-05T22:25:47.971150,14.1,60.5,71.1,
2026-01-05T22:25:49.492336,0.6,60.4,71.1,
2026-01-05T22:25:55.382242,12.7,60.4,71.1,
2026-01-05T22:25:56.892060,0.6,60.4,71.1,
2026-01-05T22:26:02.803888,10.7,60.3,71.1,
2026-01-05T22:26:04.324933,1.2,60.2,71.1,
2026-01-05T22:26:10.231523,16.2,59.8,71.1,
2026-01-05T22:26:11.743040,1.6,59.8,71.1,
2026-01-05T22:26:17.655846,13.0,59.8,71.1,
2026-01-05T22:26:19.165207,0.4,59.8,71.1,
2026-01-05T22:26:25.060478,15.2,59.8,71.1,
2026-01-05T22:26:26.569069,2.7,59.5,71.1,
2026-01-05T22:26:32.452111,13.8,59.5,71.1,
2026-01-05T22:26:33.958223,2.6,59.6,71.1,
2026-01-05T22:26:39.852103,13.0,59.5,71.1,
2026-01-05T22:26:41.364985,0.2,59.5,71.1,
2026-01-05T22:26:47.288709,11.7,59.4,71.1,
2026-01-05T22:26:48.803966,0.8,59.4,71.1,
2026-01-05T22:26:54.674527,11.4,59.5,71.1,
2026-01-05T22:26:56.182393,3.9,59.5,71.1,
2026-01-05T22:27:02.129952,8.9,59.6,71.1,
2026-01-05T22:27:03.636256,0.8,59.6,71.1,
2026-01-05T22:27:09.545142,16.9,59.7,71.1,
2026-01-05T22:27:11.062480,3.6,59.6,71.1,
2026-01-05T22:27:16.947648,12.9,59.6,71.1,
2026-01-05T22:27:18.458080,0.0,59.6,71.1,
2026-01-05T22:27:24.338391,10.2,59.7,71.1,
2026-01-05T22:27:25.857513,5.9,59.9,71.1,
2026-01-05T22:27:31.713383,12.8,60.5,71.1,
2026-01-05T22:27:33.224989,0.4,60.5,71.1,
2026-01-05T22:27:39.136073,12.7,60.5,71.1,
2026-01-05T22:27:40.646815,1.0,60.5,71.1,
2026-01-05T22:27:46.575940,17.1,60.6,71.1,
2026-01-05T22:27:48.092966,1.0,60.6,71.1,
2026-01-05T22:27:53.966750,14.0,59.7,71.1,
2026-01-05T22:27:55.482080,0.6,59.7,71.1,
2026-01-05T22:28:01.400470,11.2,59.6,71.1,
2026-01-05T22:28:02.912188,2.9,59.7,71.1,
2026-01-05T22:28:08.793351,15.4,59.0,71.1,
2026-01-05T22:28:10.304312,0.8,59.0,71.1,
2026-01-05T22:28:16.146337,12.7,58.9,71.1,
2026-01-05T22:28:17.654332,0.4,59.0,71.1,
2026-01-05T22:28:23.541237,12.5,59.0,71.1,
2026-01-05T22:28:25.053095,0.6,59.0,71.1,
2026-01-05T22:28:30.945547,14.1,58.9,71.1,
2026-01-05T22:28:32.461185,1.2,58.8,71.1,
2026-01-05T22:28:38.378830,11.9,58.9,71.1,
2026-01-05T22:28:39.896671,0.2,58.9,71.1,
2026-01-05T22:28:45.774618,12.5,58.9,71.1,
2026-01-05T22:28:47.283859,0.4,58.9,71.1,
2026-01-05T22:28:53.173948,11.3,58.9,71.1,
2026-01-05T22:28:54.689764,1.0,58.9,71.1,
2026-01-05T22:29:00.589747,15.3,58.8,71.1,
2026-01-05T22:29:02.099219,1.0,58.8,71.1,
2026-01-05T22:29:08.010959,12.2,59.2,71.1,
2026-01-05T22:29:09.524877,1.0,59.2,71.1,
2026-01-05T22:29:15.402087,11.1,59.2,71.1,
2026-01-05T22:29:16.916851,0.2,59.3,71.1,
2026-01-05T22:29:22.782159,10.4,59.3,71.1,
2026-01-05T22:29:24.302725,3.8,59.6,71.1,
2026-01-05T22:29:30.206006,13.4,59.9,71.1,
2026-01-05T22:29:31.726170,3.3,59.9,71.1,
2026-01-05T22:29:37.639984,14.1,60.2,71.1,
2026-01-05T22:29:39.153524,8.2,60.4,71.1,
2026-01-05T22:29:45.048484,11.4,60.3,71.1,
2026-01-05T22:29:46.561759,2.2,60.3,71.1,
2026-01-05T22:29:52.479114,13.5,60.3,71.1,
2026-01-05T22:29:53.987538,0.2,60.2,71.1,
2026-01-05T22:29:59.889680,12.7,60.2,71.1,
2026-01-05T22:30:01.405051,0.8,60.4,71.1,
2026-01-05T22:30:07.306448,12.6,60.2,71.1,
2026-01-05T22:30:08.817574,2.8,60.2,71.1,
2026-01-05T22:30:14.716101,11.4,60.2,71.1,
2026-01-05T22:30:16.226577,1.0,60.2,71.1,
2026-01-05T22:30:22.123369,10.9,60.2,71.1,
2026-01-05T22:30:23.630059,3.1,60.2,71.1,
2026-01-05T22:30:29.547678,13.0,60.2,71.1,
2026-01-05T22:30:31.067989,1.2,60.2,71.1,
2026-01-05T22:30:37.020447,11.4,60.2,71.1,
2026-01-05T22:30:38.530315,0.8,60.2,71.1,
2026-01-05T22:30:44.410592,11.3,60.2,71.1,
2026-01-05T22:30:45.921858,9.1,60.2,71.1,
2026-01-05T22:30:51.801964,9.7,60.2,71.1,
2026-01-05T22:30:53.310858,0.8,60.3,71.1,
2026-01-05T22:30:59.241612,15.8,60.6,71.1,
2026-01-05T22:31:00.756251,1.6,60.7,71.1,
2026-01-05T22:31:06.677302,12.0,61.0,71.1,
2026-01-05T22:31:08.195325,1.0,60.7,71.1,
2026-01-05T22:31:14.065287,11.2,60.5,71.1,
2026-01-05T22:31:15.579676,1.4,60.5,71.1,
2026-01-05T22:31:21.462839,14.9,60.4,71.1,
2026-01-05T22:31:22.988974,0.6,60.4,71.1,
2026-01-05T22:31:28.841215,12.9,60.5,71.1,
2026-01-05T22:31:30.356886,0.4,60.6,71.1,
2026-01-05T22:31:36.283065,9.2,60.5,71.1,
2026-01-05T22:31:37.790938,1.8,60.5,71.1,
2026-01-05T22:31:43.730039,12.6,60.5,71.1,
2026-01-05T22:31:45.248716,3.8,60.6,71.1,
2026-01-05T22:31:51.097448,16.1,60.6,71.1,
2026-01-05T22:31:52.609215,0.6,60.6,71.1,
2026-01-05T22:31:58.461335,8.9,60.6,71.1,
2026-01-05T22:32:09.876651,11.6,60.4,71.1,
2026-01-05T22:32:11.398132,0.2,60.4,71.1,
2026-01-05T22:32:17.280670,9.2,60.7,71.1,
2026-01-05T22:32:18.798944,1.2,60.7,71.1,
2026-01-05T22:32:24.701318,10.9,60.6,71.1,
2026-01-05T22:32:26.218831,0.4,60.6,71.1,
2026-01-05T22:32:29.899000,13.2,60.6,71.1,
2026-01-05T22:32:31.418249,1.8,60.6,71.1,
2026-01-05T22:32:37.318922,11.7,60.7,71.1,
2026-01-05T22:32:38.826691,0.2,60.7,71.1,
2026-01-05T22:32:44.718551,12.7,60.7,71.1,
2026-01-05T22:32:46.232056,0.0,60.7,71.1,
2026-01-05T22:32:49.925643,13.8,60.6,71.1,
2026-01-05T22:32:51.433757,0.6,60.5,71.1,
2026-01-05T22:32:55.149261,7.2,60.5,71.1,
2026-01-05T22:32:56.662906,0.2,60.5,71.1,
2026-01-05T22:33:00.335087,16.9,60.9,71.1,
2026-01-05T22:33:01.843786,1.4,61.0,71.1,
2026-01-05T22:33:05.539501,11.2,60.9,71.1,
2026-01-05T22:33:07.056331,0.8,60.9,71.1,
2026-01-05T22:33:10.725248,12.2,61.0,71.1,
2026-01-05T22:33:12.233065,1.0,61.0,71.1,
2026-01-05T22:33:15.915486,9.5,61.0,71.1,
2026-01-05T22:33:17.426408,0.8,60.9,71.1,
2026-01-05T22:33:21.139889,13.0,60.1,71.1,
2026-01-05T22:33:22.652820,1.0,60.0,71.1,
2026-01-05T22:33:26.364288,14.3,59.8,71.1,
2026-01-05T22:33:27.870743,0.4,59.7,71.1,
2026-01-05T22:33:31.562294,11.3,59.8,71.1,
2026-01-05T22:33:33.076097,0.2,59.9,71.1,
2026-01-05T22:33:36.748841,13.8,59.8,71.1,
2026-01-05T22:33:38.256246,1.8,59.8,71.1,
2026-01-05T22:33:41.966594,12.8,59.9,71.1,
2026-01-05T22:33:43.484454,1.0,60.1,71.1,
2026-01-05T22:33:47.155174,11.0,60.1,71.1,
2026-01-05T22:33:48.664260,2.1,60.0,71.1,
2026-01-05T22:33:52.334068,11.0,60.0,71.1,
2026-01-05T22:33:53.843052,0.2,60.0,71.1,
2026-01-05T22:33:57.547441,9.7,59.9,71.1,
2026-01-05T22:33:59.067022,0.2,59.9,71.1,
2026-01-05T22:34:02.752667,10.3,60.1,71.1,
2026-01-05T22:34:04.269644,1.0,60.0,71.1,
2026-01-05T22:34:07.964935,16.8,60.0,71.1,
2026-01-05T22:34:09.478333,0.0,60.0,71.1,
2026-01-05T22:34:13.148650,14.5,60.0,71.1,
2026-01-05T22:34:14.668650,0.8,60.0,71.1,
2026-01-05T22:34:18.337225,15.7,60.2,71.1,
2026-01-05T22:34:19.857136,1.9,60.1,71.1,
2026-01-05T22:34:23.530124,12.1,60.0,71.1,
2026-01-05T22:34:25.049763,0.4,60.0,71.1,
2026-01-05T22:34:28.716557,11.8,60.0,71.1,
2026-01-05T22:34:30.227960,0.8,60.0,71.1,
2026-01-05T22:34:33.929546,13.6,60.1,71.1,
2026-01-05T22:34:35.444455,1.2,60.1,71.1,
2026-01-05T22:34:39.126522,9.4,60.0,71.1,
2026-01-05T22:34:40.641576,0.6,60.1,71.1,
2026-01-05T22:34:44.353149,10.1,60.1,71.1,
2026-01-05T22:34:45.868985,1.4,60.1,71.1,
2026-01-05T22:34:49.585666,10.7,59.7,71.1,
2026-01-05T22:34:51.093416,2.5,59.7,71.1,
2026-01-05T22:34:54.807230,13.5,59.7,71.1,
2026-01-05T22:34:56.328115,4.3,59.6,71.1,
2026-01-05T22:35:00.028413,12.7,59.7,71.1,
2026-01-05T22:35:01.545190,2.1,59.7,71.1,
2026-01-05T22:35:05.206253,11.8,59.6,71.1,
2026-01-05T22:35:06.725525,0.4,59.6,71.1,
2026-01-05T22:35:10.406669,12.5,59.6,71.1,
2026-01-05T22:35:11.923258,2.2,59.6,71.1,
2026-01-05T22:35:15.626814,11.4,59.7,71.1,
2026-01-05T22:35:17.144425,2.0,59.6,71.1,
2026-01-05T22:35:23.076554,9.7,59.7,71.1,
2026-01-05T22:35:24.584910,0.2,59.7,71.1,
2026-01-05T22:35:30.469789,9.9,59.6,71.1,
2026-01-05T22:35:31.982818,1.2,59.6,71.1,
2026-01-05T22:35:35.662972,13.2,59.6,71.1,
2026-01-05T22:35:37.182189,0.8,59.6,71.1,
2026-01-05T22:35:40.888182,9.1,59.5,71.1,
2026-01-05T22:35:42.398895,0.0,59.5,71.1,
2026-01-05T22:35:46.076566,11.8,59.6,71.1,
2026-01-05T22:35:47.596297,0.6,59.6,71.1,
2026-01-05T22:35:51.252510,15.1,59.6,71.1,
2026-01-05T22:35:52.764485,0.6,59.6,71.1,
2026-01-05T22:35:56.480293,12.9,59.3,71.1,
2026-01-05T22:35:57.987578,0.0,59.3,71.1,
2026-01-05T22:36:03.940743,14.6,59.4,71.1,
2026-01-05T22:36:05.457238,0.4,59.4,71.1,
2026-01-05T22:36:11.312581,12.0,59.4,71.1,
2026-01-05T22:36:12.828468,0.6,59.4,71.1,
2026-01-05T22:36:18.697274,13.4,59.4,71.1,
2026-01-05T22:36:20.210816,0.2,59.3,71.1,
2026-01-05T22:36:26.114513,12.9,59.4,71.1,
2026-01-05T22:36:27.627165,0.2,59.5,71.1,
2026-01-05T22:36:33.489065,14.4,59.4,71.1,
2026-01-05T22:36:35.006498,0.6,59.4,71.1,
2026-01-05T22:36:40.879005,11.8,59.4,71.1,
2026-01-05T22:36:42.394612,0.0,59.4,71.1,
2026-01-05T22:36:48.248844,11.8,59.4,71.1,
2026-01-05T22:36:49.764242,0.4,59.4,71.1,
2026-01-05T22:36:55.660605,14.6,59.4,71.1,
2026-01-05T22:36:57.170955,1.0,59.4,71.1,
2026-01-05T22:37:03.026312,12.2,58.7,71.1,
2026-01-05T22:37:04.542941,0.6,58.7,71.1,
2026-01-05T22:37:10.403215,13.1,58.6,71.1,
2026-01-05T22:37:11.914301,0.6,58.7,71.1,
2026-01-05T22:37:17.803202,14.1,58.8,71.1,
2026-01-05T22:37:19.315222,0.4,58.8,71.1,
2026-01-05T22:37:25.188488,12.3,58.8,71.1,
2026-01-05T22:37:26.707137,0.0,58.7,71.1,
2026-01-05T22:37:32.573053,14.0,57.9,71.1,
2026-01-05T22:37:34.078461,0.0,57.9,71.1,
2026-01-05T22:37:39.952776,13.9,57.8,71.1,
2026-01-05T22:37:41.459750,5.8,57.8,71.1,
2026-01-05T22:37:47.343406,12.7,57.9,71.1,
2026-01-05T22:37:48.862542,0.4,57.9,71.1,
2026-01-05T22:37:54.715857,10.4,57.8,71.1,
2026-01-05T22:37:56.231302,1.4,57.9,71.1,
2026-01-05T22:38:02.105931,10.9,58.3,71.1,
2026-01-05T22:38:03.626444,1.4,58.5,71.1,
2026-01-05T22:38:09.499256,11.5,58.5,71.1,
2026-01-05T22:38:11.010311,1.0,58.6,71.1,
2026-01-05T22:38:16.890744,11.2,58.4,71.1,
2026-01-05T22:38:18.399161,0.2,58.4,71.1,
2026-01-05T22:38:24.243717,17.8,58.4,71.1,
2026-01-05T22:38:25.756235,0.6,58.3,71.1,
2026-01-05T22:38:31.644766,13.6,58.5,71.1,
2026-01-05T22:38:33.153982,3.5,58.5,71.1,
2026-01-05T22:38:39.050727,11.8,58.5,71.1,
2026-01-05T22:38:40.561049,1.4,58.6,71.1,
2026-01-05T22:38:46.410832,14.3,58.6,71.1,
2026-01-05T22:38:47.929004,0.8,58.6,71.1,
2026-01-05T22:38:53.795894,13.5,58.6,71.1,
2026-01-05T22:38:55.307812,0.4,58.6,71.1,
2026-01-05T22:39:01.169501,12.5,58.6,71.1,
2026-01-05T22:39:02.688487,0.4,58.6,71.1,
2026-01-05T22:39:08.563117,15.6,58.7,71.1,
2026-01-05T22:39:10.069911,0.6,58.7,71.1,
2026-01-05T22:39:15.942251,14.8,58.7,71.1,
2026-01-05T22:39:17.463481,0.4,58.7,71.1,
2026-01-05T22:39:23.342425,12.5,58.8,71.1,
2026-01-05T22:39:24.856082,1.2,58.8,71.1,
2026-01-05T22:39:30.737738,13.1,58.7,71.1,
2026-01-05T22:39:32.249354,0.4,58.7,71.1,
2026-01-05T22:39:38.130367,10.4,59.1,71.1,
2026-01-05T22:39:39.650650,0.6,59.0,71.1,
2026-01-05T22:39:45.497037,11.6,59.0,71.1,
2026-01-05T22:39:47.009522,0.0,59.0,71.1,
2026-01-05T22:39:50.713410,11.7,59.0,71.1,
2026-01-05T22:39:52.229943,1.0,59.0,71.1,
2026-01-05T22:39:56.874861,12.6,58.9,71.1,
2026-01-05T22:39:58.385370,0.4,58.9,71.1,
2026-01-05T22:40:02.098467,10.5,58.9,71.1,
2026-01-05T22:40:03.610853,0.0,58.9,71.1,
2026-01-05T22:40:07.308059,16.4,58.9,71.1,
2026-01-05T22:40:08.820538,1.6,58.7,71.1,
2026-01-05T22:40:12.514199,12.8,58.8,71.1,
2026-01-05T22:40:14.030711,0.2,58.8,71.1,
2026-01-05T22:40:17.715841,10.3,58.7,71.1,
2026-01-05T22:40:19.231046,0.6,58.7,71.1,
2026-01-05T22:40:22.922342,13.7,58.8,71.1,
2026-01-05T22:40:24.428744,2.6,58.8,71.1,
2026-01-05T22:40:28.119019,12.4,58.7,71.1,
2026-01-05T22:40:29.630223,0.4,58.7,71.1,
2026-01-05T22:40:33.305700,13.3,58.7,71.1,
2026-01-05T22:40:34.816124,0.4,58.7,71.1,
2026-01-05T22:40:38.501826,13.3,58.8,71.1,
2026-01-05T22:40:40.016666,1.8,58.7,71.1,
2026-01-05T22:40:43.707827,14.5,58.8,71.1,
2026-01-05T22:40:45.227539,0.2,58.7,71.1,
2026-01-05T22:40:48.878680,12.3,58.7,71.1,
2026-01-05T22:40:50.398765,0.0,58.7,71.1,
2026-01-05T22:40:54.074229,16.7,58.8,71.1,
2026-01-05T22:40:55.583658,0.8,58.8,71.1,
2026-01-05T22:40:59.236906,12.6,58.8,71.1,
2026-01-05T22:41:00.747932,0.8,58.8,71.1,
2026-01-05T22:41:04.428878,11.9,58.8,71.1,
2026-01-05T22:41:05.936735,1.0,58.8,71.1,
2026-01-05T22:41:09.634283,10.5,58.8,71.1,
2026-01-05T22:41:11.143857,0.8,58.8,71.1,
2026-01-05T22:41:14.821879,13.7,58.7,71.1,
2026-01-05T22:41:16.337802,0.0,58.7,71.1,
2026-01-05T22:41:19.993761,13.2,58.7,71.1,
2026-01-05T22:41:21.508429,0.6,58.8,71.1,
2026-01-05T22:41:25.192646,11.6,58.9,71.1,
2026-01-05T22:41:26.707622,0.4,58.9,71.1,
2026-01-05T22:41:30.387629,10.9,58.8,71.1,
2026-01-05T22:41:31.908753,1.2,58.8,71.1,
2026-01-05T22:41:35.589644,8.2,58.9,71.1,
2026-01-05T22:41:37.109598,0.2,58.8,71.1,
2026-01-05T22:41:40.796623,13.4,58.8,71.1,
2026-01-05T22:41:42.313154,0.6,58.8,71.1,
2026-01-05T22:41:45.981435,11.2,58.1,71.1,
2026-01-05T22:41:47.496592,1.2,58.1,71.1,
2026-01-05T22:41:51.169837,11.8,58.1,71.1,
2026-01-05T22:41:52.691237,0.4,58.2,71.1,
2026-01-05T22:41:56.380579,12.3,58.2,71.1,
2026-01-05T22:41:57.900920,0.6,58.2,71.1,
2026-01-05T22:42:01.590456,9.0,58.3,71.1,
2026-01-05T22:42:03.106766,0.8,58.2,71.1,
2026-01-05T22:42:06.795125,12.5,58.2,71.1,
2026-01-05T22:42:08.312205,0.4,58.2,71.1,
2026-01-05T22:42:12.024944,10.1,58.1,71.1,
2026-01-05T22:42:13.548834,0.6,58.1,71.1,
2026-01-05T22:42:19.480693,9.9,58.1,71.1,
2026-01-05T22:42:20.997075,1.0,58.1,71.1,
2026-01-05T22:42:26.879249,10.6,58.2,71.1,
2026-01-05T22:42:28.392668,1.2,58.9,71.1,
2026-01-05T22:42:34.298036,11.3,58.8,71.1,
2026-01-05T22:42:35.808059,0.6,58.8,71.1,
2026-01-05T22:42:39.509574,14.9,58.7,71.1,
2026-01-05T22:42:41.028908,1.2,58.7,71.1,
2026-01-05T22:42:44.693685,11.3,58.8,71.1,
2026-01-05T22:42:46.212813,1.7,58.8,71.1,
2026-01-05T22:42:49.894946,7.2,58.7,71.1,
2026-01-05T22:42:51.405085,0.8,58.8,71.1,
2026-01-05T22:42:57.287675,10.1,58.7,71.1,
2026-01-05T22:42:58.798800,1.2,58.7,71.1,
2026-01-05T22:43:04.681510,13.1,58.8,71.1,
2026-01-05T22:43:06.197272,0.6,58.8,71.1,
2026-01-05T22:43:12.095245,13.0,58.3,71.1,
2026-01-05T22:43:13.606950,0.6,58.3,71.1,
2026-01-05T22:43:19.493253,15.2,58.3,71.1,
2026-01-05T22:43:21.015080,1.0,58.3,71.1,
2026-01-05T22:43:26.865779,12.0,58.3,71.1,
2026-01-05T22:43:28.379864,0.2,58.3,71.1,
2026-01-05T22:43:34.275870,14.0,58.3,71.1,
2026-01-05T22:43:35.783566,3.9,58.2,71.1,
2026-01-05T22:43:41.713512,9.7,58.2,71.1,
2026-01-05T22:43:43.228860,2.5,58.2,71.1,
2026-01-05T22:43:49.149665,11.6,58.0,71.1,
2026-01-05T22:43:50.658349,2.6,58.0,71.1,
2026-01-05T22:43:56.563932,11.7,58.1,71.1,
2026-01-05T22:43:58.079414,2.4,58.1,71.1,
2026-01-05T22:44:01.807494,7.2,58.1,71.1,
2026-01-05T22:44:03.321255,0.8,58.0,71.1,
2026-01-05T22:44:07.045586,8.9,58.0,71.1,
2026-01-05T22:44:08.553887,1.0,58.0,71.1,
2026-01-05T22:44:14.464015,14.0,58.0,71.1,
2026-01-05T22:44:15.983929,0.4,58.0,71.1,
2026-01-05T22:44:21.885399,12.1,58.0,71.1,
2026-01-05T22:44:23.400613,1.0,58.0,71.1,
2026-01-05T22:44:29.324254,10.0,58.4,71.1,
2026-01-05T22:44:30.839885,0.4,58.5,71.1,
2026-01-05T22:44:36.810019,12.0,58.6,71.1,
2026-01-05T22:44:38.328391,0.6,58.7,71.1,
2026-01-05T22:44:44.237624,14.1,59.9,71.1,
2026-01-05T22:44:45.746735,0.6,60.0,71.1,
2026-01-05T22:44:51.687284,10.9,60.2,71.1,
2026-01-05T22:44:53.206061,1.2,60.1,71.1,
2026-01-05T22:44:59.105455,13.0,60.1,71.1,
2026-01-05T22:45:00.625490,0.8,60.1,71.1,
2026-01-05T22:45:06.587005,11.9,61.0,71.1,
2026-01-05T22:45:08.095487,1.8,61.0,71.1,
2026-01-05T22:45:13.990233,13.5,60.7,71.1,
2026-01-05T22:45:15.498024,0.4,60.3,71.1,
2026-01-05T22:45:21.403253,13.0,60.1,71.1,
2026-01-05T22:45:22.920431,3.3,60.1,71.1,
2026-01-05T22:45:28.826325,14.1,60.3,71.1,
2026-01-05T22:45:30.346883,1.8,60.3,71.1,
2026-01-05T22:45:36.271419,10.0,60.2,71.1,
2026-01-05T22:45:37.792558,5.6,60.3,71.1,
2026-01-05T22:45:43.703668,10.9,60.2,71.1,
2026-01-05T22:45:45.211712,1.9,60.1,71.1,
2026-01-05T22:45:51.118801,10.7,60.0,71.1,
2026-01-05T22:45:52.628773,1.0,59.9,71.1,
2026-01-05T22:45:58.506710,10.8,60.0,71.1,
2026-01-05T22:46:00.013808,0.4,60.0,71.1,
2026-01-05T22:46:05.852343,12.8,60.1,71.1,
2026-01-05T22:46:07.360946,0.4,60.1,71.1,
2026-01-05T22:46:13.261682,11.3,60.0,71.1,
2026-01-05T22:46:14.784887,0.2,60.0,71.1,
2026-01-05T22:46:20.648672,12.4,60.0,71.1,
2026-01-05T22:46:22.165259,2.7,60.1,71.1,
2026-01-05T22:46:28.097897,14.4,60.0,71.1,
2026-01-05T22:46:29.609045,0.2,60.1,71.1,
2026-01-05T22:46:35.552519,11.6,60.1,71.1,
2026-01-05T22:46:37.058864,2.8,60.1,71.1,
2026-01-05T22:46:40.763980,9.7,60.1,71.1,
2026-01-05T22:46:42.284168,1.8,60.1,71.1,
2026-01-05T22:46:48.212181,11.2,59.9,71.1,
2026-01-05T22:46:49.727713,1.0,59.9,71.1,
2026-01-05T22:46:55.614842,12.8,60.0,71.1,
2026-01-05T22:46:57.126914,0.4,60.0,71.1,
2026-01-05T22:47:03.029268,13.7,60.0,71.1,
2026-01-05T22:47:04.544139,0.8,60.0,71.1,
2026-01-05T22:47:10.450854,10.5,60.0,71.1,
2026-01-05T22:47:11.977033,1.6,60.0,71.1,
2026-01-05T22:47:17.891217,13.3,60.0,71.1,
2026-01-05T22:47:19.400623,1.0,60.0,71.1,
2026-01-05T22:47:25.306493,15.1,60.0,71.1,
2026-01-05T22:47:26.822660,0.6,60.1,71.1,
2026-01-05T22:47:32.787615,14.1,60.1,71.1,
2026-01-05T22:47:34.300243,0.6,60.1,71.1,
2026-01-05T22:47:40.189960,14.4,60.2,71.1,
2026-01-05T22:47:41.700359,2.8,60.2,71.1,
2026-01-05T22:47:47.591502,10.2,60.0,71.1,
2026-01-05T22:47:49.108248,0.6,60.0,71.1,
2026-01-05T22:47:54.970810,14.6,60.0,71.1,
2026-01-05T22:47:56.478414,0.8,60.0,71.1,
2026-01-05T22:48:02.392693,10.1,60.0,71.1,
2026-01-05T22:48:03.904149,1.0,60.1,71.1,
2026-01-05T22:48:09.711721,12.5,59.7,71.1,
2026-01-05T22:48:11.227133,1.0,59.7,71.1,
2026-01-05T22:48:17.096503,12.6,59.6,71.1,
2026-01-05T22:48:18.616802,0.2,59.6,71.1,
2026-01-05T22:48:24.485530,10.2,59.7,71.1,
2026-01-05T22:48:26.005683,2.0,59.7,71.1,
2026-01-05T22:48:31.859653,10.7,59.7,71.1,
2026-01-05T22:48:33.373599,1.8,59.7,71.1,
2026-01-05T22:48:39.289045,16.7,59.7,71.1,
2026-01-05T22:48:40.800668,1.0,59.7,71.1,
2026-01-05T22:48:46.659047,12.7,59.9,71.1,
2026-01-05T22:48:48.178578,0.0,59.9,71.1,
2026-01-05T22:48:54.103518,11.8,59.9,71.1,
2026-01-05T22:48:55.624206,2.6,60.1,71.1,
2026-01-05T22:49:01.536754,12.7,60.6,71.1,
2026-01-05T22:49:03.045431,4.5,60.6,71.1,
2026-01-05T22:49:08.955120,12.7,60.6,71.1,
2026-01-05T22:49:10.473467,0.6,60.6,71.1,
2026-01-05T22:49:16.353512,12.3,60.6,71.1,
2026-01-05T22:49:17.873476,0.8,60.7,71.1,
2026-01-05T22:49:23.740092,13.4,60.7,71.1,
2026-01-05T22:49:25.260716,0.4,60.7,71.1,
2026-01-05T22:49:31.203349,18.4,59.7,71.1,
2026-01-05T22:49:32.716269,6.6,59.7,71.1,
2026-01-05T22:49:38.625703,17.5,60.0,71.1,
2026-01-05T22:49:40.136092,1.6,60.1,71.1,
2026-01-05T22:49:46.060413,18.1,60.6,71.1,
2026-01-05T22:49:47.580953,1.8,60.8,71.1,
2026-01-05T22:49:53.511261,12.3,60.5,71.1,
2026-01-05T22:49:55.022201,0.8,60.4,71.1,
2026-01-05T22:50:00.899295,15.7,60.5,71.1,
2026-01-05T22:50:02.406260,4.3,60.1,71.1,
2026-01-05T22:50:08.307190,14.1,60.0,71.1,
2026-01-05T22:50:09.824541,0.6,60.0,71.1,
2026-01-05T22:50:15.671418,11.5,59.9,71.1,
2026-01-05T22:50:17.193027,6.2,59.8,71.1,
2026-01-05T22:50:23.049675,12.8,60.0,71.1,
2026-01-05T22:50:24.557954,1.2,59.9,71.1,
2026-01-05T22:50:30.450461,14.1,59.9,71.1,
2026-01-05T22:50:31.969927,2.4,59.9,71.1,
2026-01-05T22:50:37.927334,9.8,61.6,71.1,
2026-01-05T22:50:39.437819,3.4,61.5,71.1,
2026-01-05T22:50:45.350557,19.5,61.5,71.1,
2026-01-05T22:50:46.871025,1.0,61.5,71.1,
2026-01-05T22:50:52.776631,12.7,61.5,71.1,
2026-01-05T22:50:54.284373,0.8,61.5,71.1,
2026-01-05T22:51:00.189785,14.6,61.5,71.1,
2026-01-05T22:51:01.702119,2.8,61.5,71.1,
2026-01-05T22:51:07.573133,16.2,61.5,71.1,
2026-01-05T22:51:09.084074,3.3,61.5,71.1,
2026-01-05T22:51:14.968015,12.7,61.5,71.1,
2026-01-05T22:51:16.482562,0.8,61.5,71.1,
2026-01-05T22:51:22.385824,12.7,61.5,71.1,
2026-01-05T22:51:23.900994,0.4,61.5,71.1,
2026-01-05T22:51:29.763195,12.1,61.4,71.1,
2026-01-05T22:51:31.281173,1.4,61.4,71.1,
2026-01-05T22:51:37.129361,12.6,61.5,71.1,
2026-01-05T22:51:38.643126,1.8,61.5,71.1,
2026-01-05T22:51:44.527575,13.6,61.7,71.1,
2026-01-05T22:51:46.047468,1.8,61.7,71.1,
2026-01-05T22:51:51.941928,13.9,62.5,71.1,
2026-01-05T22:51:53.463613,1.2,62.5,71.1,
2026-01-05T22:51:59.303507,17.6,62.4,71.1,
2026-01-05T22:52:00.812365,1.6,62.5,71.1,
2026-01-05T22:52:06.763533,14.9,62.2,71.1,
2026-01-05T22:52:08.278168,1.0,62.2,71.1,
2026-01-05T22:52:14.168728,13.5,61.8,71.1,
2026-01-05T22:52:15.675782,1.0,61.8,71.1,
2026-01-05T22:52:21.517949,13.8,61.5,71.1,
2026-01-05T22:52:23.026118,1.6,61.5,71.1,
2026-01-05T22:52:28.894634,12.5,61.4,71.1,
2026-01-05T22:52:30.408478,1.6,61.4,71.1,
2026-01-05T22:52:36.258363,16.3,61.4,71.1,
2026-01-05T22:52:37.775486,3.6,61.4,71.1,
2026-01-05T22:52:41.464095,9.6,61.3,71.1,
2026-01-05T22:52:42.973967,0.8,61.4,71.1,
2026-01-05T22:52:46.662004,15.5,61.3,71.1,
2026-01-05T22:52:48.174451,3.7,61.3,71.1,
2026-01-05T22:52:51.846913,13.2,61.4,71.1,
2026-01-05T22:52:53.354752,2.9,61.4,71.1,
2026-01-05T22:52:57.070068,15.7,61.2,71.1,
2026-01-05T22:52:58.587212,1.6,61.2,71.1,
2026-01-05T22:53:02.290865,13.0,61.2,71.1,
2026-01-05T22:53:03.799386,2.3,61.2,71.1,
2026-01-05T22:53:07.464020,15.3,61.3,71.1,
2026-01-05T22:53:08.971878,1.4,61.3,71.1,
2026-01-05T22:53:12.680278,11.1,60.6,71.1,
2026-01-05T22:53:14.188423,1.8,60.5,71.1,
2026-01-05T22:53:17.883832,13.8,60.6,71.1,
2026-01-05T22:53:19.402752,1.3,60.6,71.1,
2026-01-05T22:53:23.103797,12.3,60.7,71.1,
2026-01-05T22:53:24.618553,1.4,60.6,71.1,
2026-01-05T22:53:28.314888,10.9,60.6,71.1,
2026-01-05T22:53:29.835933,1.4,60.6,71.1,
2026-01-05T22:53:33.510583,12.7,60.6,71.1,
2026-01-05T22:53:35.019204,1.0,60.6,71.1,
2026-01-05T22:53:38.705554,12.6,60.5,71.1,
2026-01-05T22:53:40.219752,2.2,60.5,71.1,
2026-01-05T22:53:43.922531,12.6,60.5,71.1,
2026-01-05T22:53:45.433074,2.0,60.5,71.1,
2026-01-05T22:53:49.125687,14.9,60.5,71.1,
2026-01-05T22:53:50.633203,5.3,60.5,71.1,
2026-01-05T22:53:54.357484,12.1,61.5,71.1,
2026-01-05T22:53:55.865403,2.5,61.6,71.1,
2026-01-05T22:53:59.546771,12.7,61.7,71.1,
2026-01-05T22:54:01.064049,6.2,61.7,71.1,
2026-01-05T22:54:04.753214,13.0,61.7,71.1,
2026-01-05T22:54:06.265596,7.6,62.1,71.1,
2026-01-05T22:54:09.985147,12.1,62.2,71.1,
2026-01-05T22:54:11.500707,0.2,62.2,71.1,
2026-01-05T22:54:15.198864,13.5,62.3,71.1,
2026-01-05T22:54:16.708108,1.4,62.2,71.1,
2026-01-05T22:54:20.368900,12.9,62.2,71.1,
2026-01-05T22:54:21.888690,0.2,62.2,71.1,
2026-01-05T22:54:25.565471,13.8,62.2,71.1,
2026-01-05T22:54:27.079018,0.8,62.2,71.1,
2026-01-05T22:54:30.769416,12.0,62.2,71.1,
2026-01-05T22:54:32.278064,0.6,62.2,71.1,
2026-01-05T22:54:35.965944,11.0,62.1,71.1,
2026-01-05T22:54:37.486310,0.6,61.8,71.1,
2026-01-05T22:54:41.145371,11.5,61.8,71.1,
2026-01-05T22:54:42.666596,2.7,61.9,71.1,
2026-01-05T22:54:46.354059,11.2,61.9,71.1,
2026-01-05T22:54:47.869751,0.6,61.9,71.1,
2026-01-05T22:54:51.522874,11.5,61.8,71.1,
2026-01-05T22:54:53.041852,0.6,61.9,71.1,
2026-01-05T22:54:56.754989,9.4,61.9,71.1,
2026-01-05T22:54:58.269473,0.6,61.9,71.1,
2026-01-05T22:55:04.189331,11.2,61.8,71.1,
2026-01-05T22:55:05.710397,0.4,61.8,71.1,
2026-01-05T22:55:11.602509,12.6,61.9,71.1,
2026-01-05T22:55:13.109507,0.8,61.9,71.1,
2026-01-05T22:55:16.821765,16.1,61.8,71.1,
2026-01-05T22:55:18.336778,0.6,61.8,71.1,
2026-01-05T22:55:22.008381,11.1,61.8,71.1,
2026-01-05T22:55:23.528415,0.4,61.8,71.1,
2026-01-05T22:55:27.188016,9.3,61.8,71.1,
2026-01-05T22:55:28.698395,1.0,61.8,71.1,
2026-01-05T22:55:32.372756,11.6,61.8,71.1,
2026-01-05T22:55:33.885349,0.6,61.8,71.1,
2026-01-05T22:55:37.576675,10.4,61.8,71.1,
2026-01-05T22:55:39.098285,0.0,61.8,71.1,
2026-01-05T22:55:42.743677,11.6,61.8,71.1,
2026-01-05T22:55:44.267718,0.6,61.8,71.1,
2026-01-05T22:55:47.932765,11.8,61.8,71.1,
2026-01-05T22:55:49.453916,0.0,61.8,71.1,
2026-01-05T22:55:53.087827,11.5,61.8,71.1,
2026-01-05T22:55:54.608058,0.6,61.8,71.1,
2026-01-05T22:55:58.332409,10.7,61.8,71.1,
2026-01-05T22:55:59.845301,0.2,61.8,71.1,
2026-01-05T22:56:03.524244,13.4,61.7,71.1,
2026-01-05T22:56:05.031676,0.0,61.7,71.1,
2026-01-05T22:56:08.690959,11.5,61.8,71.1,
2026-01-05T22:56:10.200092,0.2,61.8,71.1,
2026-01-05T22:56:13.908559,12.6,61.7,71.1,
2026-01-05T22:56:15.423500,0.2,61.8,71.1,
2026-01-05T22:56:19.097065,12.3,61.7,71.1,
2026-01-05T22:56:20.616156,1.2,61.7,71.1,
2026-01-05T22:56:24.297689,13.6,61.8,71.1,
2026-01-05T22:56:25.817673,0.6,61.7,71.1,
2026-01-05T22:56:29.494572,12.7,61.7,71.1,
2026-01-05T22:56:31.016509,1.6,61.7,71.1,
2026-01-05T22:56:34.707040,12.1,61.7,71.1,
2026-01-05T22:56:36.215604,1.8,61.8,71.1,
2026-01-05T22:56:39.917287,11.7,61.8,71.1,
2026-01-05T22:56:41.434237,1.2,61.8,71.1,
2026-01-05T22:56:45.088276,10.8,62.0,71.1,
2026-01-05T22:56:46.598565,1.0,62.0,71.1,
2026-01-05T22:56:50.284050,12.5,62.0,71.1,
2026-01-05T22:56:51.791900,0.0,62.0,71.1,
2026-01-05T22:56:55.512256,15.5,62.0,71.1,
2026-01-05T22:56:57.029835,0.2,62.0,71.1,
2026-01-05T22:57:00.698446,10.6,62.0,71.1,
2026-01-05T22:57:02.210115,0.4,62.1,71.1,
2026-01-05T22:57:05.884131,10.5,62.0,71.1,
2026-01-05T22:57:07.390141,0.8,62.0,71.1,
2026-01-05T22:57:11.092451,11.0,62.0,71.1,
2026-01-05T22:57:12.606158,1.0,62.0,71.1,
2026-01-05T22:57:16.310974,11.8,62.0,71.1,
2026-01-05T22:57:17.821348,0.8,62.0,71.1,
2026-01-05T22:57:21.515235,12.5,62.0,71.1,
2026-01-05T22:57:23.029989,0.8,62.1,71.1,
2026-01-05T22:57:26.705126,12.5,62.0,71.1,
2026-01-05T22:57:28.215086,0.4,62.0,71.1,
2026-01-05T22:57:31.896804,13.9,62.1,71.1,
2026-01-05T22:57:33.413611,0.2,62.0,71.1,
2026-01-05T22:57:37.084637,12.5,62.1,71.1,
2026-01-05T22:57:38.592165,1.5,62.0,71.1,
2026-01-05T22:57:42.293792,13.3,62.0,71.1,
2026-01-05T22:57:43.813213,0.6,62.0,71.1,
2026-01-05T22:57:47.499493,16.7,61.9,71.1,
2026-01-05T22:57:49.006028,1.6,61.9,71.1,
2026-01-05T22:57:52.678003,12.7,61.9,71.1,
2026-01-05T22:57:54.189940,0.8,61.9,71.1,
2026-01-05T22:57:57.885499,12.3,61.9,71.1,
2026-01-05T22:57:59.402982,0.0,61.9,71.1,
2026-01-05T22:58:03.093437,14.0,61.9,71.1,
2026-01-05T22:58:04.613758,0.2,61.9,71.1,
2026-01-05T22:58:08.295557,11.5,61.9,71.1,
2026-01-05T22:58:09.813024,1.8,61.9,71.1,
2026-01-05T22:58:13.464272,11.7,61.9,71.1,
2026-01-05T22:58:14.984234,0.2,61.9,71.1,
2026-01-05T22:58:18.653778,11.7,61.9,71.1,
2026-01-05T22:58:20.174073,0.2,61.9,71.1,
2026-01-05T22:58:23.826685,10.5,61.9,71.1,
2026-01-05T22:58:25.339708,1.6,61.9,71.1,
2026-01-05T22:58:29.007106,11.7,61.9,71.1,
2026-01-05T22:58:30.512370,2.2,61.9,71.1,
2026-01-05T22:58:34.199208,13.0,61.8,71.1,
2026-01-05T22:58:35.712482,1.2,61.8,71.1,
2026-01-05T22:58:39.402178,19.0,61.7,71.1,
2026-01-05T22:58:40.915018,1.8,61.7,71.1,
2026-01-05T22:58:44.562398,13.8,61.7,71.1,
2026-01-05T22:58:46.083599,2.0,61.7,71.1,
2026-01-05T22:58:49.743572,10.3,61.7,71.1,
2026-01-05T22:58:51.261142,1.0,61.7,71.1,
2026-01-05T22:58:56.825724,1.7,61.7,71.1,
2026-01-05T22:58:58.331378,0.8,61.7,71.1,
2026-01-05T22:59:02.015648,13.7,61.6,71.1,
2026-01-05T22:59:03.528870,0.4,61.6,71.1,
2026-01-05T22:59:07.221162,13.4,61.7,71.1,
2026-01-05T22:59:08.732218,0.6,61.7,71.1,
2026-01-05T22:59:12.412543,13.0,61.6,71.1,
2026-01-05T22:59:13.920442,0.6,61.6,71.1,
2026-01-05T22:59:17.599819,14.1,61.6,71.1,
2026-01-05T22:59:19.109188,0.6,61.6,71.1,
2026-01-05T22:59:22.789994,14.7,61.7,71.1,
2026-01-05T22:59:24.301637,0.4,61.7,71.1,
2026-01-05T22:59:27.990323,13.5,61.7,71.1,
2026-01-05T22:59:29.496666,0.0,61.7,71.1,
2026-01-05T22:59:33.171259,14.9,61.7,71.1,
2026-01-05T22:59:34.679529,2.5,61.6,71.1,
2026-01-05T22:59:38.359255,15.0,61.6,71.1,
2026-01-05T22:59:39.876150,1.0,61.6,71.1,
2026-01-05T22:59:43.544343,12.5,61.6,71.1,
2026-01-05T22:59:45.058846,0.6,61.6,71.1,
2026-01-05T22:59:48.736114,13.2,61.6,71.1,
2026-01-05T22:59:50.254895,1.0,61.6,71.1,
2026-01-05T22:59:53.935987,12.9,61.6,71.1,
2026-01-05T22:59:55.454222,0.8,61.6,71.1,
2026-01-05T22:59:59.151859,14.1,61.6,71.1,
2026-01-05T23:00:00.660673,0.8,61.6,71.1,
2026-01-05T23:00:04.370627,14.7,61.7,71.1,
2026-01-05T23:00:05.889723,0.8,61.6,71.1,
2026-01-05T23:00:11.455326,3.8,61.3,71.1,
2026-01-06T04:21:41.274441,2.5,59.0,71.6,
2026-01-06T04:21:42.802589,1.8,59.0,71.6,
2026-01-06T04:21:51.020312,10.2,60.1,71.6,
2026-01-06T04:21:52.548809,2.7,60.1,71.6,
2026-01-06T04:21:58.470035,14.5,60.1,71.6,
2026-01-06T04:21:59.976894,2.2,59.7,71.6,
2026-01-06T04:22:05.912182,18.1,59.7,71.6,
2026-01-06T04:22:07.431274,1.2,59.9,71.6,
2026-01-06T04:22:13.344849,19.0,60.3,71.6,
2026-01-06T04:22:14.866344,0.2,60.4,71.6,
2026-01-06T04:22:20.830500,15.6,59.6,71.6,
2026-01-06T04:22:22.338169,1.7,59.8,71.6,
2026-01-06T04:22:28.237203,14.6,59.9,71.6,
2026-01-06T04:22:29.750380,2.2,60.0,71.6,
2026-01-06T04:22:35.669541,12.8,60.6,71.6,
2026-01-06T04:22:37.184790,0.6,60.6,71.6,
2026-01-06T04:22:43.066725,14.2,61.4,71.6,
2026-01-06T04:22:44.587484,0.6,57.4,71.6,
2026-01-06T04:22:50.450595,16.8,57.5,71.6,
2026-01-06T04:22:51.965167,0.6,57.5,71.6,
2026-01-06T04:22:57.859242,13.0,56.8,71.6,
2026-01-06T04:22:59.365559,2.1,57.1,71.6,
2026-01-06T04:23:05.287683,17.1,56.6,71.6,
2026-01-06T04:23:06.799189,2.2,56.6,71.6,
2026-01-06T04:23:12.678152,15.7,53.7,71.6,
2026-01-06T04:23:14.198453,0.8,53.7,71.6,
2026-01-06T04:23:20.137411,15.0,54.6,71.6,
2026-01-06T04:23:21.647148,1.0,54.4,71.6,
2026-01-06T04:23:27.575282,14.5,54.6,71.6,
2026-01-06T04:23:29.095659,1.4,54.4,71.6,
2026-01-06T04:23:34.959867,13.6,53.8,71.6,
2026-01-06T04:23:36.478203,2.5,53.9,71.6,
2026-01-06T04:23:42.375960,17.3,54.0,71.6,
2026-01-06T04:23:43.893835,0.4,53.8,71.6,
2026-01-06T04:23:49.737881,14.3,53.5,71.6,
2026-01-06T04:23:51.244608,1.8,53.5,71.6,
2026-01-06T04:23:57.164890,14.2,53.6,71.6,
2026-01-06T04:23:58.677423,0.2,53.6,71.6,
2026-01-06T04:24:04.574460,14.3,53.0,71.6,
2026-01-06T04:24:06.095198,0.6,52.9,71.6,
2026-01-06T04:24:11.998906,13.3,52.7,71.6,
2026-01-06T04:24:13.511896,1.4,52.6,71.6,
2026-01-06T04:24:19.424818,18.4,52.8,71.6,
2026-01-06T04:24:20.936939,2.0,53.1,71.6,
2026-01-06T04:24:26.823862,14.5,53.2,71.6,
2026-01-06T04:24:28.335267,4.2,53.2,71.6,
2026-01-06T04:24:34.262432,14.1,52.7,71.6,
2026-01-06T04:24:35.773150,1.4,52.7,71.6,
2026-01-06T04:24:41.707239,16.4,52.7,71.6,
2026-01-06T04:24:43.220631,4.2,52.8,71.6,
2026-01-06T04:24:49.195053,13.7,52.9,71.6,
2026-01-06T04:24:50.704763,1.6,53.0,71.6,
2026-01-06T04:24:56.627563,17.6,53.3,71.6,
2026-01-06T04:24:58.135159,1.8,53.3,71.6,
2026-01-06T04:25:04.004607,13.5,53.4,71.6,
2026-01-06T04:25:05.511339,2.6,53.6,71.6,
2026-01-06T04:25:11.394693,17.2,52.9,71.6,
2026-01-06T04:25:12.908640,1.9,52.9,71.6,
2026-01-06T04:25:18.850834,15.5,53.6,71.6,
2026-01-06T04:25:20.371806,2.7,53.5,71.6,
2026-01-06T04:25:26.236440,13.3,54.1,71.6,
2026-01-06T04:25:27.750393,5.5,54.2,71.6,
2026-01-06T04:25:33.691472,14.4,54.0,71.6,
2026-01-06T04:25:35.211031,0.4,53.9,71.6,
2026-01-06T04:25:41.154464,14.1,54.2,71.6,
2026-01-06T04:25:42.666048,2.9,54.1,71.6,
2026-01-06T04:25:48.554953,15.0,54.1,71.6,
2026-01-06T04:25:50.064996,0.2,54.1,71.6,
2026-01-06T04:25:56.005080,14.8,54.2,71.6,
2026-01-06T04:25:57.524254,1.6,54.2,71.6,
2026-01-06T04:26:03.400238,14.0,53.8,71.6,
2026-01-06T04:26:04.914951,1.0,53.7,71.6,
2026-01-06T04:26:10.771838,13.8,53.7,71.6,
2026-01-06T04:26:12.279759,3.1,53.5,71.6,
2026-01-06T04:26:18.189322,16.2,53.6,71.6,
2026-01-06T04:26:19.694670,1.9,53.6,71.6,
2026-01-06T04:26:25.562632,15.4,53.6,71.6,
2026-01-06T04:26:27.078093,2.8,53.5,71.6,
2026-01-06T04:26:32.977999,12.0,53.8,71.6,
2026-01-06T04:26:34.492655,2.3,53.6,71.6,
2026-01-06T04:26:40.358191,15.2,53.8,71.6,
2026-01-06T04:26:41.874899,1.7,53.9,71.6,
2026-01-06T04:26:47.799425,15.9,53.8,71.6,
2026-01-06T04:26:49.308704,1.2,53.8,71.6,
2026-01-06T04:26:55.244839,11.3,54.0,71.6,
2026-01-06T04:26:56.756970,0.0,54.0,71.6,
2026-01-06T04:27:02.620859,16.0,54.2,71.6,
2026-01-06T04:27:04.138445,3.1,54.2,71.6,
2026-01-06T04:27:10.031540,15.6,54.0,71.6,
2026-01-06T04:27:11.548569,4.7,54.0,71.6,
2026-01-06T04:27:17.525443,14.3,53.9,71.6,
2026-01-06T04:27:19.038429,2.4,53.9,71.6,
2026-01-06T04:27:25.009657,14.4,54.0,71.6,
2026-01-06T04:27:26.524542,1.0,54.1,71.6,
2026-01-06T04:27:32.424574,13.7,54.2,71.6,
2026-01-06T04:27:33.935391,6.7,54.9,71.6,
2026-01-06T04:27:39.845739,14.4,54.9,71.6,
2026-01-06T04:27:41.368520,0.4,54.8,71.6,
2026-01-06T04:27:47.268578,13.2,54.7,71.6,
2026-01-06T04:27:48.784238,2.7,55.2,71.6,
2026-01-06T04:27:54.623868,12.6,55.3,71.6,
2026-01-06T04:27:56.135177,1.2,55.2,71.6,
2026-01-06T04:28:02.038766,16.2,56.1,71.6,
2026-01-06T04:28:03.557094,0.4,56.2,71.6,
2026-01-06T04:28:09.421975,14.9,55.0,71.6,
2026-01-06T04:28:10.931661,6.4,55.0,71.6,
2026-01-06T04:28:16.849759,14.3,55.3,71.6,
2026-01-06T04:28:18.369107,2.3,55.3,71.6,
2026-01-06T04:28:24.240874,22.1,59.0,71.6,
2026-01-06T04:28:25.762383,3.8,55.0,71.7,
2026-01-06T04:28:31.681565,18.4,55.3,71.6,
2026-01-06T04:28:33.188557,1.0,55.2,71.6,
2026-01-06T04:28:39.093554,11.8,55.0,71.6,
2026-01-06T04:28:40.611455,0.4,54.1,71.6,
2026-01-06T04:28:46.624889,14.5,54.3,71.6,
2026-01-06T04:28:48.134614,1.8,54.3,71.6,
2026-01-06T04:28:54.065920,13.2,54.2,71.6,
2026-01-06T04:28:55.584826,0.4,54.2,71.6,
2026-01-06T04:29:01.540883,16.3,54.4,71.6,
2026-01-06T04:29:03.056061,6.4,54.4,71.6,
2026-01-06T04:29:08.954273,16.6,54.4,71.6,
2026-01-06T04:29:10.460721,1.6,54.4,71.6,
2026-01-06T04:29:16.355323,15.2,54.2,71.6,
2026-01-06T04:29:17.863828,1.7,54.2,71.6,
2026-01-06T04:29:23.825085,15.4,55.3,71.6,
2026-01-06T04:29:25.343996,3.5,55.3,71.6,
2026-01-06T04:29:31.289800,13.2,53.2,71.6,
2026-01-06T04:29:32.799983,3.1,53.1,71.6,
2026-01-06T04:29:38.686094,11.8,52.9,71.6,
2026-01-06T04:29:40.193228,1.2,52.9,71.6,
2026-01-06T04:29:46.045334,13.4,53.0,71.6,
2026-01-06T04:29:47.555867,2.7,53.1,71.6,
2026-01-06T04:29:53.491759,16.1,53.3,71.6,
2026-01-06T04:29:55.004192,0.4,53.5,71.6,
2026-01-06T04:30:00.893605,12.1,53.4,71.6,
2026-01-06T04:30:02.414694,2.0,53.1,71.6,
2026-01-06T04:30:08.266114,12.6,53.0,71.6,
2026-01-06T04:30:09.788611,2.0,52.9,71.6,
2026-01-06T04:30:15.661375,14.7,52.9,71.6,
2026-01-06T04:30:17.168703,1.6,52.9,71.6,
2026-01-06T04:30:23.036053,15.9,52.9,71.6,
2026-01-06T04:30:24.549496,0.4,53.0,71.6,
2026-01-06T04:30:30.430076,13.4,53.1,71.6,
2026-01-06T04:30:31.946995,4.7,53.0,71.6,
2026-01-06T04:30:37.867288,14.9,52.9,71.6,
2026-01-06T04:30:39.386057,1.4,52.9,71.6,
2026-01-06T04:30:45.242472,14.3,53.5,71.6,
2026-01-06T04:30:46.759913,0.6,53.3,71.6,
2026-01-06T04:30:52.612987,13.6,53.3,71.6,
2026-01-06T04:30:54.133663,4.3,53.3,71.6,
2026-01-06T04:31:00.062644,13.3,53.3,71.6,
2026-01-06T04:31:01.583670,1.2,53.3,71.6,
2026-01-06T04:31:07.478937,13.5,53.3,71.6,
2026-01-06T04:31:08.996305,0.2,53.3,71.6,
2026-01-06T04:31:14.929452,13.6,53.2,71.6,
2026-01-06T04:31:16.448462,1.4,53.2,71.6,
2026-01-06T04:31:22.340730,14.6,53.3,71.6,
2026-01-06T04:31:23.862780,3.1,53.1,71.6,
2026-01-06T04:31:29.688641,17.7,53.3,71.6,
2026-01-06T04:31:31.196772,1.6,53.4,71.6,
2026-01-06T04:31:37.134450,12.7,53.3,71.6,
2026-01-06T04:31:38.650254,0.8,53.3,71.6,
2026-01-06T04:31:44.498186,14.8,53.3,71.6,
2026-01-06T04:31:46.018143,1.8,53.3,71.6,
2026-01-06T04:31:51.915088,13.4,53.3,71.6,
2026-01-06T04:31:53.442711,1.2,53.2,71.6,
2026-01-06T04:31:59.286771,13.5,53.3,71.6,
2026-01-06T04:32:00.820396,0.2,53.2,71.6,
2026-01-06T04:32:06.691605,13.5,53.3,71.6,
2026-01-06T04:32:08.205894,0.0,53.3,71.6,
2026-01-06T04:32:14.060367,15.0,53.0,71.6,
2026-01-06T04:32:15.571987,0.2,53.0,71.6,
2026-01-06T04:32:21.461867,14.4,53.0,71.6,
2026-01-06T04:32:22.971924,3.6,53.0,71.6,
2026-01-06T04:32:28.848104,13.2,53.0,71.6,
2026-01-06T04:32:30.355916,2.8,53.0,71.6,
2026-01-06T04:32:36.305765,12.4,53.2,71.6,
2026-01-06T04:32:37.822098,0.0,53.1,71.6,
2026-01-06T04:32:43.757140,16.2,53.1,71.6,
2026-01-06T04:32:45.271691,2.2,53.1,71.6,
2026-01-06T04:32:51.212964,14.7,53.2,71.6,
2026-01-06T04:32:52.727266,1.4,53.2,71.6,
2026-01-06T04:32:58.607960,13.8,53.5,71.6,
2026-01-06T04:33:00.119168,5.4,53.4,71.6,
2026-01-06T04:33:06.040580,16.8,53.7,71.6,
2026-01-06T04:33:07.552593,3.1,53.9,71.6,
2026-01-06T04:33:13.536661,18.8,54.5,71.6,
2026-01-06T04:33:15.053275,2.3,54.8,71.6,
2026-01-06T04:33:21.026686,17.1,54.4,71.6,
2026-01-06T04:33:22.534283,2.3,54.6,71.6,
2026-01-06T04:33:28.456951,13.6,54.7,71.6,
2026-01-06T04:33:29.965880,2.1,54.7,71.6,
2026-01-06T04:33:35.832676,14.9,54.9,71.6,
2026-01-06T04:33:37.350595,0.4,54.8,71.6,
2026-01-06T04:33:43.228811,11.2,54.7,71.6,
2026-01-06T04:33:44.736259,0.0,54.6,71.6,
2026-01-06T04:33:50.649039,15.7,54.6,71.6,
2026-01-06T04:33:52.166863,1.4,54.7,71.6,
2026-01-06T04:33:58.016508,21.4,54.6,71.6,
2026-01-06T04:33:59.523240,1.8,54.6,71.6,
2026-01-06T04:34:05.449513,16.8,54.8,71.6,
2026-01-06T04:34:06.960740,3.3,54.9,71.6,
2026-01-06T04:34:12.872313,15.8,54.8,71.6,
2026-01-06T04:34:14.383419,0.2,54.8,71.6,
2026-01-06T04:34:20.280302,15.8,54.8,71.6,
2026-01-06T04:34:21.789590,2.0,54.8,71.6,
2026-01-06T04:34:27.737179,11.4,54.8,71.6,
2026-01-06T04:34:29.243436,1.2,54.7,71.6,
2026-01-06T04:34:35.172203,16.5,55.2,71.6,
2026-01-06T04:34:36.677791,3.1,55.4,71.6,
2026-01-06T04:34:42.524097,16.7,51.1,71.6,
2026-01-06T04:34:44.042237,3.1,51.1,71.6,
2026-01-06T04:34:49.959625,15.1,51.4,71.6,
2026-01-06T04:34:51.473126,1.2,51.3,71.6,
2026-01-06T04:34:57.347957,17.0,51.6,71.6,
2026-01-06T04:34:58.857213,2.0,51.8,71.6,
2026-01-06T04:35:04.772742,13.6,51.8,71.6,
2026-01-06T04:35:06.280079,2.6,51.5,71.7,
2026-01-06T04:35:12.217589,13.1,51.7,71.7,
2026-01-06T04:35:13.738791,1.0,51.8,71.7,
2026-01-06T04:35:19.640267,13.0,51.7,71.7,
2026-01-06T04:35:21.155958,5.6,51.6,71.6,
2026-01-06T04:35:27.021749,15.6,51.6,71.6,
2026-01-06T04:35:28.537175,1.0,51.6,71.7,
2026-01-06T04:35:34.401807,17.6,51.5,71.7,
2026-01-06T04:35:35.919969,4.3,51.6,71.7,
2026-01-06T04:35:41.806351,16.4,51.4,71.7,
2026-01-06T04:35:43.319139,2.7,51.4,71.7,
2026-01-06T04:35:49.280040,15.1,51.8,71.7,
2026-01-06T04:35:50.802130,4.5,51.5,71.7,
2026-01-06T04:35:56.662100,14.1,51.8,71.7,
2026-01-06T04:35:58.169130,0.6,51.8,71.7,
2026-01-06T04:36:04.089416,13.9,51.5,71.7,
2026-01-06T04:36:05.603681,0.4,51.5,71.7,
2026-01-06T04:36:11.538293,12.5,51.6,71.7,
2026-01-06T04:36:13.071979,0.2,51.5,71.7,
2026-01-06T04:36:18.918645,14.8,51.5,71.7,
2026-01-06T04:36:20.433045,0.0,51.5,71.7,
2026-01-06T04:36:26.296195,13.2,51.3,71.7,
2026-01-06T04:36:27.805952,2.1,51.4,71.7,
2026-01-06T04:36:33.696954,12.9,51.2,71.7,
2026-01-06T04:36:35.206056,0.8,51.3,71.7,
2026-01-06T04:36:41.145335,16.2,51.6,71.7,
2026-01-06T04:36:42.662518,0.6,51.5,71.7,
2026-01-06T04:36:48.529776,15.2,51.5,71.7,
2026-01-06T04:36:50.044695,0.2,51.5,71.7,
2026-01-06T04:36:55.943368,14.9,52.1,71.7,
2026-01-06T04:36:57.460974,1.5,52.1,71.7,
2026-01-06T04:37:03.364361,14.4,51.7,71.7,
2026-01-06T04:37:04.877440,1.9,51.6,71.7,
2026-01-06T04:37:10.692582,14.7,51.7,71.7,
2026-01-06T04:37:12.209404,1.4,51.6,71.7,
2026-01-06T04:37:18.098628,11.7,51.5,71.7,
2026-01-06T04:37:19.617497,3.3,51.5,71.7,
2026-01-06T04:37:25.477093,16.3,51.8,71.7,
2026-01-06T04:37:26.986690,2.8,51.8,71.7,
2026-01-06T04:37:32.921321,14.1,51.8,71.7,
2026-01-06T04:37:34.438444,0.2,51.8,71.7,
2026-01-06T04:37:40.332479,13.6,51.6,71.7,
2026-01-06T04:37:41.854659,0.0,51.6,71.7,
2026-01-06T04:37:47.734860,12.7,51.6,71.7,
2026-01-06T04:37:49.247776,1.8,51.6,71.7,
2026-01-06T04:37:55.129995,14.2,51.6,71.7,
2026-01-06T04:37:56.638038,2.3,51.7,71.7,
2026-01-06T04:38:02.555781,12.7,51.5,71.7,
2026-01-06T04:38:04.069697,0.4,51.5,71.7,
2026-01-06T04:38:10.011985,12.8,51.5,71.7,
2026-01-06T04:38:11.522011,2.6,51.6,71.7,
2026-01-06T04:38:17.358910,14.4,52.0,71.7,
2026-01-06T04:38:18.873220,2.3,52.0,71.7,
2026-01-06T04:38:24.815768,14.5,52.3,71.7,
2026-01-06T04:38:26.328975,0.8,52.3,71.7,
2026-01-06T04:38:32.193177,13.9,51.8,71.7,
2026-01-06T04:38:33.714058,0.0,51.8,71.7,
2026-01-06T04:38:39.588707,13.2,51.8,71.7,
2026-01-06T04:38:41.104404,0.4,51.7,71.7,
2026-01-06T04:38:47.013315,14.6,51.8,71.7,
2026-01-06T04:38:48.533232,0.6,51.8,71.7,
2026-01-06T04:38:54.443011,14.8,51.6,71.7,
2026-01-06T04:38:55.957433,0.2,51.5,71.7,
2026-01-06T04:39:01.795474,12.4,51.8,71.7,
2026-01-06T04:39:03.306196,0.0,51.7,71.7,
2026-01-06T04:39:09.194083,13.6,51.7,71.7,
2026-01-06T04:39:10.711446,0.6,51.7,71.7,
2026-01-06T04:39:16.605631,15.5,51.6,71.7,
2026-01-06T04:39:18.119610,0.4,51.5,71.7,
2026-01-06T04:39:24.012741,13.5,51.6,71.7,
2026-01-06T04:39:25.526092,0.2,51.5,71.7,
2026-01-06T04:39:31.392560,15.0,51.6,71.7,
2026-01-06T04:39:32.899991,0.6,51.5,71.7,
2026-01-06T04:39:38.749908,18.6,50.6,71.7,
2026-01-06T04:39:40.276905,0.2,50.6,71.7,
2026-01-06T04:39:46.168268,13.4,50.9,71.7,
2026-01-06T04:39:47.698146,1.4,50.8,71.7,
2026-01-06T04:39:53.513107,17.7,50.7,71.7,
2026-01-06T04:39:55.028637,1.6,50.7,71.7,
2026-01-06T04:40:00.899310,14.1,50.7,71.7,
2026-01-06T04:40:02.418981,3.2,50.7,71.7,
2026-01-06T04:40:08.297342,19.3,50.9,71.7,
2026-01-06T04:40:09.809104,5.3,50.9,71.7,
2026-01-06T04:40:15.684877,11.8,51.2,71.7,
2026-01-06T04:40:17.206691,0.0,51.2,71.7,
2026-01-06T04:40:23.064449,14.4,51.5,71.7,
2026-01-06T04:40:24.573973,0.2,51.4,71.7,
2026-01-06T04:40:30.453775,15.8,51.2,71.7,
2026-01-06T04:40:31.980402,0.2,51.2,71.7,
2026-01-06T04:40:37.828695,12.8,51.2,71.7,
2026-01-06T04:40:39.338677,0.4,51.2,71.7,
2026-01-06T04:40:45.211725,13.0,51.2,71.7,
2026-01-06T04:40:46.729671,0.0,51.2,71.7,
2026-01-06T04:40:52.617545,15.9,51.6,71.7,
2026-01-06T04:40:54.135330,1.8,51.6,71.7,
2026-01-06T04:40:59.970301,12.7,51.0,71.7,
2026-01-06T04:41:01.487568,0.8,51.0,71.7,
2026-01-06T04:41:07.416051,15.0,51.1,71.7,
2026-01-06T04:41:08.931580,1.6,51.1,71.7,
2026-01-06T04:41:14.807109,14.0,51.1,71.7,
2026-01-06T04:41:16.324395,0.6,51.0,71.7,
2026-01-06T04:41:22.260128,15.3,50.8,71.7,
2026-01-06T04:41:23.767990,2.2,50.8,71.7,
2026-01-06T04:41:29.650921,12.4,50.7,71.7,
2026-01-06T04:41:31.166865,1.2,50.7,71.7,
2026-01-06T04:41:37.095907,12.6,50.8,71.7,
2026-01-06T04:41:38.609711,1.6,50.8,71.7,
2026-01-06T04:41:44.471395,15.0,50.8,71.7,
2026-01-06T04:41:45.983373,0.4,50.8,71.7,
2026-01-06T04:41:51.855767,15.8,50.7,71.7,
2026-01-06T04:41:53.370119,0.8,50.7,71.7,
2026-01-06T04:41:59.230402,13.4,50.8,71.7,
2026-01-06T04:42:00.750072,0.4,50.8,71.7,
2026-01-06T04:42:06.587106,19.0,50.8,71.7,
2026-01-06T04:42:08.095753,1.0,50.7,71.7,
2026-01-06T04:42:14.021646,16.4,50.8,71.7,
2026-01-06T04:42:15.528924,1.6,50.7,71.7,
2026-01-06T04:42:21.389373,18.0,50.7,71.7,
2026-01-06T04:42:22.896357,0.2,50.7,71.7,
2026-01-06T04:42:28.748397,13.7,50.8,71.7,
2026-01-06T04:42:30.260417,0.6,50.8,71.7,
2026-01-06T04:42:36.178732,13.5,50.8,71.7,
2026-01-06T04:42:37.698763,4.8,51.2,71.7,
2026-01-06T04:42:43.588941,14.2,51.2,71.7,
2026-01-06T04:42:45.103655,2.7,50.8,71.7,
2026-01-06T04:42:51.005009,15.3,51.0,71.7,
2026-01-06T04:42:52.525110,1.8,51.0,71.7,
2026-01-06T04:42:58.474016,13.7,56.2,71.7,
2026-01-06T04:42:59.991740,8.8,56.7,71.7,
2026-01-06T04:43:05.897883,16.8,56.6,71.7,
2026-01-06T04:43:07.408713,1.2,56.7,71.7,
2026-01-06T04:43:13.212083,15.7,56.0,71.7,
2026-01-06T04:43:14.722129,5.0,56.0,71.7,
2026-01-06T04:43:20.588583,17.5,56.6,71.7,
2026-01-06T04:43:22.098237,2.8,56.6,71.7,
2026-01-06T04:43:27.953214,16.7,56.1,71.7,
2026-01-06T04:43:29.468400,1.0,56.1,71.7,
2026-01-06T04:43:35.392021,13.8,56.2,71.7,
2026-01-06T04:43:36.905686,0.2,56.2,71.7,
2026-01-06T04:43:42.871099,18.4,56.8,71.7,
2026-01-06T04:43:44.388423,0.6,56.7,71.7,
2026-01-06T04:43:50.368761,12.4,56.6,71.7,
2026-01-06T04:43:51.886000,1.2,56.3,71.7,
2026-01-06T04:43:57.814608,14.3,56.1,71.7,
2026-01-06T04:43:59.335343,0.8,52.1,71.7,
2026-01-06T04:44:05.191974,15.9,52.1,71.7,
2026-01-06T04:44:06.699374,1.0,52.1,71.7,
2026-01-06T04:44:12.546567,14.4,52.2,71.7,
2026-01-06T04:44:14.055974,0.8,52.2,71.7,
2026-01-06T04:44:19.961868,15.6,52.4,71.7,
2026-01-06T04:44:21.469038,1.6,52.3,71.7,
2026-01-06T04:44:27.346034,14.3,53.1,71.7,
2026-01-06T04:44:28.853542,4.3,53.2,71.7,
2026-01-06T04:44:34.744181,13.9,53.0,71.7,
2026-01-06T04:44:36.251908,3.2,52.8,71.7,
2026-01-06T04:44:42.120536,14.4,51.3,71.7,
2026-01-06T04:44:43.630556,3.9,51.4,71.7,
2026-01-06T04:44:49.498695,14.1,51.2,71.7,
2026-01-06T04:44:51.008397,0.4,51.2,71.7,
2026-01-06T04:44:56.975212,13.6,51.6,71.7,
2026-01-06T04:44:58.495391,0.2,51.6,71.7,
2026-01-06T04:45:04.438362,13.8,51.6,71.7,
2026-01-06T04:45:05.948195,0.2,51.5,71.7,
2026-01-06T04:45:11.839712,14.8,51.6,71.7,
2026-01-06T04:45:13.369795,1.2,51.6,71.7,
2026-01-06T04:45:19.228468,18.3,52.1,71.7,
2026-01-06T04:45:20.734927,1.2,52.2,71.7,
2026-01-06T04:45:26.649281,17.1,51.7,71.7,
2026-01-06T04:45:28.166872,1.0,51.9,71.7,
2026-01-06T04:45:34.088964,13.7,51.9,71.7,
2026-01-06T04:45:35.603762,9.0,53.2,71.7,
2026-01-06T04:45:41.498618,16.7,53.1,71.7,
2026-01-06T04:45:43.009752,2.2,53.0,71.7,
2026-01-06T04:45:48.899893,15.6,53.2,71.7,
2026-01-06T04:45:50.408774,1.0,53.2,71.7,
2026-01-06T04:45:56.306039,15.2,53.2,71.7,
2026-01-06T04:45:57.823666,0.4,53.2,71.7,
2026-01-06T04:46:03.676632,15.0,53.2,71.7,
2026-01-06T04:46:05.189127,0.8,53.1,71.7,
2026-01-06T04:46:11.105512,13.8,53.0,71.7,
2026-01-06T04:46:12.621249,4.1,51.9,71.7,
2026-01-06T04:46:18.509726,13.6,51.9,71.7,
2026-01-06T04:46:20.038286,0.6,51.4,71.7,
2026-01-06T04:46:25.897061,13.4,51.5,71.7,
2026-01-06T04:46:27.419140,0.2,51.5,71.7,
2026-01-06T04:46:33.293710,14.7,51.4,71.7,
2026-01-06T04:46:34.810559,0.4,51.4,71.7,
2026-01-06T04:46:40.664415,14.8,51.4,71.7,
2026-01-06T04:46:42.183827,0.2,51.4,71.7,
2026-01-06T04:46:48.090825,13.5,51.5,71.7,
2026-01-06T04:46:49.601843,8.3,51.7,71.7,
2026-01-06T04:46:55.476648,14.3,51.7,71.7,
2026-01-06T04:46:56.994146,0.4,51.7,71.7,
2026-01-06T04:47:02.878731,10.6,51.7,71.7,
2026-01-06T04:47:04.385355,0.8,51.7,71.7,
2026-01-06T04:47:10.279212,13.0,51.6,71.7,
2026-01-06T04:47:11.793331,3.1,51.6,71.7,
2026-01-06T04:47:17.687633,14.2,52.3,71.7,
2026-01-06T04:47:19.196914,0.2,52.3,71.7,
2026-01-06T04:47:25.095915,16.8,52.1,71.7,
2026-01-06T04:47:26.611859,2.4,52.2,71.7,
2026-01-06T04:47:32.529579,13.8,52.3,71.7,
2026-01-06T04:47:34.041687,1.2,52.3,71.7,
2026-01-06T04:47:39.972367,15.0,52.3,71.7,
2026-01-06T04:47:41.479405,1.8,52.3,71.7,
2026-01-06T04:47:47.365576,16.4,52.3,71.7,
2026-01-06T04:47:48.878938,0.6,52.3,71.7,
2026-01-06T04:47:54.752141,12.7,52.3,71.7,
2026-01-06T04:47:56.265203,0.4,52.3,71.7,
2026-01-06T04:48:02.193082,17.1,52.4,71.7,
2026-01-06T04:48:03.711337,1.2,52.4,71.7,
2026-01-06T04:48:09.569659,15.0,52.4,71.7,
2026-01-06T04:48:11.091410,0.8,52.4,71.7,
2026-01-06T04:48:16.977823,15.5,52.5,71.7,
2026-01-06T04:48:18.492497,0.4,52.5,71.7,
2026-01-06T04:48:24.374013,16.4,52.5,71.7,
2026-01-06T04:48:25.893289,3.7,52.5,71.7,
2026-01-06T04:48:31.820520,12.9,55.0,71.7,
2026-01-06T04:48:33.337554,0.2,54.5,71.7,
2026-01-06T04:48:39.213064,14.2,54.3,71.7,
2026-01-06T04:48:40.732123,0.6,54.3,71.7,
2026-01-06T04:48:46.572248,16.1,54.0,71.7,
2026-01-06T04:48:48.089672,0.2,54.0,71.7,
2026-01-06T04:48:53.996486,17.5,54.3,71.7,
2026-01-06T04:48:55.512093,7.6,55.2,71.7,
2026-01-06T04:49:01.438735,14.0,56.2,71.7,
2026-01-06T04:49:02.957621,3.3,58.0,71.7,
2026-01-06T04:49:08.787892,15.1,57.2,71.7,
2026-01-06T04:49:10.304301,1.6,56.3,71.7,
2026-01-06T04:49:16.207819,13.6,56.4,71.7,
2026-01-06T04:49:17.721020,1.0,56.3,71.7,
2026-01-06T04:49:23.556848,16.0,56.6,71.7,
2026-01-06T04:49:25.065310,0.6,56.3,71.7,
2026-01-06T04:49:30.925192,16.8,55.6,71.7,
2026-01-06T04:49:32.435663,0.2,55.3,71.7,
2026-01-06T04:49:38.320881,13.7,55.2,71.7,
2026-01-06T04:49:39.835174,7.4,56.0,71.7,
2026-01-06T04:49:45.710152,15.6,55.2,71.7,
2026-01-06T04:49:47.225658,1.0,55.2,71.7,
2026-01-06T04:49:53.056705,16.4,55.0,71.7,
2026-01-06T04:49:54.566982,2.0,55.0,71.7,
2026-01-06T04:50:00.465767,14.7,55.0,71.7,
2026-01-06T04:50:01.984059,2.8,54.5,71.7,
2026-01-06T04:50:07.860895,15.5,54.4,71.7,
2026-01-06T04:50:09.383523,3.0,54.4,71.7,
2026-01-06T04:50:15.294463,15.8,54.3,71.7,
2026-01-06T04:50:16.800630,4.3,54.3,71.7,
2026-01-06T04:50:22.682736,19.6,54.4,71.7,
2026-01-06T04:50:24.197906,0.8,54.4,71.7,
2026-01-06T04:50:30.087634,15.6,54.4,71.7,
2026-01-06T04:50:31.596913,4.4,54.1,71.7,
2026-01-06T04:50:37.471632,14.2,52.8,71.7,
2026-01-06T04:50:38.982239,0.6,52.8,71.7,
2026-01-06T04:50:44.857133,13.7,52.2,71.7,
2026-01-06T04:50:46.371283,0.4,52.2,71.7,
2026-01-06T04:50:52.205009,14.4,52.1,71.7,
2026-01-06T04:50:53.712772,0.4,52.1,71.7,
2026-01-06T04:50:59.583276,14.3,52.3,71.7,
2026-01-06T04:51:01.094359,2.3,52.4,71.7,
2026-01-06T04:51:07.047045,11.0,54.5,71.7,
2026-01-06T04:51:08.561124,1.6,54.5,71.7,
2026-01-06T04:51:14.440174,17.8,53.9,71.7,
2026-01-06T04:51:15.959630,3.2,53.9,71.7,
2026-01-06T04:51:21.825394,13.3,53.9,71.7,
2026-01-06T04:51:23.342381,0.4,53.9,71.7,
2026-01-06T04:51:29.188045,13.2,53.9,71.7,
2026-01-06T04:51:30.705678,1.8,53.8,71.7,
2026-01-06T04:51:36.576979,15.2,52.1,71.7,
2026-01-06T04:51:38.089689,0.6,51.8,71.7,
2026-01-06T04:51:43.973693,13.2,52.0,71.7,
2026-01-06T04:51:45.482075,1.0,52.0,71.7,
2026-01-06T04:51:51.355965,16.0,52.2,71.7,
2026-01-06T04:51:52.886759,0.0,52.2,71.7,
2026-01-06T04:51:58.759252,17.3,52.1,71.7,
2026-01-06T04:52:00.269621,2.9,52.1,71.7,
2026-01-06T04:52:06.177507,15.5,52.1,71.7,
2026-01-06T04:52:07.684884,0.0,52.0,71.7,
2026-01-06T04:52:13.596662,14.1,52.3,71.7,
2026-01-06T04:52:15.103263,1.4,52.3,71.7,
2026-01-06T04:52:21.029763,15.2,52.3,71.7,
2026-01-06T04:52:22.535487,0.4,52.3,71.7,
2026-01-06T04:52:28.388273,15.7,52.3,71.7,
2026-01-06T04:52:29.907242,2.6,52.3,71.7,
2026-01-06T04:52:35.798455,16.1,52.1,71.7,
2026-01-06T04:52:37.318382,2.4,51.9,71.7,
2026-01-06T04:52:43.194000,16.1,51.9,71.7,
2026-01-06T04:52:44.717014,0.6,51.9,71.7,
2026-01-06T04:52:50.604025,14.1,51.8,71.7,
2026-01-06T04:52:52.114581,5.3,51.9,71.7,
2026-01-06T04:52:58.061183,16.4,53.2,71.7,
2026-01-06T04:52:59.580077,8.0,53.0,71.7,
2026-01-06T04:53:05.414926,16.4,53.5,71.7,
2026-01-06T04:53:06.925152,1.4,53.5,71.7,
2026-01-06T04:53:12.803557,15.1,53.6,71.7,
2026-01-06T04:53:14.313006,3.3,54.0,71.7,
2026-01-06T04:53:20.186930,16.4,54.0,71.7,
2026-01-06T04:53:21.699132,4.9,53.7,71.7,
2026-01-06T04:53:27.665689,15.8,54.1,71.7,
2026-01-06T04:53:29.178913,2.8,54.1,71.7,
2026-01-06T04:53:35.079114,16.2,53.9,71.7,
2026-01-06T04:53:36.594314,1.5,53.9,71.7,
2026-01-06T04:53:42.475686,16.1,53.2,71.7,
2026-01-06T04:53:43.985079,2.2,53.3,71.7,
2026-01-06T04:53:49.863757,14.1,53.3,71.7,
2026-01-06T04:53:51.376834,2.6,53.3,71.7,
2026-01-06T04:53:57.234318,18.2,53.2,71.7,
2026-01-06T04:53:58.742328,2.9,53.1,71.7,
2026-01-06T04:54:04.645377,14.8,52.7,71.7,
2026-01-06T04:54:06.160206,3.9,52.7,71.7,
2026-01-06T04:54:12.069142,15.7,52.1,71.7,
2026-01-06T04:54:13.575573,1.6,52.3,71.7,
2026-01-06T04:54:19.445178,16.5,52.4,71.7,
2026-01-06T04:54:20.954706,1.8,52.4,71.7,
2026-01-06T04:54:26.828690,14.2,52.1,71.7,
2026-01-06T04:54:28.339992,2.9,52.1,71.7,
2026-01-06T04:54:34.293784,16.8,52.6,71.7,
2026-01-06T04:54:35.806869,1.4,52.7,71.7,
2026-01-06T04:54:41.677631,15.9,51.1,71.7,
2026-01-06T04:54:43.187942,1.4,51.2,71.7,
2026-01-06T04:54:49.028371,17.2,51.2,71.7,
2026-01-06T04:54:50.539224,2.1,51.2,71.7,
2026-01-06T04:54:56.382889,14.9,51.1,71.7,
2026-01-06T04:54:57.903479,3.5,51.1,71.7,
2026-01-06T04:55:03.752739,14.8,50.9,71.7,
2026-01-06T04:55:05.259045,3.3,51.2,71.7,
2026-01-06T04:55:11.137465,16.9,51.1,71.7,
2026-01-06T04:55:12.651962,4.8,51.1,71.7,
2026-01-06T04:55:18.525264,17.3,51.1,71.7,
2026-01-06T04:55:20.034845,1.4,51.1,71.7,
2026-01-06T04:55:25.939991,13.9,51.2,71.7,
2026-01-06T04:55:27.451429,2.3,51.1,71.7,
2026-01-06T04:55:33.318709,15.1,50.9,71.7,
2026-01-06T04:55:34.825978,3.1,51.0,71.7,
2026-01-06T04:55:40.709197,16.8,50.9,71.7,
2026-01-06T04:55:42.215401,1.6,50.9,71.7,
2026-01-06T04:55:48.053541,14.8,50.9,71.7,
2026-01-06T04:55:49.564873,1.4,50.9,71.7,
2026-01-06T04:55:55.433780,12.5,51.4,71.7,
2026-01-06T04:55:56.947630,0.2,51.4,71.7,
2026-01-06T04:56:02.808329,15.1,52.0,71.7,
2026-01-06T04:56:04.314133,1.9,52.0,71.7,
2026-01-06T04:56:10.265683,15.4,52.0,71.7,
2026-01-06T04:56:11.777293,1.8,51.9,71.7,
2026-01-06T04:56:17.675278,17.0,52.0,71.7,
2026-01-06T04:56:19.192930,0.4,52.0,71.7,
2026-01-06T04:56:25.084905,14.4,52.0,71.7,
2026-01-06T04:56:26.594156,4.8,52.0,71.7,
2026-01-06T04:56:32.478824,17.6,51.8,71.7,
2026-01-06T04:56:33.995717,2.7,51.8,71.7,
2026-01-06T04:56:39.869572,14.5,51.8,71.7,
2026-01-06T04:56:41.376217,1.4,51.8,71.7,
2026-01-06T04:56:47.222473,16.7,51.8,71.7,
2026-01-06T04:56:48.742776,2.1,51.8,71.7,
2026-01-06T04:56:54.585132,13.6,51.7,71.7,
2026-01-06T04:56:56.091421,2.5,51.8,71.7,
2026-01-06T04:57:01.951845,15.8,51.8,71.7,
2026-01-06T04:57:03.458345,2.5,51.8,71.7,
2026-01-06T04:57:09.341042,16.8,51.8,71.7,
2026-01-06T04:57:10.858685,2.1,51.7,71.7,
2026-01-06T04:57:16.733204,15.0,51.7,71.7,
2026-01-06T04:57:18.239442,2.9,51.8,71.7,
2026-01-06T04:57:24.103263,16.5,51.8,71.7,
2026-01-06T04:57:25.622575,3.5,51.8,71.7,
2026-01-06T04:57:31.476608,16.9,51.8,71.7,
2026-01-06T04:57:32.989156,1.8,51.8,71.7,
2026-01-06T04:57:38.836359,13.5,51.8,71.7,
2026-01-06T04:57:40.348079,0.6,51.8,71.7,
2026-01-06T04:57:46.236770,15.8,51.7,71.7,
2026-01-06T04:57:47.749832,0.2,51.7,71.7,
2026-01-06T04:57:53.636945,13.8,51.6,71.7,
2026-01-06T04:57:55.154497,0.0,51.6,71.7,
2026-01-06T04:58:00.976542,16.0,51.6,71.7,
2026-01-06T04:58:02.497895,0.0,51.7,71.7,
2026-01-06T04:58:08.354542,17.7,51.8,71.7,
2026-01-06T04:58:09.868414,2.6,51.8,71.7,
2026-01-06T04:58:15.822969,13.9,52.1,71.7,
2026-01-06T04:58:17.329121,1.2,52.1,71.7,
2026-01-06T04:58:23.216844,16.1,52.3,71.7,
2026-01-06T04:58:24.730928,2.6,52.3,71.7,
2026-01-06T04:58:30.573095,13.8,52.3,71.7,
2026-01-06T04:58:32.082143,0.2,52.3,71.7,
2026-01-06T04:58:38.053656,13.3,52.9,71.7,
2026-01-06T04:58:39.571802,0.8,53.0,71.7,
2026-01-06T04:58:45.468655,13.5,52.7,71.7,
2026-01-06T04:58:46.979796,0.6,52.8,71.7,
2026-01-06T04:58:52.846068,15.2,53.0,71.7,
2026-01-06T04:58:54.363023,1.2,53.0,71.7,
2026-01-06T04:59:00.221111,14.3,53.0,71.7,
2026-01-06T04:59:01.728495,0.2,52.9,71.7,
2026-01-06T04:59:07.646516,15.7,53.3,71.7,
2026-01-06T04:59:09.165268,3.9,53.4,71.7,
2026-01-06T04:59:15.110019,16.3,53.7,71.7,
2026-01-06T04:59:16.622637,1.0,53.7,71.7,
2026-01-06T04:59:22.468689,16.8,52.6,71.7,
2026-01-06T04:59:23.978813,2.4,52.6,71.7,
2026-01-06T04:59:29.906022,15.1,52.5,71.7,
2026-01-06T04:59:31.415436,0.6,52.5,71.7,
2026-01-06T04:59:37.318644,15.9,52.5,71.7,
2026-01-06T04:59:38.842126,0.6,52.6,71.7,
2026-01-06T04:59:44.694474,15.7,52.0,71.7,
2026-01-06T04:59:46.203343,0.0,52.0,71.7,
2026-01-06T04:59:52.109570,13.6,52.0,71.7,
2026-01-06T04:59:53.624422,1.0,52.0,71.7,
2026-01-06T04:59:59.513170,15.4,52.3,71.7,
2026-01-06T05:00:01.030679,0.8,52.3,71.7,
2026-01-06T05:00:06.884277,15.9,52.5,71.7,
2026-01-06T05:00:08.394097,0.2,52.4,71.7,
2026-01-06T05:00:14.267086,14.2,52.4,71.7,
2026-01-06T05:00:15.779352,1.0,52.4,71.7,
2026-01-06T05:00:21.670823,16.2,52.3,71.7,
2026-01-06T05:00:23.182630,0.6,52.3,71.7,
2026-01-06T05:00:29.076827,14.5,52.1,71.7,
2026-01-06T05:00:30.585868,0.0,52.1,71.7,
2026-01-06T05:00:36.453506,14.4,52.0,71.7,
2026-01-06T05:00:37.965115,1.6,52.1,71.7,
2026-01-06T05:00:43.862849,13.8,52.0,71.7,
2026-01-06T05:00:45.383623,0.0,52.0,71.7,
2026-01-06T05:00:51.266281,14.5,52.0,71.7,
2026-01-06T05:00:52.782752,0.2,52.0,71.7,
2026-01-06T05:00:58.661345,22.4,51.9,71.7,
2026-01-06T05:01:00.185502,0.8,52.0,71.7,
2026-01-06T05:01:06.088721,14.2,51.6,71.7,
2026-01-06T05:01:07.598309,0.4,51.6,71.7,
2026-01-06T05:01:13.488295,13.6,51.6,71.7,
2026-01-06T05:01:15.004954,1.6,51.6,71.7,
2026-01-06T05:01:20.877165,15.7,51.4,71.7,
2026-01-06T05:01:22.392682,2.6,51.5,71.7,
2026-01-06T05:01:28.279055,15.8,51.6,71.7,
2026-01-06T05:01:29.797125,1.4,52.0,71.7,
2026-01-06T05:01:35.681780,17.4,52.9,71.7,
2026-01-06T05:01:37.196765,3.1,53.0,71.7,
2026-01-06T05:01:43.065625,16.6,52.9,71.7,
2026-01-06T05:01:44.572734,0.8,52.9,71.7,
2026-01-06T05:01:50.668165,20.7,53.0,71.7,
2026-01-06T05:01:52.177969,6.2,53.1,71.7,
2026-01-06T05:01:58.086246,16.4,53.2,71.7,
2026-01-06T05:01:59.593802,3.9,53.0,71.7,
2026-01-06T05:02:05.445480,16.3,52.9,71.7,
2026-01-06T05:02:06.960136,2.5,52.8,71.7,
2026-01-06T05:02:12.898555,16.2,52.6,71.7,
2026-01-06T05:02:14.408137,2.8,52.7,71.7,
2026-01-06T05:02:20.299269,16.5,52.9,71.7,
2026-01-06T05:02:21.807346,0.2,52.8,71.7,
2026-01-06T05:02:27.678131,16.2,52.7,71.7,
2026-01-06T05:02:29.187310,2.0,52.7,71.7,
2026-01-06T05:02:35.032831,16.0,52.6,71.7,
2026-01-06T05:02:36.540440,3.3,52.7,71.7,
2026-01-06T05:02:42.432500,17.0,52.6,71.7,
2026-01-06T05:02:43.939743,1.6,52.6,71.7,
2026-01-06T05:02:49.812255,16.2,52.5,71.7,
2026-01-06T05:02:51.321247,3.3,52.5,71.7,
2026-01-06T05:02:57.177387,14.2,52.6,71.7,
2026-01-06T05:02:58.687551,1.9,52.6,71.7,
2026-01-06T05:03:04.564219,14.2,52.6,71.7,
2026-01-06T05:03:06.081483,1.0,52.6,71.7,
2026-01-06T05:03:11.956642,16.7,52.6,71.7,
2026-01-06T05:03:13.469767,1.9,52.6,71.7,
2026-01-06T05:03:19.400168,13.3,52.2,71.7,
2026-01-06T05:03:20.907219,3.1,52.1,71.7,
2026-01-06T05:03:26.759160,17.1,52.0,71.7,
2026-01-06T05:03:28.268556,1.7,52.1,71.7,
2026-01-06T05:03:34.175344,15.3,52.2,71.7,
2026-01-06T05:03:35.696263,0.2,52.2,71.7,
2026-01-06T05:03:41.601138,14.8,52.2,71.7,
2026-01-06T05:03:43.115420,4.0,52.3,71.7,
2026-01-06T05:03:48.965912,14.5,52.1,71.7,
2026-01-06T05:03:50.482742,2.7,52.1,71.7,
2026-01-06T05:03:56.375315,16.0,52.1,71.7,
2026-01-06T05:03:57.881346,0.0,52.1,71.7,
2026-01-06T05:04:03.719083,14.5,52.0,71.7,
2026-01-06T05:04:05.225183,1.2,52.1,71.7,
2026-01-06T05:04:11.142465,13.6,52.1,71.7,
2026-01-06T05:04:12.673652,0.0,52.1,71.7,
2026-01-06T05:04:18.543156,15.3,52.0,71.7,
2026-01-06T05:04:20.065671,0.2,52.0,71.7,
2026-01-06T05:04:25.953702,16.4,52.0,71.7,
2026-01-06T05:04:27.467811,3.1,52.2,71.7,
2026-01-06T05:04:33.321980,16.9,52.1,71.7,
2026-01-06T05:04:34.829344,0.4,52.2,71.7,
2026-01-06T05:04:40.734310,12.6,52.1,71.7,
2026-01-06T05:04:42.242435,2.2,52.1,71.7,
2026-01-06T05:04:48.107968,16.9,52.1,71.7,
2026-01-06T05:04:49.623073,0.6,52.1,71.7,
2026-01-06T05:04:55.505626,17.6,52.0,71.7,
2026-01-06T05:04:57.025532,1.0,51.9,71.7,
2026-01-06T05:05:02.931663,15.4,51.8,71.7,
2026-01-06T05:05:04.443053,0.6,51.9,71.7,
2026-01-06T05:05:10.290619,16.5,52.1,71.7,
2026-01-06T05:05:11.809550,0.8,52.1,71.7,
2026-01-06T05:05:17.705515,15.0,52.3,71.7,
2026-01-06T05:05:19.222575,1.4,52.3,71.7,
2026-01-06T05:05:25.149544,17.4,51.9,71.7,
2026-01-06T05:05:26.658681,1.9,51.9,71.7,
2026-01-06T05:05:32.555098,18.7,51.8,71.7,
2026-01-06T05:05:34.068609,0.6,51.8,71.7,
2026-01-06T05:05:39.938482,15.8,51.9,71.7,
2026-01-06T05:05:41.452711,1.7,51.9,71.7,
2026-01-06T05:05:47.330379,13.8,51.9,71.7,
2026-01-06T05:05:48.845728,0.0,51.8,71.7,
2026-01-06T05:05:54.716346,14.5,51.7,71.7,
2026-01-06T05:05:56.237156,2.0,51.7,71.7,
2026-01-06T05:06:02.119256,16.8,51.8,71.7,
2026-01-06T05:06:03.625409,0.6,51.7,71.7,
2026-01-06T05:06:09.516414,14.9,51.6,71.7,
2026-01-06T05:06:11.027056,0.6,51.6,71.7,
2026-01-06T05:06:16.888769,13.9,51.6,71.7,
2026-01-06T05:06:18.407572,1.6,51.6,71.7,
2026-01-06T05:06:24.269219,15.4,51.7,71.7,
2026-01-06T05:06:25.782726,0.8,51.7,71.7,
2026-01-06T05:06:31.692513,16.8,51.7,71.7,
2026-01-06T05:06:33.199509,2.3,51.7,71.7,
2026-01-06T05:06:39.059977,15.7,51.7,71.7,
2026-01-06T05:06:40.581141,1.6,51.6,71.7,
2026-01-06T05:06:46.449906,14.7,51.7,71.7,
2026-01-06T05:06:47.964919,1.9,51.7,71.7,
2026-01-06T05:06:53.870934,15.8,51.6,71.7,
2026-01-06T05:06:55.375719,0.6,51.6,71.7,
2026-01-06T05:07:01.265367,15.6,51.7,71.7,
2026-01-06T05:07:02.779908,1.0,51.8,71.7,
2026-01-06T05:07:08.678650,13.2,51.6,71.7,
2026-01-06T05:07:10.201067,1.0,51.6,71.7,
2026-01-06T05:07:16.096108,13.8,51.7,71.7,
2026-01-06T05:07:17.609256,0.2,51.7,71.7,
2026-01-06T05:07:23.567802,16.7,51.7,71.7,
2026-01-06T05:07:25.076830,0.6,51.7,71.7,
2026-01-06T05:07:30.948023,16.5,51.7,71.7,
2026-01-06T05:07:32.455666,1.0,51.7,71.7,
2026-01-06T05:07:38.320574,15.4,51.8,71.7,
2026-01-06T05:07:39.829919,1.6,51.8,71.7,
2026-01-06T05:07:45.660411,17.0,51.8,71.7,
2026-01-06T05:07:47.165949,0.8,51.8,71.7,
2026-01-06T05:07:53.065175,15.7,51.8,71.7,
2026-01-06T05:07:54.573792,0.6,51.8,71.7,
2026-01-06T05:08:00.450535,13.1,51.8,71.7,
2026-01-06T05:08:01.986722,0.8,51.8,71.7,
2026-01-06T05:08:07.885945,14.3,51.8,71.7,
2026-01-06T05:08:09.392758,0.6,51.7,71.7,
2026-01-06T05:08:15.251007,15.9,51.7,71.7,
2026-01-06T05:08:16.768624,1.0,51.7,71.7,
2026-01-06T05:08:22.715472,14.7,51.7,71.7,
2026-01-06T05:08:24.223220,0.4,51.7,71.7,
2026-01-06T05:08:30.104683,13.7,51.6,71.7,
2026-01-06T05:08:31.619257,0.8,51.7,71.7,
2026-01-06T05:08:37.531541,14.4,51.5,71.7,
2026-01-06T05:08:39.048448,1.4,51.5,71.7,
2026-01-06T05:08:44.912977,15.4,51.5,71.7,
2026-01-06T05:08:46.419618,1.0,51.5,71.7,
2026-01-06T05:08:52.278381,14.8,51.5,71.7,
2026-01-06T05:08:53.800289,0.2,51.5,71.7,
2026-01-06T05:08:59.737668,16.0,52.5,71.7,
2026-01-06T05:09:01.251288,0.8,52.4,71.7,
2026-01-06T05:09:07.151115,14.2,52.4,71.7,
2026-01-06T05:09:08.667697,0.4,52.3,71.7,
2026-01-06T05:09:14.523320,16.7,52.4,71.7,
2026-01-06T05:09:16.032576,0.8,52.4,71.7,
2026-01-06T05:09:21.914924,15.9,52.4,71.7,
2026-01-06T05:09:23.425592,0.8,52.4,71.7,
2026-01-06T05:09:29.302051,15.6,52.4,71.7,
2026-01-06T05:09:30.825743,0.6,52.4,71.7,
2026-01-06T05:09:36.697134,13.3,52.3,71.7,
2026-01-06T05:09:38.213362,2.9,52.3,71.7,
2026-01-06T05:09:44.130763,13.5,51.8,71.7,
2026-01-06T05:09:45.646544,1.0,51.8,71.7,
2026-01-06T05:09:51.534460,15.1,51.9,71.7,
2026-01-06T05:09:53.048953,0.0,51.9,71.7,
2026-01-06T05:09:58.916782,16.2,51.8,71.7,
2026-01-06T05:10:00.424859,0.4,51.9,71.7,
2026-01-06T05:10:06.308500,15.6,51.9,71.7,
2026-01-06T05:10:07.829390,0.2,51.9,71.7,
2026-01-06T05:10:13.659847,16.4,51.8,71.7,
2026-01-06T05:10:15.170524,0.6,51.9,71.7,
2026-01-06T05:10:21.031616,16.5,50.9,71.7,
2026-01-06T05:10:22.539719,1.0,51.0,71.7,
2026-01-06T05:10:28.445915,15.6,51.1,71.7,
2026-01-06T05:10:29.957054,1.4,51.1,71.7,
2026-01-06T05:10:35.817010,14.8,51.0,71.7,
2026-01-06T05:10:37.323996,0.6,51.0,71.7,
2026-01-06T05:10:43.183078,15.0,50.9,71.7,
2026-01-06T05:10:44.692210,1.1,50.7,71.7,
2026-01-06T05:10:50.527987,13.7,50.7,71.7,
2026-01-06T05:10:52.040506,1.0,50.7,71.7,
2026-01-06T05:10:57.876666,15.7,50.6,71.7,
2026-01-06T05:10:59.388045,0.6,50.6,71.7,
2026-01-06T05:11:05.228175,14.6,50.7,71.7,
2026-01-06T05:11:06.737568,0.8,50.7,71.7,
2026-01-06T05:11:12.667325,14.7,50.8,71.7,
2026-01-06T05:11:14.187115,0.8,50.7,71.7,
2026-01-06T05:11:20.045007,14.3,50.6,71.7,
2026-01-06T05:11:21.554504,1.6,50.7,71.7,
2026-01-06T05:11:27.421171,14.2,50.6,71.7,
2026-01-06T05:11:28.939897,0.4,50.7,71.7,
2026-01-06T05:11:34.766118,16.3,50.7,71.7,
2026-01-06T05:11:36.284771,0.2,50.6,71.7,
2026-01-06T05:11:42.143544,15.6,50.8,71.7,
2026-01-06T05:11:43.659070,0.6,50.8,71.7,
2026-01-06T05:11:49.566951,14.3,50.7,71.7,
2026-01-06T05:11:51.079554,0.2,50.7,71.7,
2026-01-06T05:11:57.004944,12.5,50.7,71.7,
2026-01-06T05:11:58.533157,0.0,50.7,71.7,
2026-01-06T05:12:04.423366,15.8,50.7,71.7,
2026-01-06T05:12:05.938451,0.0,50.7,71.7,
2026-01-06T05:12:11.844926,13.8,50.7,71.7,
2026-01-06T05:12:13.361492,0.0,50.7,71.7,
2026-01-06T05:12:19.220397,13.7,50.7,71.7,
2026-01-06T05:12:20.743720,2.2,50.6,71.7,
2026-01-06T05:12:26.634181,16.8,50.8,71.7,
2026-01-06T05:12:28.146362,2.0,50.8,71.7,
2026-01-06T05:12:34.051743,16.7,51.4,71.7,
2026-01-06T05:12:35.565797,1.9,51.6,71.7,
2026-01-06T05:12:41.472976,16.2,51.6,71.7,
2026-01-06T05:12:42.984694,3.7,51.5,71.7,
2026-01-06T05:12:48.900218,15.4,52.1,71.7,
2026-01-06T05:12:50.410975,2.4,52.0,71.7,
2026-01-06T05:12:56.303618,16.0,52.2,71.7,
2026-01-06T05:12:57.829281,0.2,52.1,71.7,
2026-01-06T05:13:03.726148,14.4,52.2,71.7,
2026-01-06T05:13:05.237108,0.4,52.2,71.7,
2026-01-06T05:13:11.175554,14.6,53.5,71.7,
2026-01-06T05:13:12.688687,1.4,53.5,71.7,
2026-01-06T05:13:18.548903,16.0,53.0,71.7,
2026-01-06T05:13:20.057859,1.6,52.8,71.7,
2026-01-06T05:13:25.944698,17.6,53.8,71.7,
2026-01-06T05:13:27.456075,0.2,53.7,71.7,
2026-01-06T05:13:33.331166,17.4,53.6,71.7,
2026-01-06T05:13:34.840160,2.7,53.5,71.7,
2026-01-06T05:13:40.797030,16.4,52.7,71.7,
2026-01-06T05:13:42.305726,1.2,52.6,71.7,
2026-01-06T05:13:48.204598,16.8,52.5,71.7,
2026-01-06T05:13:49.720681,1.2,52.4,71.7,
2026-01-06T05:13:55.638501,14.8,55.9,71.7,
2026-01-06T05:13:57.144746,0.8,55.9,71.7,
2026-01-06T05:14:03.050041,14.8,54.6,71.7,
2026-01-06T05:14:04.564281,0.6,54.5,71.7,
2026-01-06T05:14:10.439628,15.6,55.0,71.7,
2026-01-06T05:14:11.945315,0.8,55.1,71.7,
2026-01-06T05:14:17.880385,15.3,54.5,71.8,
2026-01-06T05:14:19.386822,2.1,54.4,71.7,
2026-01-06T05:14:25.314194,13.1,54.3,71.7,
2026-01-06T05:14:26.833834,5.8,54.6,71.7,
2026-01-06T05:14:32.694615,13.4,54.2,71.8,
2026-01-06T05:14:34.220229,0.2,54.1,71.8,
2026-01-06T05:14:40.048503,15.4,54.1,71.8,
2026-01-06T05:14:41.558877,0.4,53.9,71.8,
2026-01-06T05:14:47.461715,15.3,53.3,71.8,
2026-01-06T05:14:48.969314,2.7,53.3,71.8,
2026-01-06T05:14:54.893909,13.0,53.4,71.8,
2026-01-06T05:14:56.417207,7.9,54.6,71.8,
2026-01-06T05:15:02.282438,19.7,55.3,71.8,
2026-01-06T05:15:03.790305,3.4,55.4,71.8,
2026-01-06T05:15:09.710506,16.4,55.4,71.8,
2026-01-06T05:15:11.227049,1.0,55.4,71.8,
2026-01-06T05:15:17.127689,14.8,55.4,71.8,
2026-01-06T05:15:18.637117,0.8,55.4,71.8,
2026-01-06T05:15:24.521744,14.6,55.2,71.8,
2026-01-06T05:15:26.033900,0.6,55.2,71.8,
2026-01-06T05:15:31.983686,16.5,55.2,71.8,
2026-01-06T05:15:33.495522,3.3,55.3,71.8,
2026-01-06T05:15:39.380262,14.7,51.8,71.7,
2026-01-06T05:15:40.893980,0.0,51.8,71.7,
2026-01-06T05:15:46.798804,17.1,50.3,71.7,
2026-01-06T05:15:48.305014,2.0,50.3,71.7,
2026-01-06T05:15:54.161508,14.1,50.5,71.7,
2026-01-06T05:15:55.675224,0.0,50.4,71.7,
2026-01-06T05:16:01.628052,15.9,50.4,71.7,
2026-01-06T05:16:03.141710,0.8,50.4,71.7,
2026-01-06T05:16:09.023475,14.9,50.4,71.7,
2026-01-06T05:16:10.532903,1.2,50.4,71.7,
2026-01-06T05:16:16.422593,18.6,50.4,71.7,
2026-01-06T05:16:17.939306,2.5,50.4,71.7,
2026-01-06T05:16:23.869451,14.8,50.4,71.7,
2026-01-06T05:16:25.389956,1.8,50.4,71.7,
2026-01-06T05:16:31.300357,16.0,50.7,71.7,
2026-01-06T05:16:32.820517,0.2,50.6,71.7,
2026-01-06T05:16:38.751878,14.4,50.5,71.7,
2026-01-06T05:16:40.271400,0.4,50.4,71.7,
2026-01-06T05:16:46.168838,16.8,50.5,71.7,
2026-01-06T05:16:47.686496,1.6,50.5,71.7,
2026-01-06T05:16:53.548962,14.4,50.6,71.7,
2026-01-06T05:16:55.057926,1.6,50.6,71.7,
2026-01-06T05:17:01.020141,13.9,50.4,71.7,
2026-01-06T05:17:02.526843,0.6,50.4,71.7,
2026-01-06T05:17:08.409117,14.7,50.5,71.7,
2026-01-06T05:17:09.925911,0.2,50.3,71.7,
2026-01-06T05:17:15.786747,14.8,50.0,71.7,
2026-01-06T05:17:17.294331,0.2,50.0,71.7,
2026-01-06T05:17:23.292115,16.6,50.0,71.7,
2026-01-06T05:17:24.812705,1.8,50.2,71.7,
2026-01-06T05:17:30.721388,14.3,50.2,71.7,
2026-01-06T05:17:32.232527,3.9,50.2,71.7,
2026-01-06T05:17:38.110454,16.8,50.3,71.7,
2026-01-06T05:17:39.623202,2.9,50.3,71.7,
2026-01-06T05:17:45.505836,16.0,50.6,71.7,
2026-01-06T05:17:47.013082,0.4,50.5,71.7,
2026-01-06T05:17:52.927559,16.3,50.9,71.7,
2026-01-06T05:17:54.446867,3.1,51.0,71.7,
2026-01-06T05:18:00.354245,17.2,51.3,71.7,
2026-01-06T05:18:01.863150,2.1,51.3,71.7,
2026-01-06T05:18:07.784314,14.6,51.5,71.7,
2026-01-06T05:18:09.294907,0.8,51.4,71.7,
2026-01-06T05:18:15.170341,16.8,51.3,71.7,
2026-01-06T05:18:16.678161,0.8,51.3,71.7,
2026-01-06T05:18:22.566033,16.5,51.4,71.7,
2026-01-06T05:18:24.077464,3.3,51.4,71.7,
2026-01-06T05:18:29.997592,15.7,51.0,71.7,
2026-01-06T05:18:31.509783,0.4,51.0,71.7,
2026-01-06T05:18:37.450282,13.5,50.9,71.7,
2026-01-06T05:18:38.964419,2.4,50.9,71.7,
2026-01-06T05:18:44.844573,15.6,51.0,71.7,
2026-01-06T05:18:46.359190,1.8,50.9,71.7,
2026-01-06T05:18:52.278724,16.7,50.9,71.7,
2026-01-06T05:18:53.791535,0.8,50.9,71.7,
2026-01-06T05:18:59.695516,14.9,50.9,71.7,
2026-01-06T05:19:01.203871,0.6,50.9,71.7,
2026-01-06T05:19:07.064163,16.4,51.0,71.7,
2026-01-06T05:19:08.572450,2.3,50.9,71.7,
2026-01-06T05:19:14.453100,16.7,51.0,71.7,
2026-01-06T05:19:15.968870,1.4,51.0,71.7,
2026-01-06T05:19:21.852539,16.7,50.9,71.7,
2026-01-06T05:19:23.372120,2.6,50.9,71.7,
2026-01-06T05:19:29.214703,15.3,50.8,71.7,
2026-01-06T05:19:30.721293,0.6,50.8,71.7,
2026-01-06T05:19:36.590200,14.6,50.9,71.7,
2026-01-06T05:19:38.103169,2.5,50.8,71.7,
2026-01-06T05:19:44.009929,16.1,49.8,71.7,
2026-01-06T05:19:45.519034,0.2,49.8,71.7,
2026-01-06T05:19:51.380089,17.1,49.7,71.7,
2026-01-06T05:19:52.885934,2.8,49.8,71.7,
2026-01-06T05:19:58.758412,16.9,49.8,71.7,
2026-01-06T05:20:00.266586,1.9,49.6,71.7,
2026-01-06T05:20:06.199314,16.8,49.7,71.7,
2026-01-06T05:20:07.715466,0.8,49.7,71.7,
2026-01-06T05:20:13.558792,15.7,49.7,71.7,
2026-01-06T05:20:15.065280,0.8,49.7,71.7,
2026-01-06T05:20:20.914416,17.1,49.7,71.7,
2026-01-06T05:20:22.424592,1.5,49.7,71.7,
2026-01-06T05:20:28.302183,17.2,49.9,71.7,
2026-01-06T05:20:29.812322,0.4,49.9,71.7,
2026-01-06T05:20:35.744010,14.3,49.6,71.7,
2026-01-06T05:20:37.252391,1.0,49.5,71.7,
2026-01-06T05:20:43.163146,16.0,49.6,71.7,
2026-01-06T05:20:44.680351,4.9,49.7,71.7,
2026-01-06T05:20:50.546883,19.9,50.8,71.7,
2026-01-06T05:20:52.061377,3.5,50.9,71.7,
2026-01-06T05:20:57.979783,13.9,51.3,71.7,
2026-01-06T05:20:59.502212,0.8,51.3,71.7,
2026-01-06T05:21:05.441453,14.7,50.6,71.7,
2026-01-06T05:21:06.957983,1.0,50.6,71.7,
2026-01-06T05:21:12.831542,16.4,50.4,71.7,
2026-01-06T05:21:14.342163,1.8,50.5,71.7,
2026-01-06T05:21:20.306642,17.7,51.8,71.7,
2026-01-06T05:21:21.824191,4.5,52.6,71.7,
2026-01-06T05:21:27.751113,14.5,52.6,71.7,
2026-01-06T05:21:29.265712,0.2,52.6,71.7,
2026-01-06T05:21:35.165016,18.1,52.5,71.7,
2026-01-06T05:21:36.674738,2.3,52.5,71.7,
2026-01-06T05:21:42.614345,17.5,52.6,71.7,
2026-01-06T05:21:44.122266,1.9,52.5,71.7,
2026-01-06T05:21:50.003960,14.7,52.5,71.7,
2026-01-06T05:21:51.519917,1.0,52.5,71.7,
2026-01-06T05:21:57.418308,13.0,52.6,71.7,
2026-01-06T05:21:58.937632,0.2,52.6,71.7,
2026-01-06T05:22:04.801363,13.0,52.5,71.7,
2026-01-06T05:22:06.310520,0.8,52.4,71.7,
2026-01-06T05:22:12.139844,14.7,52.6,71.7,
2026-01-06T05:22:13.652631,3.2,52.5,71.7,
2026-01-06T05:22:19.522273,14.5,52.5,71.7,
2026-01-06T05:22:21.034807,0.4,52.5,71.7,
2026-01-06T05:22:27.025209,13.6,52.5,71.7,
2026-01-06T05:22:28.535418,1.8,52.7,71.7,
2026-01-06T05:22:34.453932,15.6,52.6,71.7,
2026-01-06T05:22:35.959475,1.6,52.5,71.7,
2026-01-06T05:22:41.833706,14.1,52.6,71.7,
2026-01-06T05:22:43.351631,1.6,52.6,71.7,
2026-01-06T05:22:49.193011,14.1,52.7,71.7,
2026-01-06T05:22:50.720564,0.6,52.6,71.7,
2026-01-06T05:22:56.607429,12.9,52.5,71.7,
2026-01-06T05:22:58.129852,0.2,52.5,71.7,
2026-01-06T05:23:03.954479,13.8,52.2,71.7,
2026-01-06T05:23:05.472994,0.4,52.0,71.7,
2026-01-06T05:23:11.342840,15.1,51.7,71.7,
2026-01-06T05:23:12.863295,1.6,51.7,71.7,
2026-01-06T05:23:18.732770,15.2,51.7,71.7,
2026-01-06T05:23:20.253756,3.3,52.0,71.7,
2026-01-06T05:23:26.125051,15.5,56.2,71.7,
2026-01-06T05:23:27.645578,2.0,56.6,71.7,
2026-01-06T05:23:33.568879,14.0,56.5,71.7,
2026-01-06T05:23:35.078154,1.6,56.7,71.7,
2026-01-06T05:23:40.942809,13.7,57.7,71.7,
2026-01-06T05:23:42.457821,0.4,57.7,71.7,
2026-01-06T05:23:48.345897,16.8,57.3,71.7,
2026-01-06T05:23:49.858863,0.6,57.2,71.7,
2026-01-06T05:23:55.706579,12.9,57.1,71.7,
2026-01-06T05:23:57.226225,4.0,57.1,71.7,
2026-01-06T05:24:03.117893,14.2,57.1,71.7,
2026-01-06T05:24:04.643982,1.6,57.1,71.7,
2026-01-06T05:24:10.560013,14.1,58.5,71.7,
2026-01-06T05:24:12.075098,2.6,58.5,71.7,
2026-01-06T05:24:17.918348,16.1,58.3,71.7,
2026-01-06T05:24:19.441925,0.4,58.2,71.7,
2026-01-06T05:24:25.283094,14.8,58.0,71.7,
2026-01-06T05:24:26.791148,3.5,58.1,71.7,
2026-01-06T05:24:32.637734,14.4,58.1,71.7,
2026-01-06T05:24:34.159576,0.2,58.1,71.7,
2026-01-06T05:24:39.981297,15.5,58.0,71.7,
2026-01-06T05:24:41.487406,0.6,58.0,71.7,
2026-01-06T05:24:47.403326,19.2,58.5,71.7,
2026-01-06T05:24:48.919535,8.5,58.9,71.7,
2026-01-06T05:24:54.815905,22.6,55.1,71.7,
2026-01-06T05:24:56.325531,2.2,55.1,71.7,
2026-01-06T05:25:02.203942,18.8,55.1,71.7,
2026-01-06T05:25:03.718532,0.8,54.8,71.7,
2026-01-06T05:25:09.612830,14.9,54.2,71.7,
2026-01-06T05:25:11.128933,0.6,54.2,71.7,
2026-01-06T05:25:17.022483,14.3,53.8,71.7,
2026-01-06T05:25:18.537426,0.6,53.8,71.7,
2026-01-06T05:25:24.387794,14.1,53.3,71.7,
2026-01-06T05:25:25.901204,1.6,53.3,71.7,
2026-01-06T05:25:31.822157,15.8,53.7,71.7,
2026-01-06T05:25:33.333023,1.9,53.7,71.7,
2026-01-06T05:25:39.196162,14.5,53.7,71.7,
2026-01-06T05:25:40.715312,1.4,53.7,71.7,
2026-01-06T05:25:46.615869,15.8,53.8,71.7,
2026-01-06T05:25:48.131964,1.0,53.8,71.7,
2026-01-06T05:25:54.037709,17.7,53.8,71.7,
2026-01-06T05:25:55.543826,0.6,52.8,71.7,
2026-01-06T05:26:01.485331,11.8,57.4,71.7,
2026-01-06T05:26:02.997239,0.2,57.4,71.7,
2026-01-06T05:26:08.909171,14.1,58.6,71.7,
2026-01-06T05:26:10.415313,2.4,58.6,71.7,
2026-01-06T05:26:16.261029,18.1,57.4,71.7,
2026-01-06T05:26:17.769423,0.2,57.4,71.7,
2026-01-06T05:26:23.589692,16.3,57.4,71.7,
2026-01-06T05:26:25.105860,0.2,57.4,71.7,
2026-01-06T05:26:31.009839,12.1,57.0,71.7,
2026-01-06T05:26:32.524937,0.2,57.0,71.7,
2026-01-06T05:26:38.411361,13.5,57.1,71.7,
2026-01-06T05:26:39.925477,0.2,57.0,71.7,
2026-01-06T05:26:45.883943,12.7,56.9,71.7,
2026-01-06T05:26:47.396554,1.8,57.0,71.7,
2026-01-06T05:26:53.312113,13.7,57.2,71.7,
2026-01-06T05:26:54.832071,1.0,57.2,71.7,
2026-01-06T05:27:00.724024,6.9,57.1,71.7,
2026-01-06T05:27:02.237391,1.2,57.2,71.7,
2026-01-06T05:27:08.143379,12.5,57.0,71.7,
2026-01-06T05:27:09.655316,3.4,57.1,71.7,
2026-01-06T05:27:15.624908,12.0,57.2,71.7,
2026-01-06T05:27:17.140367,2.1,57.3,71.7,
2026-01-06T05:27:23.052011,11.7,57.4,71.7,
2026-01-06T05:27:24.565098,3.7,57.2,71.7,
2026-01-06T05:27:30.427253,13.3,57.0,71.7,
2026-01-06T05:27:31.939457,0.8,57.0,71.7,
2026-01-06T05:27:37.805928,13.9,57.1,71.7,
2026-01-06T05:27:39.322329,0.4,57.0,71.7,
2026-01-06T05:27:45.205294,15.1,57.1,71.7,
2026-01-06T05:27:46.718798,0.4,57.1,71.7,
2026-01-06T05:27:52.607899,14.6,57.1,71.7,
2026-01-06T05:27:54.119582,1.0,57.1,71.7,
2026-01-06T05:28:00.023982,14.3,57.1,71.7,
2026-01-06T05:28:01.533645,1.0,57.1,71.7,
2026-01-06T05:28:07.371406,14.8,57.1,71.7,
2026-01-06T05:28:08.880213,1.0,57.1,71.7,
2026-01-06T05:28:14.807490,13.9,57.1,71.7,
2026-01-06T05:28:16.316323,2.0,57.0,71.7,
2026-01-06T05:28:22.263373,14.2,57.1,71.7,
2026-01-06T05:28:23.783822,5.1,57.1,71.7,
2026-01-06T05:28:29.673170,14.3,57.0,71.7,
2026-01-06T05:28:31.181935,2.7,57.0,71.7,
2026-01-06T05:28:37.110593,12.9,57.0,71.7,
2026-01-06T05:28:38.630222,0.8,57.0,71.7,
2026-01-06T05:28:44.513502,13.6,56.9,71.7,
2026-01-06T05:28:46.021018,1.0,56.9,71.7,
2026-01-06T05:28:51.917893,14.5,56.9,71.7,
2026-01-06T05:28:53.426690,0.8,56.9,71.7,
2026-01-06T05:28:59.390768,16.1,58.3,71.7,
2026-01-06T05:29:00.902824,4.2,58.4,71.7,
2026-01-06T05:29:06.744721,16.5,58.0,71.7,
2026-01-06T05:29:08.269931,0.6,57.9,71.7,
2026-01-06T05:29:14.156043,17.4,57.9,71.7,
2026-01-06T05:29:15.666798,1.4,57.9,71.7,
2026-01-06T05:29:21.544041,13.7,57.8,71.7,
2026-01-06T05:29:23.053801,0.0,57.9,71.7,
2026-01-06T05:29:28.935429,15.3,57.8,71.7,
2026-01-06T05:29:30.441687,1.8,57.7,71.7,
2026-01-06T05:29:36.332442,16.6,57.7,71.7,
2026-01-06T05:29:37.845016,3.5,57.7,71.7,
2026-01-06T05:29:43.752263,15.2,57.7,71.7,
2026-01-06T05:29:45.261429,1.6,57.6,71.7,
2026-01-06T05:29:51.105097,15.4,57.7,71.7,
2026-01-06T05:29:52.615731,1.0,57.7,71.7,
2026-01-06T05:29:58.557475,16.1,54.0,71.7,
2026-01-06T05:30:00.071072,3.7,54.0,71.7,
2026-01-06T05:30:05.988781,13.9,53.9,71.7,
2026-01-06T05:30:07.503923,0.4,54.0,71.7,
2026-01-06T05:30:13.424802,15.5,54.2,71.7,
2026-01-06T05:30:14.942676,0.6,54.2,71.7,
2026-01-06T05:30:20.839345,14.2,54.1,71.7,
2026-01-06T05:30:22.362283,2.9,54.1,71.7,
2026-01-06T05:30:28.298467,20.2,54.1,71.7,
2026-01-06T05:30:29.819059,2.5,54.2,71.7,
2026-01-06T05:30:35.754387,17.8,54.5,71.7,
2026-01-06T05:30:37.268183,0.4,54.6,71.7,
2026-01-06T05:30:43.188105,13.9,54.6,71.7,
2026-01-06T05:30:44.708767,3.2,53.9,71.7,
2026-01-06T05:30:50.609772,15.6,54.0,71.7,
2026-01-06T05:30:52.116649,4.9,56.3,71.7,
2026-01-06T05:30:57.986278,13.0,56.9,71.7,
2026-01-06T05:30:59.503296,0.4,56.9,71.7,
2026-01-06T05:31:05.448139,11.5,56.7,71.7,
2026-01-06T05:31:06.956185,0.8,56.8,71.7,
2026-01-06T05:31:12.809404,13.0,56.8,71.7,
2026-01-06T05:31:14.318405,2.0,56.8,71.7,
2026-01-06T05:31:20.191004,14.9,56.7,71.7,
2026-01-06T05:31:21.706221,4.0,56.5,71.7,
2026-01-06T05:31:27.628898,14.7,56.4,71.7,
2026-01-06T05:31:29.144383,0.0,56.8,71.7,
2026-01-06T05:31:35.064505,14.6,56.8,71.7,
2026-01-06T05:31:36.591099,1.2,56.8,71.7,
2026-01-06T05:31:42.511265,11.6,57.4,71.7,
2026-01-06T05:31:44.020061,1.0,57.6,71.7,
2026-01-06T05:31:49.932191,13.7,57.8,71.7,
2026-01-06T05:31:51.443425,0.6,57.9,71.7,
2026-01-06T05:31:57.440146,15.6,57.7,71.7,
2026-01-06T05:31:58.956969,1.0,57.7,71.7,
2026-01-06T05:32:04.837121,14.3,57.6,71.7,
2026-01-06T05:32:06.347730,3.0,57.6,71.7,
2026-01-06T05:32:12.326576,15.1,57.8,71.7,
2026-01-06T05:32:13.832076,0.8,57.8,71.7,
2026-01-06T05:32:19.703153,13.8,57.6,71.7,
2026-01-06T05:32:21.212808,9.1,59.0,71.7,
2026-01-06T05:32:27.131892,15.4,54.3,71.7,
2026-01-06T05:32:28.640700,0.6,54.3,71.7,
2026-01-06T05:32:34.538302,13.4,54.1,71.7,
2026-01-06T05:32:36.050732,0.2,54.1,71.7,
2026-01-06T05:32:41.933959,15.7,54.2,71.7,
2026-01-06T05:32:43.442623,0.0,54.2,71.7,
2026-01-06T05:32:49.366464,13.8,54.0,71.7,
2026-01-06T05:32:50.875518,0.2,54.0,71.7,
2026-01-06T05:32:56.801295,16.0,53.9,71.7,
2026-01-06T05:32:58.321255,1.0,54.0,71.7,
2026-01-06T05:33:04.294055,16.0,56.2,71.7,
2026-01-06T05:33:05.803843,1.4,56.1,71.7,
2026-01-06T05:33:11.768435,16.4,54.7,71.7,
2026-01-06T05:33:13.287024,0.4,54.7,71.7,
2026-01-06T05:33:19.192462,16.2,56.3,71.7,
2026-01-06T05:33:20.701887,2.6,56.3,71.7,
2026-01-06T05:33:26.597387,14.7,56.4,71.7,
2026-01-06T05:33:28.117859,2.5,56.4,71.7,
2026-01-06T05:33:33.979753,14.9,56.4,71.7,
2026-01-06T05:33:35.499179,0.8,56.4,71.7,
2026-01-06T05:33:41.371843,18.0,56.4,71.7,
2026-01-06T05:33:42.884244,1.8,56.4,71.7,
2026-01-06T05:33:48.769459,14.2,56.4,71.7,
2026-01-06T05:33:50.281452,0.6,56.4,71.7,
2026-01-06T05:33:56.144931,14.5,56.4,71.7,
2026-01-06T05:33:57.663801,0.0,56.4,71.7,
2026-01-06T05:34:03.522636,15.6,56.3,71.7,
2026-01-06T05:34:05.030816,1.2,56.4,71.7,
2026-01-06T05:34:10.970148,11.6,56.3,71.7,
2026-01-06T05:34:12.480060,1.4,56.2,71.7,
2026-01-06T05:34:18.382146,13.0,54.0,71.7,
2026-01-06T05:34:19.891380,1.8,54.0,71.7,
2026-01-06T05:34:25.819235,11.7,53.5,71.7,
2026-01-06T05:34:27.341800,0.4,53.5,71.7,
2026-01-06T05:34:33.265955,17.4,59.4,71.7,
2026-01-06T05:34:34.782468,4.1,59.4,71.7,
2026-01-06T05:34:40.714399,14.1,59.4,71.7,
2026-01-06T05:34:42.228457,2.0,59.2,71.7,
2026-01-06T05:34:48.094948,14.8,59.4,71.7,
2026-01-06T05:34:49.611062,0.4,59.4,71.7,
2026-01-06T05:34:55.468023,16.3,59.4,71.7,
2026-01-06T05:34:56.978899,1.4,59.3,71.7,
2026-01-06T05:35:02.863193,16.0,59.0,71.7,
2026-01-06T05:35:04.373329,0.8,59.0,71.7,
2026-01-06T05:35:10.348165,16.6,58.9,71.7,
2026-01-06T05:35:11.879899,1.4,59.0,71.7,
2026-01-06T05:35:17.719798,14.9,58.9,71.7,
2026-01-06T05:35:19.229904,0.8,58.8,71.7,
2026-01-06T05:35:25.115626,14.8,58.9,71.7,
2026-01-06T05:35:26.622341,0.4,58.9,71.7,
2026-01-06T05:35:32.544959,14.5,54.9,71.7,
2026-01-06T05:35:34.055665,1.4,54.9,71.7,
2026-01-06T05:35:39.945579,17.7,54.9,71.7,
2026-01-06T05:35:41.456883,0.8,54.9,71.7,
2026-01-06T05:35:47.351602,15.7,54.9,71.7,
2026-01-06T05:35:48.869406,2.0,54.9,71.7,
2026-01-06T05:35:54.769497,15.2,55.4,71.7,
2026-01-06T05:35:56.285223,2.3,55.3,71.7,
2026-01-06T05:36:02.150386,15.4,55.3,71.7,
2026-01-06T05:36:03.663876,0.6,55.3,71.7,
2026-01-06T05:36:09.556258,12.6,55.2,71.7,
2026-01-06T05:36:11.067680,0.6,55.3,71.7,
2026-01-06T05:36:16.973659,18.3,55.0,71.7,
2026-01-06T05:36:18.500116,3.3,55.0,71.7,
2026-01-06T05:36:24.381464,15.6,55.0,71.7,
2026-01-06T05:36:25.900216,0.0,54.9,71.7,
2026-01-06T05:36:31.783049,12.6,54.8,71.7,
2026-01-06T05:36:33.296684,1.6,54.7,71.7,
2026-01-06T05:36:39.180326,13.4,54.7,71.7,
2026-01-06T05:36:40.691943,1.0,54.7,71.7,
2026-01-06T05:36:46.636205,15.4,54.7,71.7,
2026-01-06T05:36:48.145960,1.6,54.7,71.7,
2026-01-06T05:36:54.024617,16.2,54.7,71.7,
2026-01-06T05:36:55.545501,1.4,54.7,71.7,
2026-01-06T05:37:01.381238,17.3,54.7,71.7,
2026-01-06T05:37:02.896598,1.4,54.7,71.7,
2026-01-06T05:37:08.792873,15.4,54.4,71.7,
2026-01-06T05:37:10.312414,2.4,54.4,71.7,
2026-01-06T05:37:16.162476,15.8,54.5,71.7,
2026-01-06T05:37:17.672131,2.0,54.5,71.7,
2026-01-06T05:37:23.568208,15.7,54.5,71.7,
2026-01-06T05:37:25.083586,1.6,54.6,71.7,
2026-01-06T05:37:30.983465,14.1,54.4,71.7,
2026-01-06T05:37:32.506460,0.2,54.4,71.7,
2026-01-06T05:37:38.402574,13.8,54.5,71.7,
2026-01-06T05:37:39.908918,3.3,54.5,71.7,
2026-01-06T05:37:45.843157,14.4,54.6,71.7,
2026-01-06T05:37:47.358325,1.2,54.5,71.7,
2026-01-06T05:37:53.289817,14.6,54.8,71.7,
2026-01-06T05:37:54.804417,0.2,54.7,71.7,
2026-01-06T05:38:00.701047,15.2,56.5,71.7,
2026-01-06T05:38:02.221987,3.1,56.6,71.7,
2026-01-06T05:38:08.145323,12.8,55.6,71.7,
2026-01-06T05:38:09.662315,1.6,55.7,71.7,
2026-01-06T05:38:15.545194,14.5,55.7,71.7,
2026-01-06T05:38:17.064737,1.4,55.6,71.7,
2026-01-06T05:38:22.932886,14.7,55.7,71.7,
2026-01-06T05:38:24.450714,0.0,55.7,71.7,
2026-01-06T05:38:30.335417,13.8,55.5,71.7,
2026-01-06T05:38:31.846415,0.4,55.5,71.7,
2026-01-06T05:38:37.765968,17.0,54.4,71.7,
2026-01-06T05:38:39.279840,1.0,53.1,71.7,
2026-01-06T05:38:45.246589,17.6,53.5,71.7,
2026-01-06T05:38:46.751651,1.5,53.6,71.7,
2026-01-06T05:38:52.625445,14.7,54.0,71.7,
2026-01-06T05:38:54.147954,0.2,54.0,71.7,
2026-01-06T05:39:00.040754,16.5,53.8,71.7,
2026-01-06T05:39:01.549701,1.8,53.8,71.7,
2026-01-06T05:39:07.460718,15.4,53.8,71.7,
2026-01-06T05:39:08.988135,0.6,53.8,71.7,
2026-01-06T05:39:14.879962,15.5,53.7,71.7,
2026-01-06T05:39:16.395438,0.8,53.6,71.7,
2026-01-06T05:39:22.308988,15.0,53.6,71.7,
2026-01-06T05:39:23.817640,0.4,53.5,71.7,
2026-01-06T05:39:29.726635,14.6,53.4,71.7,
2026-01-06T05:39:31.238945,0.0,53.4,71.7,
2026-01-06T05:39:37.187158,12.1,53.4,71.7,
2026-01-06T05:39:38.708908,0.0,53.4,71.7,
2026-01-06T05:39:44.561069,14.5,53.5,71.7,
2026-01-06T05:39:46.067879,0.0,53.5,71.7,
2026-01-06T05:39:51.935440,14.4,53.4,71.7,
2026-01-06T05:39:53.444414,0.4,53.4,71.7,
2026-01-06T05:39:59.355466,14.8,53.3,71.7,
2026-01-06T05:40:00.872211,1.0,53.3,71.7,
2026-01-06T05:40:06.788140,15.8,53.0,71.7,
2026-01-06T05:40:08.303530,0.4,53.0,71.7,
2026-01-06T05:40:14.208919,15.8,53.0,71.7,
2026-01-06T05:40:15.723240,0.2,53.0,71.7,
2026-01-06T05:40:21.592045,15.2,53.1,71.7,
2026-01-06T05:40:23.115601,0.0,53.1,71.7,
2026-01-06T05:40:28.934494,13.1,52.6,71.7,
2026-01-06T05:40:30.440513,4.8,52.6,71.7,
2026-01-06T05:40:36.377861,16.6,52.7,71.7,
2026-01-06T05:40:37.895589,1.2,52.8,71.7,
2026-01-06T05:40:43.786440,13.1,53.0,71.7,
2026-01-06T05:40:45.303042,0.0,53.0,71.7,
2026-01-06T05:40:51.187668,16.0,52.9,71.7,
2026-01-06T05:40:52.697245,0.2,52.9,71.7,
2026-01-06T05:40:58.588850,13.6,52.7,71.7,
2026-01-06T05:41:00.116374,2.7,52.6,71.7,
2026-01-06T05:41:06.004683,13.5,52.8,71.7,
2026-01-06T05:41:07.520169,1.7,52.8,71.7,
2026-01-06T05:41:13.437657,15.1,52.8,71.7,
2026-01-06T05:41:14.953617,3.6,52.8,71.7,
2026-01-06T05:41:20.835339,13.3,52.7,71.7,
2026-01-06T05:41:22.351358,0.6,52.7,71.7,
2026-01-06T05:41:28.273114,12.7,54.4,71.7,
2026-01-06T05:41:29.784093,0.4,54.4,71.7,
2026-01-06T05:41:35.691250,12.7,54.3,71.7,
2026-01-06T05:41:37.200008,0.8,54.3,71.7,
2026-01-06T05:41:43.127161,17.2,52.7,71.7,
2026-01-06T05:41:44.645069,0.2,52.8,71.7,
2026-01-06T05:41:50.526651,15.0,54.5,71.7,
2026-01-06T05:41:52.036045,4.3,54.8,71.7,
2026-01-06T05:41:57.905059,14.6,54.6,71.7,
2026-01-06T05:41:59.414505,1.0,54.6,71.7,
2026-01-06T05:42:05.297852,16.3,54.8,71.7,
2026-01-06T05:42:06.813886,0.8,54.8,71.7,
2026-01-06T05:42:12.670319,16.7,54.8,71.7,
2026-01-06T05:42:14.180345,0.9,54.8,71.7,
2026-01-06T05:42:20.045298,16.7,54.9,71.7,
2026-01-06T05:42:21.568670,3.3,55.0,71.7,
2026-01-06T05:42:27.430440,17.2,55.7,71.7,
2026-01-06T05:42:28.943922,2.3,56.7,71.7,
2026-01-06T05:42:34.868716,14.5,56.8,71.7,
2026-01-06T05:42:36.377539,1.8,56.9,71.7,
2026-01-06T05:42:42.329492,14.6,56.9,71.7,
2026-01-06T05:42:43.843306,0.8,56.8,71.7,
2026-01-06T05:42:49.703915,15.9,56.9,71.7,
2026-01-06T05:42:51.211136,1.8,55.3,71.7,
2026-01-06T05:42:57.096712,16.3,55.1,71.7,
2026-01-06T05:42:58.608107,1.2,55.1,71.7,
2026-01-06T05:43:04.522678,15.6,55.2,71.7,
2026-01-06T05:43:06.042903,1.8,55.1,71.7,
2026-01-06T05:43:11.867625,15.8,55.2,71.7,
2026-01-06T05:43:13.376045,3.9,55.2,71.7,
2026-01-06T05:43:19.244656,13.8,55.1,71.7,
2026-01-06T05:43:20.756217,0.6,55.1,71.7,
2026-01-06T05:43:26.670828,15.6,54.4,71.7,
2026-01-06T05:43:28.187660,0.6,54.4,71.7,
2026-01-06T05:43:34.009449,15.1,54.4,71.7,
2026-01-06T05:43:35.520475,0.4,54.4,71.7,
2026-01-06T05:43:41.343557,15.3,54.4,71.7,
2026-01-06T05:43:42.853311,0.6,54.4,71.7,
2026-01-06T05:43:48.718708,14.4,52.9,71.7,
2026-01-06T05:43:50.228762,0.2,52.8,71.7,
2026-01-06T05:43:56.127231,14.1,52.9,71.7,
2026-01-06T05:43:57.641710,0.0,52.9,71.7,
2026-01-06T05:44:03.518521,14.5,53.1,71.7,
2026-01-06T05:44:05.032569,0.0,53.1,71.7,
2026-01-06T05:44:10.868522,13.7,53.1,71.7,
2026-01-06T05:44:12.392005,0.0,53.1,71.7,
2026-01-06T05:44:18.272419,16.1,53.1,71.7,
2026-01-06T05:44:19.788458,0.4,53.0,71.7,
2026-01-06T05:44:25.678907,15.0,52.9,71.7,
2026-01-06T05:44:27.190101,0.4,52.9,71.7,
2026-01-06T05:44:33.080420,15.1,53.0,71.7,
2026-01-06T05:44:34.597234,1.0,53.1,71.7,
2026-01-06T05:44:40.451801,17.4,53.6,71.7,
2026-01-06T05:44:41.965725,2.4,53.6,71.7,
2026-01-06T05:44:47.863250,13.6,54.0,71.7,
2026-01-06T05:44:49.373801,3.4,54.2,71.7,
2026-01-06T05:44:55.285254,14.9,55.0,71.7,
2026-01-06T05:44:56.802540,3.5,55.2,71.7,
2026-01-06T05:45:02.751734,18.5,56.3,71.7,
2026-01-06T05:45:04.261203,1.8,56.3,71.7,
2026-01-06T05:45:10.123963,14.1,56.7,71.7,
2026-01-06T05:45:11.632678,5.5,56.9,71.7,
2026-01-06T05:45:17.521040,17.4,56.7,71.7,
2026-01-06T05:45:19.028091,0.6,56.7,71.7,
2026-01-06T05:45:24.918547,15.4,55.4,71.7,
2026-01-06T05:45:26.429578,0.8,55.4,71.7,
2026-01-06T05:45:32.394387,13.5,55.9,71.7,
2026-01-06T05:45:33.909981,0.8,55.9,71.7,
2026-01-06T05:45:39.824271,13.5,55.9,71.7,
2026-01-06T05:45:41.333650,2.0,55.9,71.7,
2026-01-06T05:45:47.213035,17.8,56.5,71.7,
2026-01-06T05:45:48.726142,0.6,56.5,71.7,
2026-01-06T05:45:54.640158,14.7,56.5,71.7,
2026-01-06T05:45:56.162574,3.5,56.6,71.7,
2026-01-06T05:46:02.061844,13.9,57.2,71.7,
2026-01-06T05:46:03.572174,1.7,57.2,71.7,
2026-01-06T05:46:09.502864,13.5,57.7,71.7,
2026-01-06T05:46:11.015087,1.2,58.0,71.7,
2026-01-06T05:46:16.887752,15.1,59.1,71.7,
2026-01-06T05:46:18.396711,2.9,59.3,71.7,
2026-01-06T05:46:24.367830,18.1,59.3,71.7,
2026-01-06T05:46:25.886557,2.0,59.1,71.7,
2026-01-06T05:46:31.771417,17.5,58.0,71.7,
2026-01-06T05:46:33.287918,0.6,58.0,71.7,
2026-01-06T05:46:39.168984,15.4,58.1,71.7,
2026-01-06T05:46:40.691061,3.5,58.4,71.7,
2026-01-06T05:46:46.577254,14.9,59.0,71.7,
2026-01-06T05:46:48.085764,1.2,59.1,71.7,
2026-01-06T05:46:53.986836,16.0,59.8,71.7,
2026-01-06T05:46:55.501265,2.3,60.2,71.7,
2026-01-06T05:47:01.411354,15.3,61.6,71.7,
2026-01-06T05:47:02.927116,2.3,61.8,71.7,
2026-01-06T05:47:08.834487,14.0,61.9,71.7,
2026-01-06T05:47:10.349108,2.3,61.8,71.7,
2026-01-06T05:47:16.215773,13.8,61.4,71.7,
2026-01-06T05:47:17.729803,2.6,61.3,71.7,
2026-01-06T05:47:23.633200,16.1,61.2,71.7,
2026-01-06T05:47:25.143826,2.4,61.2,71.7,
2026-01-06T05:47:31.035571,16.6,60.9,71.7,
2026-01-06T05:47:32.550955,1.9,60.9,71.7,
2026-01-06T05:47:38.430541,15.5,61.2,71.7,
2026-01-06T05:47:39.946229,1.8,61.2,71.7,
2026-01-06T05:47:45.895373,15.8,61.3,71.7,
2026-01-06T05:47:47.406504,1.6,61.3,71.7,
2026-01-06T05:47:53.303301,15.2,61.3,71.7,
2026-01-06T05:47:54.812377,10.0,61.4,71.7,
2026-01-06T05:48:00.729252,16.9,61.6,71.7,
2026-01-06T05:48:02.244942,1.4,61.6,71.7,
2026-01-06T05:48:08.158867,15.3,60.8,71.7,
2026-01-06T05:48:09.667489,6.0,61.5,71.7,
2026-01-06T05:48:15.553091,15.8,61.8,71.7,
2026-01-06T05:48:17.069336,2.0,61.8,71.7,
2026-01-06T05:48:22.985576,15.0,61.5,71.7,
2026-01-06T05:48:24.491916,0.8,61.5,71.7,
2026-01-06T05:48:30.420949,15.4,59.6,71.7,
2026-01-06T05:48:31.936706,1.0,59.5,71.7,
2026-01-06T05:48:37.855992,13.8,59.4,71.7,
2026-01-06T05:48:39.374050,2.3,59.5,71.7,
2026-01-06T05:48:45.229899,20.5,59.7,71.7,
2026-01-06T05:48:46.739419,2.0,60.1,71.7,
2026-01-06T05:48:52.679919,16.9,60.9,71.7,
2026-01-06T05:48:54.187062,1.6,61.0,71.7,
2026-01-06T05:49:00.164756,16.8,61.3,71.7,
2026-01-06T05:49:01.671321,0.4,61.2,71.7,
2026-01-06T05:49:07.516854,12.7,59.2,71.7,
2026-01-06T05:49:09.034923,0.4,59.2,71.7,
2026-01-06T05:49:14.912493,13.9,59.2,71.7,
2026-01-06T05:49:16.428289,2.3,59.5,71.7,
2026-01-06T05:49:22.308106,17.7,60.3,71.7,
2026-01-06T05:49:23.819519,1.2,60.6,71.7,
2026-01-06T05:49:29.749549,16.5,60.5,71.7,
2026-01-06T05:49:31.267938,3.9,60.3,71.7,
2026-01-06T05:49:37.217669,19.7,61.0,71.7,
2026-01-06T05:49:38.724728,0.8,61.1,71.7,
2026-01-06T05:49:44.631091,14.6,61.3,71.7,
2026-01-06T05:49:46.153076,2.2,61.3,71.7,
2026-01-06T05:49:52.143814,14.4,61.3,71.7,
2026-01-06T05:49:53.662842,2.4,61.4,71.7,
2026-01-06T05:49:59.525293,16.0,61.9,71.7,
2026-01-06T05:50:01.038119,5.3,62.7,71.7,
2026-01-06T05:50:07.000031,17.3,61.7,71.7,
2026-01-06T05:50:08.508782,2.6,62.0,71.7,
2026-01-06T05:50:14.389234,15.4,61.2,71.7,
2026-01-06T05:50:15.896357,0.8,61.2,71.7,
2026-01-06T05:50:21.775945,17.2,61.1,71.7,
2026-01-06T05:50:23.294465,1.4,61.3,71.7,
2026-01-06T05:50:29.192378,15.8,61.6,71.7,
2026-01-06T05:50:30.713165,5.8,62.4,71.7,
2026-01-06T05:50:36.653563,17.7,63.5,71.7,
2026-01-06T05:50:38.160075,4.9,63.7,71.7,
2026-01-06T05:50:44.077553,15.7,64.3,71.7,
2026-01-06T05:50:45.592655,2.4,64.2,71.7,
2026-01-06T05:50:51.515274,12.0,64.3,71.7,
2026-01-06T05:50:53.023899,5.8,64.4,71.7,
2026-01-06T05:50:59.002951,18.3,63.3,71.7,
2026-01-06T05:51:00.510128,3.2,63.3,71.7,
2026-01-06T05:51:06.484323,16.9,63.2,71.7,
2026-01-06T05:51:07.991862,6.1,63.1,71.7,
2026-01-06T05:51:13.927910,14.1,63.1,71.7,
2026-01-06T05:51:15.440069,3.1,63.1,71.7,
2026-01-06T05:51:21.307712,15.3,63.3,71.7,
2026-01-06T05:51:22.815610,1.2,63.3,71.7,
2026-01-06T05:51:28.698217,14.5,63.2,71.7,
2026-01-06T05:51:30.209338,0.6,63.0,71.7,
2026-01-06T05:51:36.083223,15.2,62.9,71.7,
2026-01-06T05:51:37.599945,1.6,62.9,71.7,
2026-01-06T05:51:43.509481,13.3,62.8,71.7,
2026-01-06T05:51:45.024847,4.7,62.8,71.7,
2026-01-06T05:51:50.999348,14.3,62.8,71.7,
2026-01-06T05:51:52.505876,0.6,62.8,71.7,
2026-01-06T05:51:58.413046,19.3,62.9,71.7,
2026-01-06T05:51:59.921944,4.9,62.9,71.7,
2026-01-06T05:52:05.793645,18.9,62.7,71.7,
2026-01-06T05:52:07.301070,5.9,62.7,71.7,
2026-01-06T05:52:13.239001,18.9,62.6,71.7,
2026-01-06T05:52:14.755213,7.7,62.9,71.7,
2026-01-06T05:52:20.607104,20.7,62.7,71.7,
2026-01-06T05:52:22.118374,7.9,62.9,71.7,
2026-01-06T05:52:28.044662,15.5,65.0,71.7,
2026-01-06T05:52:29.553104,2.7,64.9,71.7,
2026-01-06T05:52:35.482786,14.6,64.9,71.7,
2026-01-06T05:52:37.000716,5.7,65.0,71.7,
2026-01-06T05:52:42.908332,18.3,65.0,71.7,
2026-01-06T05:52:44.415980,5.3,64.9,71.7,
2026-01-06T05:52:50.349887,19.8,64.2,71.7,
2026-01-06T05:52:51.865056,2.9,63.7,71.7,
2026-01-06T05:52:57.866320,13.2,64.0,71.7,
2026-01-06T05:52:59.376551,1.8,64.1,71.7,
2026-01-06T05:53:05.260164,15.9,63.4,71.7,
2026-01-06T05:53:06.770506,2.3,63.4,71.7,
2026-01-06T05:53:12.702182,12.9,63.3,71.7,
2026-01-06T05:53:14.212674,2.5,63.3,71.7,
2026-01-06T05:53:20.050796,15.8,63.4,71.7,
2026-01-06T05:53:21.561587,3.5,63.3,71.7,
2026-01-06T05:53:27.521395,16.1,63.5,71.7,
2026-01-06T05:53:29.037672,0.6,63.1,71.7,
2026-01-06T05:53:34.897846,18.5,62.9,71.7,
2026-01-06T05:53:36.408404,2.3,62.9,71.7,
2026-01-06T05:53:42.304907,14.5,62.9,71.7,
2026-01-06T05:53:43.813887,2.7,63.2,71.7,
2026-01-06T05:53:49.700824,19.1,62.8,71.7,
2026-01-06T05:53:51.210908,3.3,62.9,71.7,
2026-01-06T05:53:57.088501,15.0,62.8,71.7,
2026-01-06T05:53:58.616935,0.8,62.6,71.7,
2026-01-06T05:54:04.515105,14.4,62.6,71.7,
2026-01-06T05:54:06.023157,0.2,62.6,71.7,
2026-01-06T05:54:11.914693,14.9,62.4,71.7,
2026-01-06T05:54:13.428851,1.2,62.4,71.7,
2026-01-06T05:54:19.306757,15.6,62.4,71.7,
2026-01-06T05:54:20.820362,0.6,62.5,71.7,
2026-01-06T05:54:26.704308,17.5,62.6,71.7,
2026-01-06T05:54:28.212735,1.4,62.6,71.7,
2026-01-06T05:54:34.101151,14.8,62.5,71.7,
2026-01-06T05:54:35.621317,0.2,62.6,71.7,
2026-01-06T05:54:41.545307,14.9,62.7,71.7,
2026-01-06T05:54:43.054924,0.8,62.7,71.7,
2026-01-06T05:54:48.957266,16.7,62.0,71.7,
2026-01-06T05:54:50.470895,1.0,61.9,71.7,
2026-01-06T05:54:56.397652,13.8,61.8,71.7,
2026-01-06T05:54:57.915125,0.8,61.7,71.7,
2026-01-06T05:55:03.816712,13.8,62.0,71.7,
2026-01-06T05:55:05.334796,2.1,62.0,71.7,
2026-01-06T05:55:11.225006,16.0,61.7,71.7,
2026-01-06T05:55:12.741088,1.3,61.6,71.7,
2026-01-06T05:55:18.637561,13.5,61.5,71.7,
2026-01-06T05:55:20.148158,0.0,61.5,71.7,
2026-01-06T05:55:26.063304,12.1,61.6,71.7,
2026-01-06T05:55:27.577112,0.8,61.7,71.7,
2026-01-06T05:55:33.502736,13.2,61.5,71.7,
2026-01-06T05:55:35.022419,0.2,61.7,71.7,
2026-01-06T05:55:40.949567,13.8,61.7,71.7,
2026-01-06T05:55:42.462202,0.2,61.7,71.7,
2026-01-06T05:55:48.377070,13.0,61.6,71.7,
2026-01-06T05:55:49.895992,0.4,61.6,71.7,
2026-01-06T05:55:55.804080,12.5,61.5,71.7,
2026-01-06T05:55:57.320413,0.6,61.5,71.7,
2026-01-06T05:56:03.237825,14.1,61.7,71.7,
2026-01-06T05:56:04.757018,0.0,61.6,71.7,
2026-01-06T05:56:10.698152,13.7,61.3,71.7,
2026-01-06T05:56:12.210156,0.4,61.3,71.7,
2026-01-06T05:56:18.161875,13.4,61.3,71.7,
2026-01-06T05:56:19.693618,0.8,61.3,71.7,
2026-01-06T05:56:25.564515,14.7,61.4,71.7,
2026-01-06T05:56:27.070857,0.2,61.4,71.7,
2026-01-06T05:56:32.994887,13.7,61.3,71.7,
2026-01-06T05:56:34.507764,1.4,61.3,71.7,
2026-01-06T05:56:40.406648,13.4,61.3,71.7,
2026-01-06T05:56:41.916480,0.6,61.4,71.7,
2026-01-06T05:56:47.840808,15.9,62.8,71.7,
2026-01-06T05:56:49.351198,0.4,62.8,71.7,
2026-01-06T05:56:55.266862,15.7,62.8,71.7,
2026-01-06T05:56:56.787292,2.8,62.4,71.7,
2026-01-06T05:57:02.722290,15.4,62.3,71.7,
2026-01-06T05:57:04.239293,4.1,61.7,71.7,
2026-01-06T05:57:10.164266,17.0,61.8,71.7,
2026-01-06T05:57:11.678551,2.1,61.7,71.7,
2026-01-06T05:57:17.617446,12.1,61.5,71.7,
2026-01-06T05:57:19.131747,0.6,61.5,71.7,
2026-01-06T05:57:25.022311,13.2,61.5,71.7,
2026-01-06T05:57:26.535895,0.8,61.5,71.7,
2026-01-06T05:57:32.468983,12.9,61.5,71.7,
2026-01-06T05:57:33.975974,0.8,61.5,71.7,
2026-01-06T05:57:39.969014,14.7,61.5,71.7,
2026-01-06T05:57:41.483928,0.2,61.4,71.7,
2026-01-06T05:57:47.418356,15.1,61.3,71.7,
2026-01-06T05:57:48.930671,3.1,61.3,71.7,
2026-01-06T05:57:54.881617,16.5,61.3,71.7,
2026-01-06T05:57:56.398807,3.1,61.4,71.7,
2026-01-06T05:58:02.346855,14.5,62.2,71.7,
2026-01-06T05:58:03.866869,2.9,62.2,71.7,
2026-01-06T05:58:09.754859,13.7,63.1,71.7,
2026-01-06T05:58:11.281973,0.6,63.0,71.7,
2026-01-06T05:58:17.244448,14.0,62.6,71.7,
2026-01-06T05:58:18.761913,8.2,62.7,71.7,
2026-01-06T05:58:24.746590,15.0,63.6,71.7,
2026-01-06T05:58:26.261170,0.2,63.6,71.7,
2026-01-06T05:58:32.185017,15.0,63.4,71.7,
2026-01-06T05:58:33.694645,0.8,63.4,71.7,
2026-01-06T05:58:39.625697,13.1,63.3,71.7,
2026-01-06T05:58:41.132325,1.6,63.3,71.7,
2026-01-06T05:58:47.036880,16.2,63.2,71.7,
2026-01-06T05:58:48.555474,0.6,63.2,71.7,
2026-01-06T05:58:54.457363,14.5,62.9,71.7,
2026-01-06T05:58:55.977267,0.2,62.9,71.7,
2026-01-06T05:59:01.943160,16.6,63.0,71.7,
2026-01-06T05:59:03.451846,2.3,63.1,71.7,
2026-01-06T05:59:09.374480,14.4,63.1,71.7,
2026-01-06T05:59:10.882128,0.6,63.0,71.7,
2026-01-06T05:59:16.836962,14.8,63.0,71.7,
2026-01-06T05:59:18.350556,0.2,63.0,71.7,
2026-01-06T05:59:24.321466,12.6,63.1,71.7,
2026-01-06T05:59:25.836773,0.4,63.1,71.7,
2026-01-06T05:59:31.784060,14.7,63.1,71.7,
2026-01-06T05:59:33.306202,0.8,63.1,71.7,
2026-01-06T05:59:39.251939,14.0,63.1,71.7,
2026-01-06T05:59:40.767239,1.4,63.1,71.7,
2026-01-06T05:59:46.702031,15.7,63.0,71.7,
2026-01-06T05:59:48.209847,2.5,63.0,71.7,
2026-01-06T05:59:54.147157,14.6,62.2,71.7,
2026-01-06T05:59:55.653203,1.6,62.0,71.7,
2026-01-06T06:00:01.579451,16.5,62.1,71.7,
2026-01-06T06:00:03.084837,0.8,62.1,71.7,
2026-01-06T06:00:08.943747,15.9,62.3,71.7,
2026-01-06T06:00:10.461205,1.8,62.3,71.7,
2026-01-06T06:00:16.345374,14.6,62.4,71.7,
2026-01-06T06:00:17.851223,1.6,62.4,71.7,
2026-01-06T06:00:23.794812,16.0,62.3,71.7,
2026-01-06T06:00:25.301779,2.3,62.3,71.7,
2026-01-06T06:00:31.200856,14.3,62.3,71.7,
2026-01-06T06:00:32.716117,1.9,62.3,71.7,
2026-01-06T06:00:38.681671,18.1,62.5,71.7,
2026-01-06T06:00:40.197142,3.5,62.5,71.7,
2026-01-06T06:00:46.061167,13.3,62.0,71.7,
2026-01-06T06:00:47.568691,6.0,62.1,71.7,
2026-01-06T06:00:53.526571,16.0,61.9,71.7,
2026-01-06T06:00:55.046106,1.9,62.1,71.7,
2026-01-06T06:01:00.939287,14.8,62.2,71.7,
2026-01-06T06:01:02.445940,2.1,61.3,71.7,
2026-01-06T06:01:08.379300,17.0,61.0,71.7,
2026-01-06T06:01:09.885576,3.4,60.9,71.7,
2026-01-06T06:01:15.770571,15.3,61.1,71.7,
2026-01-06T06:01:17.286770,5.9,61.3,71.7,
2026-01-06T06:01:23.169248,15.7,61.4,71.7,
2026-01-06T06:01:24.676673,0.4,61.4,71.7,
2026-01-06T06:01:30.586530,16.4,61.1,71.7,
2026-01-06T06:01:32.104907,0.6,61.2,71.7,
2026-01-06T06:01:37.943466,14.6,61.2,71.7,
2026-01-06T06:01:39.459408,3.3,61.2,71.7,
2026-01-06T06:01:45.367984,15.0,61.3,71.7,
2026-01-06T06:01:46.884789,0.2,61.3,71.7,
2026-01-06T06:01:52.810351,14.9,61.2,71.7,
2026-01-06T06:01:54.337414,0.4,61.2,71.7,
2026-01-06T06:02:00.255252,13.6,61.5,71.7,
2026-01-06T06:02:01.774780,0.0,61.5,71.7,
2026-01-06T06:02:07.678540,15.7,61.4,71.7,
2026-01-06T06:02:09.195287,0.0,61.4,71.7,
2026-01-06T06:02:15.086255,15.3,61.4,71.7,
2026-01-06T06:02:16.601899,0.4,61.4,71.7,
2026-01-06T06:02:22.527090,14.4,61.4,71.7,
2026-01-06T06:02:24.039848,0.0,61.4,71.7,
2026-01-06T06:02:29.903125,14.0,61.4,71.7,
2026-01-06T06:02:31.415765,0.0,61.4,71.7,
2026-01-06T06:02:37.295055,14.9,61.4,71.7,
2026-01-06T06:02:38.805418,0.0,61.4,71.7,
2026-01-06T06:02:44.681236,13.5,61.1,71.7,
2026-01-06T06:02:46.194677,0.0,61.1,71.7,
2026-01-06T06:02:52.097950,13.9,61.1,71.7,
2026-01-06T06:02:53.633442,0.2,61.2,71.7,
2026-01-06T06:02:59.505544,16.4,61.3,71.7,
2026-01-06T06:03:01.023202,0.4,61.3,71.7,
2026-01-06T06:03:06.881970,14.5,61.3,71.7,
2026-01-06T06:03:08.400253,0.2,61.3,71.7,
2026-01-06T06:03:14.255482,15.2,61.2,71.7,
2026-01-06T06:03:15.776316,0.2,61.2,71.7,
2026-01-06T06:03:21.680325,14.7,61.3,71.7,
2026-01-06T06:03:23.196634,0.0,61.2,71.7,
2026-01-06T06:03:29.088716,14.0,60.9,71.7,
2026-01-06T06:03:30.601900,0.0,60.9,71.7,
2026-01-06T06:03:36.471693,15.8,60.9,71.7,
2026-01-06T06:03:37.992704,0.2,60.9,71.7,
2026-01-06T06:03:43.922611,18.5,60.8,71.7,
2026-01-06T06:03:45.430159,1.9,60.8,71.7,
2026-01-06T06:03:51.308737,9.7,60.1,71.7,
2026-01-06T06:03:52.819048,2.1,60.1,71.7,
2026-01-06T06:03:58.638510,15.8,60.0,71.7,
2026-01-06T06:04:00.148909,0.4,60.0,71.7,
2026-01-06T06:04:06.007643,13.9,60.0,71.7,
2026-01-06T06:04:07.523914,0.6,60.0,71.7,
2026-01-06T06:04:13.373822,19.1,60.0,71.7,
2026-01-06T06:04:14.883888,1.6,60.0,71.7,
2026-01-06T06:04:20.786948,12.9,60.4,71.7,
2026-01-06T06:04:22.306368,2.5,60.5,71.7,
2026-01-06T06:04:28.241763,15.2,60.6,71.7,
2026-01-06T06:04:29.758739,0.2,60.6,71.7,
2026-01-06T06:04:35.644329,16.0,60.6,71.7,
2026-01-06T06:04:37.153940,1.0,60.5,71.7,
2026-01-06T06:04:42.983989,15.2,60.6,71.7,
2026-01-06T06:04:44.501269,1.8,60.6,71.7,
2026-01-06T06:04:50.384533,17.2,59.9,71.7,
2026-01-06T06:04:51.891171,1.8,59.3,71.7,
2026-01-06T06:04:57.791565,16.7,59.6,71.7,
2026-01-06T06:04:59.301141,0.2,59.8,71.7,
2026-01-06T06:05:05.189645,13.9,59.2,71.7,
2026-01-06T06:05:06.711702,0.2,59.2,71.7,
2026-01-06T06:05:12.638428,19.1,59.7,71.7,
2026-01-06T06:05:14.153653,1.2,60.1,71.7,
2026-01-06T06:05:19.986021,16.3,60.1,71.7,
2026-01-06T06:05:21.494960,1.4,60.1,71.7,
2026-01-06T06:05:27.395923,16.2,60.1,71.7,
2026-01-06T06:05:28.916307,3.9,60.1,71.7,
2026-01-06T06:05:34.812491,14.3,60.2,71.7,
2026-01-06T06:05:36.333599,2.6,60.2,71.7,
2026-01-06T06:05:42.216172,11.4,60.2,71.7,
2026-01-06T06:05:43.735093,1.9,60.2,71.7,
2026-01-06T06:05:49.647089,14.7,60.3,71.7,
2026-01-06T06:05:51.152926,2.5,60.4,71.7,
2026-01-06T06:05:57.042095,15.6,60.4,71.7,
2026-01-06T06:05:58.555160,1.6,60.4,71.7,
2026-01-06T06:06:04.435268,16.2,60.4,71.7,
2026-01-06T06:06:05.947657,1.2,60.4,71.7,
2026-01-06T06:06:11.856954,16.3,60.4,71.7,
2026-01-06T06:06:13.381693,0.2,60.3,71.7,
2026-01-06T06:06:19.266028,13.0,60.3,71.7,
2026-01-06T06:06:20.783643,1.8,59.6,71.7,
2026-01-06T06:06:26.719329,14.4,64.8,71.8,
2026-01-06T06:06:28.227827,1.0,65.2,71.8,
2026-01-06T06:06:34.079950,14.2,65.1,71.8,
2026-01-06T06:06:35.587517,1.2,64.9,71.8,
2026-01-06T06:06:41.481341,13.0,64.8,71.7,
2026-01-06T06:06:42.998488,2.8,64.9,71.7,
2026-01-06T06:06:48.950426,13.7,65.0,71.7,
2026-01-06T06:06:50.460570,2.3,65.0,71.7,
2026-01-06T06:06:56.388593,17.4,64.9,71.7,
2026-01-06T06:06:57.909992,2.3,64.9,71.7,
2026-01-06T06:07:03.828347,14.6,64.9,71.7,
2026-01-06T06:07:05.334029,1.6,64.9,71.7,
2026-01-06T06:07:11.208934,14.1,64.9,71.7,
2026-01-06T06:07:12.725772,1.2,64.8,71.7,
2026-01-06T06:07:18.597182,14.0,64.9,71.7,
2026-01-06T06:07:20.108152,2.0,64.8,71.7,
2026-01-06T06:07:26.043660,11.4,60.9,71.7,
2026-01-06T06:07:27.555726,1.6,60.8,71.7,
2026-01-06T06:07:33.403876,14.4,60.3,71.7,
2026-01-06T06:07:34.915908,0.4,60.2,71.7,
2026-01-06T06:07:40.780820,15.9,60.2,71.7,
2026-01-06T06:07:42.287882,3.5,60.2,71.7,
2026-01-06T06:07:48.229159,11.8,60.2,71.7,
2026-01-06T06:07:49.737129,0.8,60.1,71.7,
2026-01-06T06:07:55.650772,16.8,60.1,71.7,
2026-01-06T06:07:57.161808,0.4,60.2,71.7,
2026-01-06T06:08:03.038434,15.2,60.5,71.7,
2026-01-06T06:08:04.552453,1.2,60.5,71.7,
2026-01-06T06:08:10.438560,14.6,60.4,71.7,
2026-01-06T06:08:11.951978,6.6,60.6,71.7,
2026-01-06T06:08:17.868220,15.9,60.6,71.7,
2026-01-06T06:08:19.384729,2.7,60.6,71.7,
2026-01-06T06:08:25.267947,14.1,60.6,71.7,
2026-01-06T06:08:26.786674,1.4,60.6,71.7,
2026-01-06T06:08:32.684621,14.9,60.5,71.7,
2026-01-06T06:08:34.199172,0.8,60.5,71.7,
2026-01-06T06:08:40.090272,13.9,60.4,71.7,
2026-01-06T06:08:41.600837,3.9,60.5,71.7,
2026-01-06T06:08:47.517454,15.9,60.5,71.7,
2026-01-06T06:08:49.028503,0.8,60.5,71.7,
2026-01-06T06:08:54.917909,15.8,60.5,71.7,
2026-01-06T06:08:56.432041,1.2,60.6,71.7,
2026-01-06T06:09:02.343630,16.0,60.6,71.7,
2026-01-06T06:09:03.852866,2.0,60.6,71.7,
2026-01-06T06:09:09.698320,13.0,60.6,71.7,
2026-01-06T06:09:11.210485,0.2,60.5,71.7,
2026-01-06T06:09:17.088877,15.5,60.5,71.7,
2026-01-06T06:09:18.602140,0.4,60.4,71.7,
2026-01-06T06:09:24.553367,15.5,60.5,71.7,
2026-01-06T06:09:26.086089,1.2,60.5,71.7,
2026-01-06T06:09:31.984461,17.4,60.5,71.7,
2026-01-06T06:09:33.493158,2.3,61.0,71.7,
2026-01-06T06:09:39.378831,15.2,61.0,71.7,
2026-01-06T06:09:40.891345,0.6,61.0,71.7,
2026-01-06T06:09:46.788894,17.4,60.9,71.7,
2026-01-06T06:09:48.309306,2.7,60.9,71.7,
2026-01-06T06:09:54.208166,15.6,60.6,71.7,
2026-01-06T06:09:55.724201,1.4,60.6,71.7,
2026-01-06T06:10:01.677031,15.3,60.6,71.7,
2026-01-06T06:10:03.184033,1.4,60.6,71.7,
2026-01-06T06:10:09.098284,15.7,60.6,71.7,
2026-01-06T06:10:10.605848,6.1,60.6,71.7,
2026-01-06T06:10:16.527775,18.9,61.1,71.7,
2026-01-06T06:10:18.039297,0.8,61.1,71.7,
2026-01-06T06:10:23.941812,17.2,61.0,71.7,
2026-01-06T06:10:25.454979,0.8,60.9,71.7,
2026-01-06T06:10:31.393230,13.0,61.0,71.7,
2026-01-06T06:10:32.903024,1.6,60.9,71.7,
2026-01-06T06:10:38.746865,14.4,61.0,71.7,
2026-01-06T06:10:40.258599,0.6,61.0,71.7,
2026-01-06T06:10:46.135290,14.9,61.0,71.7,
2026-01-06T06:10:47.649939,0.0,61.0,71.7,
2026-01-06T06:10:53.527558,16.4,61.0,71.7,
2026-01-06T06:10:55.035895,2.5,61.0,71.7,
2026-01-06T06:11:00.927975,10.2,60.8,71.7,
2026-01-06T06:11:02.452403,1.0,60.8,71.7,
2026-01-06T06:11:08.338528,16.5,60.8,71.7,
2026-01-06T06:11:09.850290,0.6,60.8,71.7,
2026-01-06T06:11:15.757744,14.1,60.6,71.7,
2026-01-06T06:11:17.266674,1.2,60.6,71.7,
2026-01-06T06:11:23.178967,14.0,60.7,71.7,
2026-01-06T06:11:24.685427,1.8,60.7,71.7,
2026-01-06T06:11:30.545479,16.5,60.8,71.7,
2026-01-06T06:11:32.062414,2.4,60.8,71.7,
2026-01-06T06:11:37.945573,15.0,60.9,71.7,
2026-01-06T06:11:39.465275,4.4,60.9,71.7,
2026-01-06T06:11:45.392399,15.9,60.8,71.7,
2026-01-06T06:11:46.913807,1.9,60.8,71.7,
2026-01-06T06:11:52.827315,15.0,61.2,71.7,
2026-01-06T06:11:54.347758,4.1,61.2,71.7,
2026-01-06T06:12:00.248810,15.0,60.9,71.7,
2026-01-06T06:12:01.761765,1.8,61.0,71.7,
2026-01-06T06:12:07.627700,13.8,60.9,71.7,
2026-01-06T06:12:09.138633,0.2,60.9,71.7,
2026-01-06T06:12:14.966005,16.4,61.1,71.7,
2026-01-06T06:12:16.475633,1.4,61.1,71.7,
2026-01-06T06:12:22.338484,15.4,61.2,71.7,
2026-01-06T06:12:23.850645,0.6,61.2,71.7,
2026-01-06T06:12:29.725911,16.2,61.2,71.7,
2026-01-06T06:12:31.243479,2.1,61.2,71.7,
2026-01-06T06:12:37.119978,13.4,61.3,71.7,
2026-01-06T06:12:38.635230,0.2,61.3,71.7,
2026-01-06T06:12:44.522960,15.1,61.2,71.7,
2026-01-06T06:12:46.038204,1.0,61.1,71.7,
2026-01-06T06:12:51.891947,15.0,61.2,71.7,
2026-01-06T06:12:53.399121,1.4,61.2,71.7,
2026-01-06T06:12:59.295637,13.5,61.0,71.7,
2026-01-06T06:13:00.805417,3.1,61.0,71.7,
2026-01-06T06:13:06.709285,15.6,61.0,71.7,
2026-01-06T06:13:08.222043,0.8,61.0,71.7,
2026-01-06T06:13:14.119749,14.9,61.1,71.7,
2026-01-06T06:13:15.641039,0.8,61.1,71.7,
2026-01-06T06:13:21.536783,14.6,61.1,71.7,
2026-01-06T06:13:23.044564,2.4,61.1,71.7,
2026-01-06T06:13:28.945978,17.1,61.1,71.7,
2026-01-06T06:13:30.467165,1.0,61.1,71.7,
2026-01-06T06:13:36.344197,17.0,61.1,71.7,
2026-01-06T06:13:37.853737,0.6,61.1,71.7,
2026-01-06T06:13:43.760504,16.2,61.1,71.7,
2026-01-06T06:13:45.275124,2.1,61.1,71.7,
2026-01-06T06:13:51.196684,16.6,61.0,71.7,
2026-01-06T06:13:52.716589,0.8,61.1,71.7,
2026-01-06T06:13:58.582786,15.6,61.1,71.7,
2026-01-06T06:14:00.094388,2.7,61.1,71.7,
2026-01-06T06:14:06.041740,18.2,61.1,71.7,
2026-01-06T06:14:07.548280,1.6,61.1,71.7,
2026-01-06T06:14:13.418994,16.1,61.1,71.7,
2026-01-06T06:14:14.930420,1.0,61.1,71.7,
2026-01-06T06:14:20.807669,16.3,61.2,71.7,
2026-01-06T06:14:22.326458,2.8,61.1,71.7,
2026-01-06T06:14:28.167872,13.3,61.1,71.7,
2026-01-06T06:14:29.681446,0.0,61.1,71.7,
2026-01-06T06:14:35.554866,14.1,61.1,71.7,
2026-01-06T06:14:37.072386,0.6,61.0,71.7,
2026-01-06T06:14:42.908633,14.1,60.9,71.7,
2026-01-06T06:14:44.428624,0.2,60.9,71.7,
2026-01-06T06:14:50.306280,16.7,60.9,71.7,
2026-01-06T06:14:51.812933,3.2,61.0,71.7,
2026-01-06T06:14:57.669635,15.2,60.8,71.7,
2026-01-06T06:14:59.189594,1.7,60.9,71.7,
2026-01-06T06:15:05.044587,15.9,60.8,71.7,
2026-01-06T06:15:06.558390,2.6,60.9,71.7,
2026-01-06T06:15:12.446873,16.7,60.8,71.7,
2026-01-06T06:15:13.958097,3.0,60.8,71.7,
2026-01-06T06:15:19.778009,15.0,60.8,71.7,
2026-01-06T06:15:21.290781,0.4,60.8,71.7,
2026-01-06T06:15:27.133380,19.8,60.7,71.7,
2026-01-06T06:15:28.662814,0.6,60.8,71.7,
2026-01-06T06:15:34.543196,12.5,60.8,71.7,
2026-01-06T06:15:36.052846,1.2,60.7,71.7,
2026-01-06T06:15:41.924842,11.6,60.8,71.7,
2026-01-06T06:15:43.433679,0.8,60.8,71.7,
2026-01-06T06:15:49.317129,15.8,60.8,71.7,
2026-01-06T06:15:50.837223,0.8,60.8,71.7,
2026-01-06T06:15:56.736079,14.9,60.9,71.7,
2026-01-06T06:15:58.255378,0.4,60.8,71.7,
2026-01-06T06:16:04.069184,15.9,60.9,71.7,
2026-01-06T06:16:05.588118,1.2,60.9,71.7,
2026-01-06T06:16:11.493600,13.7,60.8,71.7,
2026-01-06T06:16:13.000288,3.0,60.8,71.7,
2026-01-06T06:16:18.940805,13.8,60.8,71.7,
2026-01-06T06:16:20.450508,2.0,60.8,71.7,
2026-01-06T06:16:26.410566,14.4,60.9,71.7,
2026-01-06T06:16:27.931788,1.0,60.8,71.7,
2026-01-06T06:16:33.799640,13.5,60.8,71.7,
2026-01-06T06:16:35.309514,0.6,60.8,71.7,
2026-01-06T06:16:41.211864,15.9,60.8,71.7,
2026-01-06T06:16:42.726118,0.6,60.8,71.7,
2026-01-06T06:16:48.632057,13.9,60.8,71.7,
2026-01-06T06:16:50.149400,1.9,60.8,71.7,
2026-01-06T06:16:56.028267,13.2,60.9,71.7,
2026-01-06T06:16:57.539665,0.0,60.9,71.7,
2026-01-06T06:17:03.440462,14.2,60.9,71.7,
2026-01-06T06:17:04.962022,0.2,60.9,71.7,
2026-01-06T06:17:10.839105,12.8,60.9,71.7,
2026-01-06T06:17:12.346459,0.6,60.9,71.7,
2026-01-06T06:17:18.163910,14.2,60.9,71.7,
2026-01-06T06:17:19.677585,0.2,60.9,71.7,
2026-01-06T06:17:25.571292,14.4,60.9,71.7,
2026-01-06T06:17:27.092666,1.2,60.9,71.7,
2026-01-06T06:17:33.044182,14.7,60.8,71.7,
2026-01-06T06:17:34.560375,3.0,60.8,71.7,
2026-01-06T06:17:40.445529,14.4,60.9,71.7,
2026-01-06T06:17:41.959782,0.8,60.9,71.7,
2026-01-06T06:17:47.763044,15.1,60.9,71.7,
2026-01-06T06:17:49.278783,2.9,60.9,71.7,
2026-01-06T06:17:55.122776,14.6,61.0,71.7,
2026-01-06T06:17:56.629793,4.9,61.0,71.7,
2026-01-06T06:18:02.531978,19.0,61.0,71.7,
2026-01-06T06:18:04.040713,2.7,61.0,71.7,
2026-01-06T06:18:09.900200,15.8,61.0,71.7,
2026-01-06T06:18:11.429690,2.0,61.0,71.7,
2026-01-06T06:18:17.294964,14.1,61.0,71.7,
2026-01-06T06:18:18.806573,0.2,61.1,71.7,
2026-01-06T06:18:24.663021,15.2,61.3,71.7,
2026-01-06T06:18:26.176302,3.9,61.3,71.8,
2026-01-06T06:18:32.055886,15.1,61.3,71.8,
2026-01-06T06:18:33.571460,0.8,61.3,71.8,
2026-01-06T06:18:39.487352,14.0,61.2,71.8,
2026-01-06T06:18:41.003140,0.8,61.2,71.8,
2026-01-06T06:18:46.904732,15.2,61.2,71.8,
2026-01-06T06:18:48.414712,0.6,61.2,71.8,
2026-01-06T06:18:54.311827,13.7,61.3,71.8,
2026-01-06T06:18:55.821572,0.4,61.3,71.8,
2026-01-06T06:19:01.672182,13.3,61.3,71.8,
2026-01-06T06:19:03.195291,0.6,61.3,71.8,
2026-01-06T06:19:09.078418,13.4,61.2,71.8,
2026-01-06T06:19:10.587119,0.6,61.3,71.8,
2026-01-06T06:19:16.456865,12.8,61.3,71.8,
2026-01-06T06:19:17.964884,1.6,61.2,71.8,
2026-01-06T06:19:23.897480,13.6,61.3,71.8,
2026-01-06T06:19:25.404232,1.6,61.2,71.8,
2026-01-06T06:19:31.283281,15.8,61.3,71.8,
2026-01-06T06:19:32.805643,0.2,61.3,71.8,
2026-01-06T06:19:38.660280,14.3,61.3,71.8,
2026-01-06T06:19:40.179439,0.8,61.3,71.8,
2026-01-06T06:19:46.087195,15.9,61.3,71.8,
2026-01-06T06:19:47.596963,2.4,61.3,71.8,
2026-01-06T06:19:53.524728,14.6,60.2,71.8,
2026-01-06T06:19:55.041776,1.0,60.1,71.8,
2026-01-06T06:20:00.945677,13.2,60.1,71.8,
2026-01-06T06:20:02.462342,0.6,60.1,71.8,
2026-01-06T06:20:08.385522,14.9,60.1,71.8,
2026-01-06T06:20:09.914155,0.8,60.1,71.8,
2026-01-06T06:20:15.746270,14.1,60.1,71.8,
2026-01-06T06:20:17.256842,0.2,60.1,71.8,
2026-01-06T06:20:23.204943,14.9,60.1,71.8,
2026-01-06T06:20:24.725906,0.4,60.1,71.8,
2026-01-06T06:20:30.649185,13.1,60.0,71.8,
2026-01-06T06:20:32.161634,1.4,60.0,71.8,
2026-01-06T06:20:38.008334,15.0,60.1,71.8,
2026-01-06T06:20:39.524558,1.2,60.1,71.8,
2026-01-06T06:20:45.365535,17.2,60.0,71.8,
2026-01-06T06:20:46.873158,0.0,60.0,71.8,
2026-01-06T06:20:52.781867,13.6,59.9,71.8,
2026-01-06T06:20:54.289772,1.8,59.9,71.8,
2026-01-06T06:21:00.229062,14.0,59.9,71.8,
2026-01-06T06:21:01.738495,1.9,59.9,71.8,
2026-01-06T06:21:07.653313,12.5,60.0,71.8,
2026-01-06T06:21:09.171917,0.8,60.0,71.8,
2026-01-06T06:21:15.032487,11.4,60.0,71.8,
2026-01-06T06:21:16.540011,0.2,60.0,71.8,
2026-01-06T06:21:22.437299,14.9,60.0,71.8,
2026-01-06T06:21:23.945133,0.2,60.0,71.8,
2026-01-06T06:21:29.800554,14.3,59.9,71.8,
2026-01-06T06:21:31.318271,3.8,60.0,71.8,
2026-01-06T06:21:37.150415,14.5,60.0,71.8,
2026-01-06T06:21:38.667073,1.2,60.0,71.8,
2026-01-06T06:21:44.535252,13.0,60.0,71.8,
2026-01-06T06:21:46.054184,1.8,60.0,71.8,
2026-01-06T06:21:51.929150,14.3,60.1,71.8,
2026-01-06T06:21:53.437300,2.6,60.1,71.8,
2026-01-06T06:21:59.302820,15.6,59.8,71.8,
2026-01-06T06:22:00.815734,0.8,59.8,71.8,
2026-01-06T06:22:06.669387,13.4,59.8,71.8,
2026-01-06T06:22:08.180625,4.5,59.8,71.8,
2026-01-06T06:22:14.099546,15.8,59.8,71.8,
2026-01-06T06:22:15.616943,1.2,59.8,71.8,
2026-01-06T06:22:21.510816,12.7,59.8,71.8,
2026-01-06T06:22:23.022537,0.8,59.8,71.8,
2026-01-06T06:22:28.965154,16.8,59.8,71.8,
2026-01-06T06:22:30.481145,4.9,59.8,71.8,
2026-01-06T06:22:36.381157,14.6,60.0,71.8,
2026-01-06T06:22:37.897135,1.7,59.9,71.8,
2026-01-06T06:22:43.769165,15.6,60.0,71.8,
2026-01-06T06:22:45.282045,0.6,60.0,71.8,
2026-01-06T06:22:51.201586,15.5,60.0,71.8,
2026-01-06T06:22:52.712964,1.6,60.0,71.8,
2026-01-06T06:22:58.578039,14.8,60.4,71.8,
2026-01-06T06:23:00.090192,2.4,60.3,71.8,
2026-01-06T06:23:05.968549,15.5,60.6,71.8,
2026-01-06T06:23:07.476209,3.3,61.0,71.8,
2026-01-06T06:23:13.352670,13.3,61.0,71.8,
2026-01-06T06:23:14.860505,5.1,61.1,71.8,
2026-01-06T06:23:20.742295,14.7,61.2,71.8,
2026-01-06T06:23:22.256904,3.3,61.8,71.8,
2026-01-06T06:23:28.133514,15.0,61.8,71.8,
2026-01-06T06:23:29.650520,0.8,61.8,71.8,
2026-01-06T06:23:35.539169,14.2,61.7,71.8,
2026-01-06T06:23:37.055378,1.2,61.7,71.8,
2026-01-06T06:23:42.932650,14.6,61.8,71.8,
2026-01-06T06:23:44.448188,0.6,61.7,71.8,
2026-01-06T06:23:50.353596,15.3,61.7,71.8,
2026-01-06T06:23:51.869938,1.4,61.7,71.8,
2026-01-06T06:23:57.766657,16.3,61.7,71.8,
2026-01-06T06:23:59.277720,1.2,61.6,71.8,
2026-01-06T06:24:05.180957,14.3,61.6,71.8,
2026-01-06T06:24:06.697927,0.2,61.7,71.8,
2026-01-06T06:24:12.586849,13.7,61.7,71.8,
2026-01-06T06:24:14.102884,0.2,61.7,71.8,
2026-01-06T06:24:19.977371,14.1,61.7,71.8,
2026-01-06T06:24:21.493851,0.4,61.7,71.8,
2026-01-06T06:24:27.359170,14.6,61.8,71.8,
2026-01-06T06:24:28.882262,1.0,61.9,71.8,
2026-01-06T06:24:34.677860,13.4,62.0,71.8,
2026-01-06T06:24:36.197072,0.0,61.9,71.8,
2026-01-06T06:24:42.075039,14.5,61.9,71.8,
2026-01-06T06:24:43.587492,0.0,61.9,71.8,
2026-01-06T06:24:49.430859,14.0,61.8,71.8,
2026-01-06T06:24:50.947518,0.2,61.8,71.8,
2026-01-06T06:24:56.807355,14.6,59.5,71.8,
2026-01-06T06:24:58.321221,0.0,59.5,71.8,
2026-01-06T06:25:04.188709,14.5,59.5,71.8,
2026-01-06T06:25:05.698225,0.6,59.5,71.8,
2026-01-06T06:25:11.553029,14.7,59.5,71.8,
2026-01-06T06:25:13.071118,0.0,59.5,71.8,
2026-01-06T06:25:18.947437,14.3,59.5,71.8,
2026-01-06T06:25:20.462408,0.2,59.5,71.8,
2026-01-06T06:25:26.296191,13.0,59.5,71.8,
2026-01-06T06:25:27.808334,0.2,59.5,71.8,
2026-01-06T06:25:33.667321,12.5,59.5,71.8,
2026-01-06T06:25:35.180833,0.4,59.4,71.8,
2026-01-06T06:25:41.069877,14.1,59.4,71.8,
2026-01-06T06:25:42.602296,0.2,59.4,71.8,
2026-01-06T06:25:48.470014,14.0,59.4,71.8,
2026-01-06T06:25:49.980127,0.0,59.4,71.8,
2026-01-06T06:25:55.816086,14.3,59.5,71.8,
2026-01-06T06:25:57.337161,0.2,59.4,71.8,
2026-01-06T06:26:03.180079,15.5,59.5,71.8,
2026-01-06T06:26:04.697863,0.0,59.5,71.8,
2026-01-06T06:26:10.562096,15.1,59.5,71.8,
2026-01-06T06:26:12.088096,1.0,59.5,71.8,
2026-01-06T06:26:17.934187,13.9,59.5,71.8,
2026-01-06T06:26:19.462453,0.2,59.5,71.8,
2026-01-06T06:26:25.372419,14.1,59.4,71.8,
2026-01-06T06:26:26.884436,0.0,59.4,71.8,
2026-01-06T06:26:32.749092,12.7,59.4,71.8,
2026-01-06T06:26:34.259275,0.0,59.4,71.8,
2026-01-06T06:26:40.097487,15.3,59.4,71.8,
2026-01-06T06:26:41.619483,0.0,59.4,71.8,
2026-01-06T06:26:47.475717,15.4,59.4,71.8,
2026-01-06T06:26:48.993644,0.4,59.4,71.8,
2026-01-06T06:26:54.853058,14.8,59.5,71.8,
2026-01-06T06:26:56.368523,0.0,59.5,71.8,
2026-01-06T06:27:02.259867,16.2,59.5,71.8,
2026-01-06T06:27:03.774119,0.0,59.5,71.8,
2026-01-06T06:27:09.624520,15.3,59.5,71.8,
2026-01-06T06:27:11.134281,0.0,59.5,71.8,
2026-01-06T06:27:17.059531,15.6,59.4,71.8,
2026-01-06T06:27:18.571759,0.8,59.4,71.8,
2026-01-06T06:27:24.445063,14.5,59.4,71.8,
2026-01-06T06:27:25.963732,0.0,59.3,71.8,
2026-01-06T06:27:31.851425,14.7,59.3,71.8,
2026-01-06T06:27:33.369233,0.0,59.3,71.8,
2026-01-06T06:27:39.276222,13.9,59.3,71.8,
2026-01-06T06:27:40.806620,0.0,59.3,71.8,
2026-01-06T06:27:46.621823,14.2,59.3,71.8,
2026-01-06T06:27:48.134753,0.0,59.3,71.8,
2026-01-06T06:27:53.986187,15.9,59.3,71.8,
2026-01-06T06:27:55.496241,0.0,59.3,71.8,
2026-01-06T06:28:01.385810,14.7,58.9,71.8,
2026-01-06T06:28:02.900315,0.0,58.8,71.8,
2026-01-06T06:28:08.796103,17.2,59.5,71.8,
2026-01-06T06:28:10.306290,0.8,59.6,71.8,
2026-01-06T06:28:16.164365,14.1,59.5,71.8,
2026-01-06T06:28:17.680826,0.0,59.4,71.8,
2026-01-06T06:28:23.541273,14.5,59.4,71.8,
2026-01-06T06:28:25.058534,0.0,59.3,71.8,
2026-01-06T06:28:30.933326,16.3,59.2,71.8,
2026-01-06T06:28:32.462646,0.2,59.2,71.8,
2026-01-06T06:28:38.321546,14.9,59.1,71.8,
2026-01-06T06:28:39.837455,0.2,59.1,71.8,
2026-01-06T06:28:45.690944,15.3,59.1,71.8,
2026-01-06T06:28:47.213250,0.4,59.1,71.8,
2026-01-06T06:28:53.081602,19.8,59.5,71.8,
2026-01-06T06:28:54.601458,5.4,59.5,71.8,
2026-01-06T06:29:00.455831,13.1,55.6,71.8,
2026-01-06T06:29:01.963904,0.0,55.6,71.8,
2026-01-06T06:29:07.829053,14.6,55.6,71.8,
2026-01-06T06:29:09.337581,0.2,55.5,71.8,
2026-01-06T06:29:15.250073,13.5,55.5,71.8,
2026-01-06T06:29:16.760916,0.2,55.5,71.8,
2026-01-06T06:29:22.673055,14.3,55.5,71.8,
2026-01-06T06:29:24.179715,0.0,55.5,71.8,
2026-01-06T06:29:30.040836,13.8,55.5,71.8,
2026-01-06T06:29:31.558327,0.4,55.5,71.8,
2026-01-06T06:29:37.416309,13.7,55.5,71.8,
2026-01-06T06:29:38.931033,0.0,55.5,71.8,
2026-01-06T06:29:44.830691,14.8,55.5,71.8,
2026-01-06T06:29:46.350875,0.0,55.5,71.8,
2026-01-06T06:29:52.231557,15.5,55.5,71.8,
2026-01-06T06:29:53.740329,6.3,54.3,71.8,
2026-01-06T06:29:59.619839,14.6,54.2,71.8,
2026-01-06T06:30:01.150157,0.4,54.1,71.8,
2026-01-06T06:30:06.992419,14.2,54.2,71.8,
2026-01-06T06:30:08.509715,0.0,54.1,71.8,
2026-01-06T06:30:14.389922,15.0,54.2,71.8,
2026-01-06T06:30:15.901000,0.2,54.2,71.8,
2026-01-06T06:30:21.821282,15.4,54.2,71.8,
2026-01-06T06:30:23.335773,0.8,54.2,71.8,
2026-01-06T06:30:29.207782,14.2,54.3,71.8,
2026-01-06T06:30:30.744341,0.2,54.2,71.8,
2026-01-06T06:30:36.574602,13.5,54.3,71.8,
2026-01-06T06:30:38.087870,0.0,54.3,71.8,
2026-01-06T06:30:43.975227,14.7,54.4,71.8,
2026-01-06T06:30:45.495158,0.0,54.4,71.8,
2026-01-06T06:30:51.387074,13.9,54.4,71.8,
2026-01-06T06:30:52.900503,0.0,54.5,71.8,
2026-01-06T06:30:58.764574,14.6,54.4,71.8,
2026-01-06T06:31:00.291022,0.4,54.4,71.8,
2026-01-06T06:31:06.138123,15.0,54.4,71.8,
2026-01-06T06:31:07.650602,0.0,54.4,71.8,
2026-01-06T06:31:13.520169,15.1,54.4,71.8,
2026-01-06T06:31:15.041638,0.4,54.4,71.8,
2026-01-06T06:31:20.944206,15.0,54.4,71.8,
2026-01-06T06:31:22.464569,0.2,54.4,71.8,
2026-01-06T06:31:28.276704,14.0,54.4,71.8,
2026-01-06T06:31:29.791479,0.2,54.4,71.8,
2026-01-06T06:31:35.644400,15.0,54.4,71.8,
2026-01-06T06:31:37.166011,0.0,54.4,71.8,
2026-01-06T06:31:43.040455,15.2,54.6,71.8,
2026-01-06T06:31:44.555056,1.6,54.8,71.8,
2026-01-06T06:31:50.467176,15.4,55.0,71.9,
2026-01-06T06:31:51.977525,0.2,54.7,71.8,
2026-01-06T06:31:57.839562,14.5,54.7,71.8,
2026-01-06T06:31:59.353981,0.0,54.7,71.8,
2026-01-06T06:32:05.213294,15.0,54.7,71.8,
2026-01-06T06:32:06.728520,0.2,54.7,71.8,
2026-01-06T06:32:12.566945,14.2,54.7,71.8,
2026-01-06T06:32:14.073557,0.2,54.7,71.8,
2026-01-06T06:32:19.997943,13.6,54.6,71.8,
2026-01-06T06:32:21.509872,0.2,54.7,71.8,
2026-01-06T06:32:27.399988,14.8,54.5,71.8,
2026-01-06T06:32:28.916472,0.0,54.5,71.8,
2026-01-06T06:32:34.778255,13.7,54.5,71.8,
2026-01-06T06:32:36.291265,0.6,54.5,71.8,
2026-01-06T06:32:42.153493,15.0,54.6,71.8,
2026-01-06T06:32:43.666928,0.0,54.6,71.8,
2026-01-06T06:32:49.471457,14.9,54.5,71.8,
2026-01-06T06:32:50.994691,0.0,54.5,71.8,
2026-01-06T06:32:56.845286,14.3,54.6,71.8,
2026-01-06T06:32:58.369387,0.2,54.5,71.8,
2026-01-06T06:33:04.238782,14.7,54.6,71.8,
2026-01-06T06:33:05.751084,0.0,54.6,71.8,
2026-01-06T06:33:11.610610,13.3,54.5,71.8,
2026-01-06T06:33:13.120902,0.0,54.5,71.8,
2026-01-06T06:33:19.082948,13.8,54.5,71.8,
2026-01-06T06:33:20.593604,0.0,54.5,71.8,
2026-01-06T06:33:26.465992,14.6,54.6,71.8,
2026-01-06T06:33:27.978311,0.4,54.6,71.8,
2026-01-06T06:33:33.810359,12.7,54.5,71.8,
2026-01-06T06:33:35.323553,0.4,54.5,71.8,
2026-01-06T06:33:41.275237,15.4,54.5,71.8,
2026-01-06T06:33:42.792233,0.0,54.5,71.8,
2026-01-06T06:33:48.664179,14.3,54.5,71.8,
2026-01-06T06:33:50.182114,0.2,54.5,71.8,
2026-01-06T06:33:56.009493,15.2,54.5,71.8,
2026-01-06T06:33:57.523394,0.0,54.5,71.8,
2026-01-06T06:34:03.378893,14.6,54.6,71.8,
2026-01-06T06:34:04.901196,0.0,54.6,71.8,
2026-01-06T06:34:10.766145,14.5,54.5,71.8,
2026-01-06T06:34:12.275982,0.2,54.5,71.8,
2026-01-06T06:34:18.144172,14.2,54.5,71.8,
2026-01-06T06:34:19.666030,0.6,54.5,71.8,
2026-01-06T06:34:25.522583,14.5,54.5,71.8,
2026-01-06T06:34:27.040986,0.0,54.5,71.8,
2026-01-06T06:34:32.899626,15.1,54.6,71.8,
2026-01-06T06:34:34.415786,0.2,54.6,71.8,
2026-01-06T06:34:40.334572,13.4,54.6,71.8,
2026-01-06T06:34:41.851653,0.0,54.6,71.8,
2026-01-06T06:34:47.731118,16.4,54.6,71.8,
2026-01-06T06:34:49.244846,0.4,54.6,71.8,
2026-01-06T06:34:55.092757,15.0,54.6,71.8,
2026-01-06T06:34:56.604307,0.0,54.6,71.8,
2026-01-06T06:35:02.456147,14.7,54.6,71.8,
2026-01-06T06:35:03.964166,0.2,54.6,71.8,
2026-01-06T06:35:09.882004,15.0,54.6,71.8,
2026-01-06T06:35:11.400678,0.2,54.6,71.8,
2026-01-06T06:35:17.273267,15.3,54.6,71.8,
2026-01-06T06:35:18.790190,0.0,54.6,71.8,
2026-01-06T06:35:24.644810,15.6,54.6,71.8,
2026-01-06T06:35:26.166170,0.0,54.6,71.8,
2026-01-06T06:35:32.054697,13.7,54.5,71.8,
2026-01-06T06:35:33.572459,0.4,54.5,71.8,
2026-01-06T06:35:39.433959,14.7,54.6,71.8,
2026-01-06T06:35:40.947669,0.4,54.6,71.8,
2026-01-06T06:35:46.842277,14.1,54.6,71.8,
2026-01-06T06:35:48.369707,0.0,54.5,71.8,
2026-01-06T06:35:54.243456,13.6,54.6,71.8,
2026-01-06T06:35:55.761028,0.0,54.6,71.8,
2026-01-06T06:36:01.607723,14.5,54.6,71.8,
2026-01-06T06:36:03.119393,0.2,54.6,71.8,
2026-01-06T06:36:09.015598,13.0,54.6,71.8,
2026-01-06T06:36:10.527037,0.0,54.6,71.8,
2026-01-06T06:36:16.410636,14.8,54.6,71.8,
2026-01-06T06:36:17.931629,0.0,54.6,71.8,
2026-01-06T06:36:23.797663,14.6,54.6,71.8,
2026-01-06T06:36:25.306615,0.2,54.6,71.8,
2026-01-06T06:36:31.178786,14.6,54.6,71.8,
2026-01-06T06:36:32.698023,0.4,54.6,71.8,
2026-01-06T06:36:38.557141,13.8,54.6,71.8,
2026-01-06T06:36:40.072123,0.0,54.6,71.8,
2026-01-06T06:36:45.942068,14.6,54.6,71.8,
2026-01-06T06:36:47.477824,0.2,54.5,71.8,
2026-01-06T06:36:53.314362,14.0,54.6,71.8,
2026-01-06T06:36:54.824852,0.2,54.6,71.8,
2026-01-06T06:37:00.754400,14.8,54.6,71.8,
2026-01-06T06:37:02.274729,0.0,54.6,71.8,
2026-01-06T06:37:08.101789,14.3,54.6,71.8,
2026-01-06T06:37:09.619186,0.0,54.6,71.8,
2026-01-06T06:37:15.475778,15.1,54.6,71.8,
2026-01-06T06:37:16.995819,0.2,54.6,71.8,
2026-01-06T06:37:22.834564,15.1,54.6,71.8,
2026-01-06T06:37:24.369207,0.2,54.6,71.8,
2026-01-06T06:37:30.231171,14.4,54.6,71.8,
2026-01-06T06:37:31.744001,0.0,54.5,71.8,
2026-01-06T06:37:37.621245,15.3,54.6,71.8,
2026-01-06T06:37:39.135506,0.0,54.6,71.8,
2026-01-06T06:37:44.962283,14.6,54.6,71.8,
2026-01-06T06:37:46.479077,0.0,54.6,71.8,
2026-01-06T06:37:52.318647,15.9,54.6,71.8,
2026-01-06T06:37:53.836367,0.2,54.6,71.8,
2026-01-06T06:37:59.700540,15.2,54.6,71.8,
2026-01-06T06:38:01.214326,0.4,54.6,71.8,
2026-01-06T06:38:07.132740,16.9,55.1,71.8,
2026-01-06T06:38:08.649838,0.8,55.1,71.8,
2026-01-06T06:38:14.543486,15.0,55.2,71.8,
2026-01-06T06:38:16.058483,0.4,55.2,71.8,
2026-01-06T06:38:21.995701,15.8,55.2,71.8,
2026-01-06T06:38:23.510588,0.0,55.2,71.8,
2026-01-06T06:38:29.323602,15.0,55.1,71.8,
2026-01-06T06:38:30.837923,0.2,55.1,71.8,
2026-01-06T06:38:36.691018,13.4,55.1,71.8,
2026-01-06T06:38:38.213003,0.2,55.1,71.8,
2026-01-06T06:38:44.077215,14.3,55.1,71.8,
2026-01-06T06:38:45.587328,0.8,55.1,71.8,
2026-01-06T06:38:51.410157,15.0,55.1,71.8,
2026-01-06T06:38:52.932248,0.0,55.1,71.8,
2026-01-06T06:38:58.811127,14.7,55.1,71.8,
2026-01-06T06:39:00.322368,0.4,55.1,71.8,
2026-01-06T06:39:06.166400,14.2,55.1,71.8,
2026-01-06T06:39:07.682476,0.2,54.9,71.8,
2026-01-06T06:39:13.536802,15.1,54.8,71.8,
2026-01-06T06:39:15.057950,0.0,54.8,71.8,
2026-01-06T06:39:20.878736,13.2,54.8,71.8,
2026-01-06T06:39:22.397957,0.2,54.8,71.8,
2026-01-06T06:39:28.248891,14.0,54.8,71.8,
2026-01-06T06:39:29.760699,0.4,54.7,71.8,
2026-01-06T06:39:35.625244,12.2,54.7,71.8,
2026-01-06T06:39:37.133407,2.4,54.3,71.8,
2026-01-06T06:39:42.968793,12.8,54.1,71.8,
2026-01-06T06:39:44.478612,0.2,54.0,71.8,
2026-01-06T06:39:50.347629,13.5,54.0,71.8,
2026-01-06T06:39:51.869871,0.2,54.0,71.8,
2026-01-06T06:39:57.743526,14.1,54.0,71.8,
2026-01-06T06:39:59.260091,0.0,54.0,71.8,
2026-01-06T06:40:05.113129,13.9,54.1,71.8,
2026-01-06T06:40:06.633085,0.0,54.1,71.8,
2026-01-06T06:40:12.509142,14.1,54.0,71.8,
2026-01-06T06:40:14.025406,0.2,54.0,71.8,
2026-01-06T06:40:19.896488,15.5,54.0,71.8,
2026-01-06T06:40:21.431640,0.2,54.0,71.8,
2026-01-06T06:40:27.255600,15.2,54.0,71.8,
2026-01-06T06:40:28.776141,0.4,54.0,71.8,
2026-01-06T06:40:34.638987,13.9,54.0,71.8,
2026-01-06T06:40:36.152157,0.4,54.0,71.8,
2026-01-06T06:40:42.018640,14.0,54.0,71.8,
2026-01-06T06:40:43.539089,0.0,54.0,71.8,
2026-01-06T06:40:49.374878,15.0,54.0,71.8,
2026-01-06T06:40:50.885608,0.2,54.0,71.8,
2026-01-06T06:40:56.805310,13.0,54.0,71.8,
2026-01-06T06:40:58.322645,0.0,54.0,71.8,
2026-01-06T06:41:04.238047,13.9,54.1,71.8,
2026-01-06T06:41:05.751825,0.0,54.1,71.8,
2026-01-06T06:41:11.609930,13.8,54.1,71.8,
2026-01-06T06:41:13.118840,0.0,54.0,71.8,
2026-01-06T06:41:19.018745,15.3,54.0,71.8,
2026-01-06T06:41:20.526658,0.0,54.0,71.8,
2026-01-06T06:41:26.402985,14.4,54.0,71.8,
2026-01-06T06:41:27.915373,0.0,54.0,71.8,
2026-01-06T06:41:33.713761,15.3,54.0,71.8,
2026-01-06T06:41:35.230017,0.6,54.0,71.8,
2026-01-06T06:41:41.121283,13.9,54.0,71.8,
2026-01-06T06:41:42.634148,0.0,54.0,71.8,
2026-01-06T06:41:48.509487,14.5,54.0,71.8,
2026-01-06T06:41:50.023682,0.2,54.0,71.8,
2026-01-06T06:41:55.924763,14.2,54.0,71.8,
2026-01-06T06:41:57.432198,0.2,54.0,71.8,
2026-01-06T06:42:03.301609,13.1,54.0,71.8,
2026-01-06T06:42:04.823181,0.2,54.0,71.8,
2026-01-06T06:42:10.662193,13.4,54.0,71.8,
2026-01-06T06:42:12.181994,0.2,54.0,71.8,
2026-01-06T06:42:18.040762,15.5,53.9,71.8,
2026-01-06T06:42:19.573424,0.0,53.9,71.8,
2026-01-06T06:42:25.404582,13.8,53.9,71.8,
2026-01-06T06:42:26.914917,0.2,54.0,71.8,
2026-01-06T06:42:32.822821,14.5,54.0,71.8,
2026-01-06T06:42:34.338707,0.4,54.0,71.8,
2026-01-06T06:42:40.204697,15.4,54.0,71.8,
2026-01-06T06:42:41.712245,0.4,54.0,71.8,
2026-01-06T06:42:47.599695,15.0,54.0,71.8,
2026-01-06T06:42:49.117021,0.4,53.9,71.8,
2026-01-06T06:42:55.018353,16.7,54.0,71.8,
2026-01-06T06:42:56.542804,0.0,54.0,71.8,
2026-01-06T06:43:02.404106,15.4,54.1,71.8,
2026-01-06T06:43:03.917985,0.4,54.0,71.8,
2026-01-06T06:43:09.807166,15.2,54.0,71.8,
2026-01-06T06:43:11.324146,0.0,54.0,71.8,
2026-01-06T06:43:17.183034,14.1,53.9,71.8,
2026-01-06T06:43:18.699229,0.2,53.9,71.8,
2026-01-06T06:43:24.615086,14.1,53.9,71.8,
2026-01-06T06:43:26.135456,0.2,53.9,71.8,
2026-01-06T06:43:32.023956,15.4,53.9,71.8,
2026-01-06T06:43:33.541563,0.2,53.9,71.8,
2026-01-06T06:43:39.380066,15.7,54.0,71.8,
2026-01-06T06:43:40.900566,0.2,54.0,71.8,
2026-01-06T06:43:46.754463,15.8,54.0,71.8,
2026-01-06T06:43:48.275662,0.2,54.0,71.8,
2026-01-06T06:43:54.121783,14.0,54.0,71.8,
2026-01-06T06:43:55.637048,0.4,53.9,71.8,
2026-01-06T06:44:01.510212,14.9,53.8,71.8,
2026-01-06T06:44:03.025572,0.0,53.8,71.8,
2026-01-06T06:44:08.906915,14.1,53.8,71.8,
2026-01-06T06:44:10.417234,0.0,53.8,71.8,
2026-01-06T06:44:16.315018,13.3,53.8,71.8,
2026-01-06T06:44:17.838276,0.0,53.8,71.8,
2026-01-06T06:44:23.681806,13.4,53.9,71.8,
2026-01-06T06:44:25.197329,0.0,53.9,71.8,
2026-01-06T06:44:31.060445,13.7,53.9,71.8,
2026-01-06T06:44:32.572928,0.0,53.9,71.8,
2026-01-06T06:44:38.436474,14.9,53.9,71.8,
2026-01-06T06:44:39.947924,0.0,53.9,71.8,
2026-01-06T06:44:45.825258,14.8,53.9,71.8,
2026-01-06T06:44:47.338749,0.0,53.9,71.8,
2026-01-06T06:44:53.207513,14.6,53.9,71.8,
2026-01-06T06:44:54.729924,0.0,53.9,71.8,
2026-01-06T06:45:00.570121,16.4,53.9,71.8,
2026-01-06T06:45:02.103132,0.0,54.0,71.8,
2026-01-06T06:45:07.925839,15.2,54.0,71.8,
2026-01-06T06:45:09.446865,0.0,54.0,71.8,
2026-01-06T06:45:15.307920,15.9,54.0,71.8,
2026-01-06T06:45:16.823810,0.0,53.9,71.8,
2026-01-06T06:45:22.710719,14.4,53.9,71.8,
2026-01-06T06:45:24.229886,0.0,53.9,71.8,
2026-01-06T06:45:30.043826,14.5,53.9,71.8,
2026-01-06T06:45:31.558638,0.0,53.9,71.8,
2026-01-06T06:45:37.470649,14.6,53.9,71.8,
2026-01-06T06:45:38.979242,0.0,53.9,71.8,
2026-01-06T06:45:44.854106,14.8,53.9,71.8,
2026-01-06T06:45:46.368516,0.2,53.9,71.8,
2026-01-06T06:45:52.224592,15.1,54.0,71.8,
2026-01-06T06:45:53.745587,0.0,54.0,71.8,
2026-01-06T06:45:59.609391,13.9,53.9,71.8,
2026-01-06T06:46:01.119127,0.2,54.0,71.8,
2026-01-06T06:46:06.999745,15.0,54.0,71.8,
2026-01-06T06:46:08.510061,0.2,54.0,71.8,
2026-01-06T06:46:14.416532,16.5,54.0,71.8,
2026-01-06T06:46:15.932020,0.2,54.0,71.8,
2026-01-06T06:46:21.819533,14.3,54.0,71.8,
2026-01-06T06:46:23.339584,0.2,54.0,71.8,
2026-01-06T06:46:29.197758,14.0,54.0,71.8,
2026-01-06T06:46:30.713475,0.4,54.0,71.8,
2026-01-06T06:46:37.307772,15.3,54.0,71.8,
2026-01-06T06:46:38.823921,0.0,54.0,71.8,
2026-01-06T06:46:44.733574,15.7,54.0,71.8,
2026-01-06T06:46:46.260318,0.0,54.0,71.8,
2026-01-06T06:46:52.155276,15.0,54.0,71.8,
2026-01-06T06:46:53.665699,0.0,54.0,71.8,
2026-01-06T06:46:59.512756,13.6,54.0,71.8,
2026-01-06T06:47:01.025799,0.2,54.0,71.8,
2026-01-06T06:47:06.948158,14.2,54.1,71.8,
2026-01-06T06:47:08.465101,0.0,54.1,71.8,
2026-01-06T06:47:14.307531,14.1,54.1,71.8,
2026-01-06T06:47:15.823255,0.4,54.1,71.8,
2026-01-06T06:47:21.719497,13.3,54.0,71.8,
2026-01-06T06:47:23.229818,0.0,54.0,71.8,
2026-01-06T06:47:29.133651,15.0,54.0,71.8,
2026-01-06T06:47:30.651354,0.6,54.0,71.8,
2026-01-06T06:47:36.518630,15.3,54.0,71.8,
2026-01-06T06:47:38.027019,0.4,54.0,71.8,
2026-01-06T06:47:43.886807,15.5,54.0,71.8,
2026-01-06T06:47:45.401766,0.0,54.0,71.8,
2026-01-06T06:47:51.263033,15.2,54.0,71.8,
2026-01-06T06:47:52.775706,0.0,54.0,71.8,
2026-01-06T06:47:58.668560,15.0,54.1,71.8,
2026-01-06T06:48:00.183923,0.2,54.1,71.8,
2026-01-06T06:48:06.039954,14.9,54.1,71.8,
2026-01-06T06:48:07.557865,0.2,54.1,71.8,
2026-01-06T06:48:13.446696,14.5,53.9,71.8,
2026-01-06T06:48:14.962859,0.0,53.9,71.8,
2026-01-06T06:48:20.925373,13.6,54.1,71.8,
2026-01-06T06:48:22.448631,0.4,54.2,71.8,
2026-01-06T06:48:28.328863,14.5,54.1,71.8,
2026-01-06T06:48:29.839768,0.0,54.1,71.8,
2026-01-06T06:48:35.724169,14.6,54.1,71.8,
2026-01-06T06:48:37.245526,0.2,54.1,71.8,
2026-01-06T06:48:43.107045,14.7,54.1,71.8,
2026-01-06T06:48:44.619633,0.2,54.1,71.8,
2026-01-06T06:48:50.492281,15.8,54.1,71.8,
2026-01-06T06:48:52.011271,0.0,54.1,71.8,
2026-01-06T06:48:57.862723,13.8,54.1,71.8,
2026-01-06T06:48:59.370090,0.2,54.1,71.8,
2026-01-06T06:49:05.257840,14.6,54.1,71.8,
2026-01-06T06:49:06.777483,0.2,54.1,71.8,
2026-01-06T06:49:12.601605,15.3,54.1,71.8,
2026-01-06T06:49:14.121687,0.4,54.1,71.8,
2026-01-06T06:49:19.988461,15.0,54.1,71.8,
2026-01-06T06:49:21.511135,0.4,54.1,71.8,
2026-01-06T06:49:27.312427,14.6,54.1,71.8,
2026-01-06T06:49:28.824028,0.0,54.1,71.8,
2026-01-06T06:49:34.690063,13.9,54.1,71.8,
2026-01-06T06:49:36.197522,0.2,54.1,71.8,
2026-01-06T06:49:42.053998,14.8,54.1,71.8,
2026-01-06T06:49:43.572116,0.4,54.1,71.8,
2026-01-06T06:49:49.417901,14.4,54.1,71.8,
2026-01-06T06:49:50.932822,0.6,54.1,71.8,
2026-01-06T06:49:56.825478,14.1,54.1,71.8,
2026-01-06T06:49:58.338481,0.0,54.1,71.8,
2026-01-06T06:50:04.213536,14.1,54.1,71.8,
2026-01-06T06:50:05.735384,0.2,54.1,71.8,
2026-01-06T06:50:11.555305,15.0,54.1,71.8,
2026-01-06T06:50:13.074518,0.0,54.1,71.8,
2026-01-06T06:50:18.940908,14.3,54.1,71.8,
2026-01-06T06:50:20.463180,0.6,54.1,71.8,
2026-01-06T06:50:26.351318,16.7,54.1,71.8,
2026-01-06T06:50:27.871505,0.0,54.1,71.8,
2026-01-06T06:50:33.747750,15.7,54.4,71.8,
2026-01-06T06:50:35.276139,0.6,54.3,71.8,
2026-01-06T06:50:41.158037,14.5,54.3,71.8,
2026-01-06T06:50:42.682665,1.8,54.2,71.8,
2026-01-06T06:50:48.528332,14.6,54.2,71.8,
2026-01-06T06:50:50.042528,0.0,54.2,71.8,
2026-01-06T06:50:55.883974,15.0,54.2,71.8,
2026-01-06T06:50:57.417595,0.0,54.2,71.8,
2026-01-06T06:51:03.248617,12.5,54.2,71.8,
2026-01-06T06:51:04.759885,0.2,54.2,71.8,
2026-01-06T06:51:10.586772,14.0,54.2,71.8,
2026-01-06T06:51:12.105477,0.0,54.2,71.8,
2026-01-06T06:51:17.927604,14.3,54.1,71.8,
2026-01-06T06:51:19.462900,0.6,54.1,71.8,
2026-01-06T06:51:25.312471,13.6,54.2,71.8,
2026-01-06T06:51:26.822239,0.0,54.2,71.8,
2026-01-06T06:51:32.681737,14.3,54.2,71.8,
2026-01-06T06:51:34.198654,0.0,54.2,71.8,
2026-01-06T06:51:40.052385,15.1,54.0,71.8,
2026-01-06T06:51:41.573338,0.2,54.0,71.8,
2026-01-06T06:51:47.443255,14.6,54.1,71.8,
2026-01-06T06:51:48.966711,0.0,54.1,71.8,
2026-01-06T06:51:54.823338,14.0,54.2,71.8,
2026-01-06T06:51:56.339435,0.2,54.2,71.8,
2026-01-06T06:52:02.251495,16.2,54.3,71.8,
2026-01-06T06:52:03.761237,0.2,54.3,71.8,
2026-01-06T06:52:09.631327,15.2,54.3,71.8,
2026-01-06T06:52:11.151225,0.0,54.3,71.8,
2026-01-06T06:52:17.002130,15.2,54.3,71.8,
2026-01-06T06:52:18.526653,0.4,54.3,71.8,
2026-01-06T06:52:24.385499,14.3,54.4,71.8,
2026-01-06T06:52:25.901864,0.0,54.3,71.8,
2026-01-06T06:52:31.766315,14.2,54.3,71.8,
2026-01-06T06:52:33.277286,0.4,54.4,71.8,
2026-01-06T06:52:39.091830,15.3,54.4,71.8,
2026-01-06T06:52:40.602210,0.4,54.3,71.8,
2026-01-06T06:52:46.505893,13.7,54.3,71.8,
2026-01-06T06:52:48.026891,0.0,54.4,71.8,
2026-01-06T06:52:53.855211,15.2,54.3,71.8,
2026-01-06T06:52:55.369710,0.0,54.3,71.8,
2026-01-06T06:53:01.200723,14.6,54.4,71.8,
2026-01-06T06:53:02.728859,0.2,54.4,71.8,
2026-01-06T06:53:08.619737,15.2,54.5,71.8,
2026-01-06T06:53:10.134738,0.0,54.4,71.8,
2026-01-06T06:53:16.043279,14.3,54.4,71.8,
2026-01-06T06:53:17.554983,0.0,54.4,71.8,
2026-01-06T06:53:23.397326,14.1,54.5,71.8,
2026-01-06T06:53:24.916913,0.4,54.5,71.8,
2026-01-06T06:53:30.805452,13.9,54.5,71.8,
2026-01-06T06:53:32.321847,0.0,54.5,71.8,
2026-01-06T06:53:38.216930,13.0,54.5,71.8,
2026-01-06T06:53:39.729522,0.2,54.5,71.8,
2026-01-06T06:53:45.572977,14.3,54.5,71.8,
2026-01-06T06:53:47.088220,0.0,54.5,71.8,
2026-01-06T06:53:52.965334,15.9,54.5,71.8,
2026-01-06T06:53:54.479697,0.0,54.5,71.8,
2026-01-06T06:54:00.322699,15.6,54.5,71.8,
2026-01-06T06:54:01.837826,0.6,54.6,71.8,
2026-01-06T06:54:07.737847,15.7,54.6,71.8,
2026-01-06T06:54:09.245478,0.0,54.5,71.8,
2026-01-06T06:54:15.115483,15.2,54.5,71.8,
2026-01-06T06:54:16.636517,0.4,54.5,71.8,
2026-01-06T06:54:22.489332,14.2,54.4,71.8,
2026-01-06T06:54:23.996424,0.2,54.5,71.8,
2026-01-06T06:54:29.857751,15.9,54.4,71.8,
2026-01-06T06:54:31.369243,0.0,54.4,71.8,
2026-01-06T06:54:37.229324,15.6,54.4,71.8,
2026-01-06T06:54:38.745658,0.0,54.4,71.8,
2026-01-06T06:54:44.571748,15.2,54.6,71.8,
2026-01-06T06:54:46.104608,0.2,54.6,71.8,
2026-01-06T06:54:51.994771,14.7,54.8,71.8,
2026-01-06T06:54:53.511639,0.0,54.8,71.8,
2026-01-06T06:54:59.358375,13.3,54.8,71.8,
2026-01-06T06:55:00.869560,0.0,54.8,71.8,
2026-01-06T06:55:06.740055,14.1,54.8,71.8,
2026-01-06T06:55:08.261899,0.0,54.8,71.8,
2026-01-06T06:55:14.103405,15.3,54.8,71.8,
2026-01-06T06:55:15.621923,0.6,54.8,71.8,
2026-01-06T06:55:21.442136,14.7,54.6,71.8,
2026-01-06T06:55:22.962149,0.0,54.6,71.8,
2026-01-06T06:55:28.794455,14.8,54.6,71.8,
2026-01-06T06:55:30.308495,0.0,54.6,71.8,
2026-01-06T06:55:36.205384,13.5,54.6,71.8,
2026-01-06T06:55:37.714024,0.2,54.6,71.8,
2026-01-06T06:55:43.577880,13.8,54.6,71.8,
2026-01-06T06:55:45.088620,0.2,54.5,71.8,
2026-01-06T06:55:50.976918,14.6,54.5,71.8,
2026-01-06T06:55:52.508124,0.0,54.5,71.8,
2026-01-06T06:55:58.331931,14.4,54.5,71.8,
2026-01-06T06:55:59.855153,0.0,54.5,71.8,
2026-01-06T06:56:05.747728,13.3,54.5,71.8,
2026-01-06T06:56:07.261251,0.4,54.5,71.8,
2026-01-06T06:56:13.153726,15.6,54.5,71.8,
2026-01-06T06:56:14.666404,0.0,54.5,71.8,
2026-01-06T06:56:20.585654,14.7,54.5,71.8,
2026-01-06T06:56:22.103689,0.4,54.5,71.8,
2026-01-06T06:56:27.977321,13.4,54.5,71.8,
2026-01-06T06:56:29.495379,0.0,54.5,71.8,
2026-01-06T06:56:35.365127,13.7,54.5,71.8,
2026-01-06T06:56:36.885916,0.0,54.5,71.8,
2026-01-06T06:56:42.743297,16.1,54.5,71.8,
2026-01-06T06:56:44.275419,0.0,54.5,71.8,
2026-01-06T06:56:50.150348,13.6,54.5,71.8,
2026-01-06T06:56:51.682644,0.6,54.5,71.8,
2026-01-06T06:56:57.511573,15.4,54.5,71.8,
2026-01-06T06:56:59.025972,0.0,54.5,71.8,
2026-01-06T06:57:04.938959,13.3,54.5,71.8,
2026-01-06T06:57:06.448003,0.6,54.6,71.8,
2026-01-06T06:57:12.360859,15.0,54.5,71.8,
2026-01-06T06:57:13.872028,0.2,54.5,71.8,
2026-01-06T06:57:19.744780,13.1,54.5,71.8,
2026-01-06T06:57:21.258807,0.4,54.4,71.8,
2026-01-06T06:57:27.189771,15.4,54.5,71.8,
2026-01-06T06:57:28.697638,0.2,54.5,71.8,
2026-01-06T06:57:34.562842,15.3,54.4,71.8,
2026-01-06T06:57:36.070815,0.0,54.4,71.8,
2026-01-06T06:57:41.947361,15.0,54.4,71.8,
2026-01-06T06:57:43.464764,0.0,54.4,71.8,
2026-01-06T06:57:49.307725,15.4,54.4,71.8,
2026-01-06T06:57:50.822152,0.0,54.4,71.8,
2026-01-06T06:57:56.721969,13.3,54.5,71.8,
2026-01-06T06:57:58.245464,0.2,54.4,71.8,
2026-01-06T06:58:04.123710,13.1,54.5,71.8,
2026-01-06T06:58:05.638455,0.0,54.4,71.8,
2026-01-06T06:58:11.513830,15.7,54.4,71.8,
2026-01-06T06:58:13.025700,0.6,54.4,71.8,
2026-01-06T06:58:18.926802,15.3,54.4,71.8,
2026-01-06T06:58:20.448318,0.0,54.4,71.8,
2026-01-06T06:58:26.312846,17.2,54.4,71.8,
2026-01-06T06:58:27.839691,0.6,54.4,71.8,
2026-01-06T06:58:33.670379,15.3,54.4,71.8,
2026-01-06T06:58:35.182758,0.0,54.4,71.8,
2026-01-06T06:58:41.073222,15.0,54.4,71.8,
2026-01-06T06:58:42.589363,0.2,54.4,71.8,
2026-01-06T06:58:48.478144,14.9,54.6,71.8,
2026-01-06T06:58:50.010110,0.2,54.6,71.8,
2026-01-06T06:58:55.830794,12.2,54.6,71.8,
2026-01-06T06:58:57.338172,0.0,54.6,71.8,
2026-01-06T06:59:03.258264,13.7,54.2,71.8,
2026-01-06T06:59:04.776931,0.2,54.2,71.8,
2026-01-06T06:59:10.650523,14.7,54.2,71.8,
2026-01-06T06:59:12.166046,0.0,54.2,71.8,
2026-01-06T06:59:18.013471,15.3,54.2,71.8,
2026-01-06T06:59:19.541451,0.0,54.3,71.8,
2026-01-06T06:59:25.441127,13.9,54.2,71.8,
2026-01-06T06:59:26.948469,0.2,54.2,71.8,
2026-01-06T06:59:32.837091,14.6,54.2,71.8,
2026-01-06T06:59:34.354004,0.2,54.2,71.8,
2026-01-06T06:59:40.165751,14.3,54.2,71.8,
2026-01-06T06:59:41.683583,0.0,54.2,71.8,
2026-01-06T06:59:47.531618,13.9,54.3,71.8,
2026-01-06T06:59:49.043732,0.0,54.2,71.8,
2026-01-06T06:59:54.877133,15.7,54.2,71.8,
2026-01-06T06:59:56.387285,0.2,54.2,71.8,
2026-01-06T07:00:02.271244,15.4,54.2,71.8,
2026-01-06T07:00:03.791647,0.4,54.3,71.8,
2026-01-06T07:00:09.596947,15.2,54.2,71.8,
2026-01-06T07:00:11.104619,0.0,54.1,71.8,
2026-01-06T07:00:16.978484,14.0,54.1,71.8,
2026-01-06T07:00:18.495385,0.2,54.1,71.8,
2026-01-06T07:00:24.308751,14.3,54.1,71.8,
2026-01-06T07:00:25.823080,0.0,54.1,71.8,
2026-01-06T07:00:31.678748,13.8,54.1,71.8,
2026-01-06T07:00:33.199366,0.0,54.1,71.8,
2026-01-06T07:00:39.081491,14.8,54.1,71.8,
2026-01-06T07:00:40.588299,0.0,54.1,71.8,
2026-01-06T07:00:46.424740,13.9,54.1,71.8,
2026-01-06T07:00:47.947431,0.2,54.1,71.8,
2026-01-06T07:00:53.810350,14.1,54.2,71.8,
2026-01-06T07:00:55.321982,0.0,54.2,71.8,
2026-01-06T07:01:01.223925,13.7,54.2,71.8,
2026-01-06T07:01:02.744601,0.0,54.2,71.8,
2026-01-06T07:01:08.575116,14.8,54.2,71.8,
2026-01-06T07:01:10.091075,0.0,54.2,71.8,
2026-01-06T07:01:16.000597,13.1,54.1,71.8,
2026-01-06T07:01:17.525826,0.0,54.1,71.8,
2026-01-06T07:01:23.350154,15.1,54.1,71.8,
2026-01-06T07:01:24.870681,0.4,54.1,71.8,
2026-01-06T07:01:30.726345,15.4,54.1,71.8,
2026-01-06T07:01:32.244719,0.0,54.1,71.8,
2026-01-06T07:01:38.086771,13.6,54.1,71.8,
2026-01-06T07:01:39.604682,0.0,54.1,71.8,
2026-01-06T07:01:45.519287,13.3,54.0,71.8,
2026-01-06T07:01:47.025757,0.6,54.0,71.8,
2026-01-06T07:01:52.890962,14.5,54.1,71.8,
2026-01-06T07:01:54.401287,0.0,54.1,71.8,
2026-01-06T07:02:00.270955,14.9,54.1,71.8,
2026-01-06T07:02:01.806792,0.0,54.2,71.8,
2026-01-06T07:02:07.652444,13.9,54.2,71.8,
2026-01-06T07:02:09.166980,0.6,54.2,71.8,
2026-01-06T07:02:14.997039,14.7,54.2,71.8,
2026-01-06T07:02:16.510666,0.4,54.2,71.8,
2026-01-06T07:02:22.385462,15.1,54.2,71.8,
2026-01-06T07:02:23.900936,0.0,54.2,71.8,
2026-01-06T07:02:29.715368,15.0,54.2,71.8,
2026-01-06T07:02:31.228267,0.2,54.2,71.8,
2026-01-06T07:02:37.085094,14.3,54.1,71.8,
2026-01-06T07:02:38.605348,0.6,54.1,71.8,
2026-01-06T07:02:44.457793,14.4,54.2,71.8,
2026-01-06T07:02:45.979212,0.2,54.2,71.8,
2026-01-06T07:02:51.772849,14.5,54.2,71.8,
2026-01-06T07:02:53.292678,0.0,54.2,71.8,
2026-01-06T07:02:59.158292,15.7,53.8,71.8,
2026-01-06T07:03:00.683519,0.4,53.8,71.8,
2026-01-06T07:03:06.569555,15.9,53.8,71.8,
2026-01-06T07:03:08.088854,0.8,53.8,71.8,
2026-01-06T07:03:13.927225,13.8,53.7,71.8,
2026-01-06T07:03:15.448607,0.6,53.6,71.8,
2026-01-06T07:03:21.244602,14.1,53.7,71.8,
2026-01-06T07:03:22.760467,0.2,53.7,71.8,
2026-01-06T07:03:28.634206,16.4,53.6,71.8,
2026-01-06T07:03:30.167514,0.0,53.6,71.8,
2026-01-06T07:03:36.019574,14.4,53.6,71.8,
2026-01-06T07:03:37.541795,0.4,53.6,71.8,
2026-01-06T07:03:43.390564,14.3,53.6,71.8,
2026-01-06T07:03:44.902557,0.2,53.6,71.8,
2026-01-06T07:03:50.763604,14.3,53.6,71.8,
2026-01-06T07:03:52.276511,0.0,53.7,71.8,
2026-01-06T07:03:58.175684,14.3,53.6,71.8,
2026-01-06T07:03:59.683182,0.0,53.6,71.8,
2026-01-06T07:04:05.559709,15.2,53.6,71.8,
2026-01-06T07:04:07.074110,0.0,53.6,71.8,
2026-01-06T07:04:12.927104,13.4,53.6,71.8,
2026-01-06T07:04:14.448648,0.0,53.6,71.8,
2026-01-06T07:04:20.307200,14.7,53.6,71.8,
2026-01-06T07:04:21.824259,0.0,53.6,71.8,
2026-01-06T07:04:27.709596,15.9,53.6,71.8,
2026-01-06T07:04:29.228669,0.0,53.6,71.8,
2026-01-06T07:04:35.044290,13.0,53.6,71.8,
2026-01-06T07:04:36.557373,0.0,53.7,71.8,
2026-01-06T07:04:42.439287,15.4,53.6,71.8,
2026-01-06T07:04:43.947255,0.2,53.6,71.8,
2026-01-06T07:04:49.845128,10.3,53.6,71.8,
2026-01-06T07:04:51.355084,0.2,53.6,71.8,
2026-01-06T07:04:57.217246,15.3,53.6,71.8,
2026-01-06T07:04:58.729768,0.2,53.6,71.8,
2026-01-06T07:05:04.648215,15.1,53.7,71.8,
2026-01-06T07:05:06.167209,0.4,53.7,71.8,
2026-01-06T07:05:12.069042,14.9,53.7,71.8,
2026-01-06T07:05:13.590164,0.0,53.7,71.8,
2026-01-06T07:05:19.455492,14.3,53.6,71.8,
2026-01-06T07:05:20.963073,0.0,53.6,71.8,
2026-01-06T07:05:26.870333,16.2,53.5,71.8,
2026-01-06T07:05:28.385393,0.4,53.5,71.8,
2026-01-06T07:05:34.217448,12.7,53.5,71.8,
2026-01-06T07:05:35.736570,0.0,53.5,71.8,
2026-01-06T07:05:41.569784,14.7,53.6,71.8,
2026-01-06T07:05:43.089662,0.0,53.5,71.8,
2026-01-06T07:05:48.931212,16.4,53.6,71.8,
2026-01-06T07:05:50.449325,0.6,53.5,71.8,
2026-01-06T07:05:56.307470,14.8,53.6,71.8,
2026-01-06T07:05:57.838175,0.0,53.6,71.8,
2026-01-06T07:06:03.686740,14.3,53.6,71.8,
2026-01-06T07:06:05.198945,0.4,53.6,71.8,
2026-01-06T07:06:11.068598,15.2,53.6,71.8,
2026-01-06T07:06:12.587183,0.0,53.6,71.8,
2026-01-06T07:06:18.461860,12.9,53.6,71.8,
2026-01-06T07:06:19.980571,0.2,53.6,71.8,
2026-01-06T07:06:25.825791,15.4,53.6,71.8,
2026-01-06T07:06:27.339923,0.0,53.6,71.8,
2026-01-06T07:06:33.191107,15.8,53.6,71.8,
2026-01-06T07:06:34.699893,0.4,53.6,71.8,
2026-01-06T07:06:40.556039,13.2,53.6,71.8,
2026-01-06T07:06:42.075121,0.2,53.6,71.8,
2026-01-06T07:06:48.015410,12.6,53.6,71.8,
2026-01-06T07:06:49.526674,0.0,53.6,71.8,
2026-01-06T07:06:55.338518,15.8,53.7,71.8,
2026-01-06T07:06:56.855668,0.0,53.7,71.8,
2026-01-06T07:07:02.674879,14.6,53.7,71.8,
2026-01-06T07:07:04.198624,0.0,53.7,71.8,
2026-01-06T07:07:10.045254,14.4,53.6,71.8,
2026-01-06T07:07:11.558901,0.0,53.6,71.8,
2026-01-06T07:07:17.426406,15.0,53.6,71.8,
2026-01-06T07:07:18.947235,0.0,53.6,71.8,
2026-01-06T07:07:24.760239,15.5,53.6,71.8,
2026-01-06T07:07:26.276336,0.0,53.6,71.8,
2026-01-06T07:07:32.118929,13.9,53.6,71.8,
2026-01-06T07:07:33.635336,0.6,53.6,71.8,
2026-01-06T07:07:39.528218,13.8,53.6,71.8,
2026-01-06T07:07:41.042653,0.2,53.6,71.8,
2026-01-06T07:07:46.954293,14.1,53.6,71.8,
2026-01-06T07:07:48.464753,0.2,53.6,71.8,
2026-01-06T07:07:54.302690,13.1,53.6,71.8,
2026-01-06T07:07:55.822990,0.0,53.6,71.8,
2026-01-06T07:08:01.738377,13.6,53.7,71.8,
2026-01-06T07:08:03.260963,0.4,53.7,71.8,
2026-01-06T07:08:09.115398,15.9,53.7,71.8,
2026-01-06T07:08:10.635745,0.0,53.7,71.8,
2026-01-06T07:08:16.486708,14.1,53.7,71.8,
2026-01-06T07:08:17.995959,0.2,53.7,71.8,
2026-01-06T07:08:23.900053,15.6,53.8,71.8,
2026-01-06T07:08:25.416506,0.0,53.8,71.8,
2026-01-06T07:08:31.323216,15.0,53.9,71.8,
2026-01-06T07:08:32.839663,0.4,53.9,71.8,
2026-01-06T07:08:38.744941,12.8,53.9,71.8,
2026-01-06T07:08:40.261156,0.0,53.9,71.8,
2026-01-06T07:08:46.180581,13.5,53.9,71.8,
2026-01-06T07:08:47.700877,0.2,53.9,71.8,
2026-01-06T07:08:53.509782,14.6,53.9,71.8,
2026-01-06T07:08:55.026495,0.0,53.9,71.8,
2026-01-06T07:09:00.900417,12.7,53.9,71.8,
2026-01-06T07:09:02.416696,0.2,53.9,71.8,
2026-01-06T07:09:08.293025,15.4,53.9,71.8,
2026-01-06T07:09:09.807700,0.4,53.9,71.8,
2026-01-06T07:09:15.653668,15.6,53.8,71.8,
2026-01-06T07:09:17.168001,0.0,53.8,71.8,
2026-01-06T07:09:23.078744,13.9,53.9,71.8,
2026-01-06T07:09:24.587331,0.4,53.9,71.8,
2026-01-06T07:09:30.470306,13.7,53.9,71.8,
2026-01-06T07:09:31.979608,0.0,53.9,71.8,
2026-01-06T07:09:37.827599,14.0,53.9,71.8,
2026-01-06T07:09:39.338714,0.0,53.9,71.8,
2026-01-06T07:09:45.202968,13.7,53.9,71.8,
2026-01-06T07:09:46.715217,0.0,53.8,71.8,
2026-01-06T07:09:52.567236,13.4,53.8,71.8,
2026-01-06T07:09:54.088921,0.8,53.8,71.8,
2026-01-06T07:09:59.962803,15.9,53.8,71.8,
2026-01-06T07:10:01.479805,0.0,53.8,71.8,
2026-01-06T07:10:07.312171,13.5,53.6,71.8,
2026-01-06T07:10:08.822107,0.2,53.6,71.8,
2026-01-06T07:10:14.701425,14.7,53.6,71.8,
2026-01-06T07:10:16.214152,0.2,53.6,71.8,
2026-01-06T07:10:22.136861,13.8,53.6,71.8,
2026-01-06T07:10:23.652046,0.2,53.6,71.8,
2026-01-06T07:10:29.526651,15.9,53.6,71.8,
2026-01-06T07:10:31.042970,0.0,53.6,71.8,
2026-01-06T07:10:36.917940,14.8,53.6,71.8,
2026-01-06T07:10:38.431490,0.0,53.6,71.8,
2026-01-06T07:10:44.306929,15.2,53.6,71.8,
2026-01-06T07:10:45.823957,0.4,53.6,71.8,
2026-01-06T07:10:51.680451,13.4,53.7,71.8,
2026-01-06T07:10:53.198881,0.2,53.6,71.8,
2026-01-06T07:10:59.072967,15.5,53.6,71.8,
2026-01-06T07:11:00.588594,0.6,53.6,71.8,
2026-01-06T07:11:06.445089,13.2,53.7,71.8,
2026-01-06T07:11:07.962922,0.4,53.6,71.8,
2026-01-06T07:11:13.818823,14.9,53.6,71.8,
2026-01-06T07:11:15.339478,0.0,53.7,71.8,
2026-01-06T07:11:21.198586,14.3,53.6,71.8,
2026-01-06T07:11:22.715096,0.2,53.6,71.8,
2026-01-06T07:11:28.616531,14.1,53.6,71.8,
2026-01-06T07:11:30.150614,0.4,53.6,71.8,
2026-01-06T07:11:36.025301,14.8,53.6,71.8,
2026-01-06T07:11:37.542523,0.2,53.6,71.8,
2026-01-06T07:11:43.432248,15.8,53.6,71.8,
2026-01-06T07:11:44.947821,0.0,53.6,71.8,
2026-01-06T07:11:50.761512,15.0,53.6,71.8,
2026-01-06T07:11:52.276894,0.0,53.7,71.8,
2026-01-06T07:11:58.169679,15.6,53.7,71.8,
2026-01-06T07:11:59.682698,0.2,53.7,71.8,
2026-01-06T07:12:05.584907,15.0,53.8,71.8,
2026-01-06T07:12:07.102548,0.8,53.8,71.8,
2026-01-06T07:12:12.943302,14.2,53.8,71.8,
2026-01-06T07:12:14.451006,0.0,53.8,71.8,
2026-01-06T07:12:20.330615,15.4,53.8,71.8,
2026-01-06T07:12:21.841115,0.4,53.9,71.8,
2026-01-06T07:12:27.734772,15.7,53.9,71.8,
2026-01-06T07:12:29.245323,0.2,53.8,71.8,
2026-01-06T07:12:35.100830,12.8,53.8,71.8,
2026-01-06T07:12:36.636948,0.2,53.8,71.8,
2026-01-06T07:12:42.504417,15.1,53.8,71.8,
2026-01-06T07:12:44.011586,0.0,53.8,71.8,
2026-01-06T07:12:49.855657,15.3,53.8,71.8,
2026-01-06T07:12:51.370974,0.2,53.8,71.8,
2026-01-06T07:12:57.190012,13.6,53.8,71.8,
2026-01-06T07:12:58.698920,0.0,53.8,71.8,
2026-01-06T07:13:04.624427,14.6,53.9,71.8,
2026-01-06T07:13:06.134942,1.0,53.8,71.8,
2026-01-06T07:13:11.996621,14.6,53.8,71.8,
2026-01-06T07:13:13.511257,0.0,53.8,71.8,
2026-01-06T07:13:19.369807,14.8,53.8,71.8,
2026-01-06T07:13:20.885635,0.0,53.8,71.8,
2026-01-06T07:13:26.720307,15.4,53.8,71.8,
2026-01-06T07:13:28.231667,0.0,53.8,71.8,
2026-01-06T07:13:34.119732,15.3,53.8,71.8,
2026-01-06T07:13:35.641764,0.0,53.8,71.8,
2026-01-06T07:13:41.493549,14.2,53.9,71.8,
2026-01-06T07:13:43.010736,0.0,53.9,71.8,
2026-01-06T07:13:48.854678,15.3,53.9,71.8,
2026-01-06T07:13:50.369561,0.8,53.8,71.8,
2026-01-06T07:13:56.260109,14.7,53.8,71.8,
2026-01-06T07:13:57.776029,0.2,53.9,71.8,
2026-01-06T07:14:03.622141,20.5,54.3,71.8,
2026-01-06T07:14:05.150460,5.3,54.3,71.8,
2026-01-06T07:14:11.009624,15.7,53.6,71.8,
2026-01-06T07:14:12.527046,0.4,53.6,71.8,
2026-01-06T07:14:18.397522,14.7,53.6,71.8,
2026-01-06T07:14:19.915395,0.2,53.6,71.8,
2026-01-06T07:14:25.749046,13.7,53.7,71.8,
2026-01-06T07:14:27.260061,0.0,53.7,71.8,
2026-01-06T07:14:33.096355,14.4,53.7,71.8,
2026-01-06T07:14:34.603309,1.4,54.0,71.8,
2026-01-06T07:14:40.498180,12.2,54.0,71.8,
2026-01-06T07:14:42.010908,0.2,54.0,71.8,
2026-01-06T07:14:47.901300,15.4,53.9,71.8,
2026-01-06T07:14:49.416718,0.0,53.9,71.8,
2026-01-06T07:14:55.302601,14.1,53.8,71.8,
2026-01-06T07:14:56.824930,0.2,53.8,71.8,
2026-01-06T07:15:02.703071,16.0,53.8,71.8,
2026-01-06T07:15:04.230828,0.0,53.8,71.8,
2026-01-06T07:15:10.067453,15.5,53.8,71.8,
2026-01-06T07:15:11.573510,0.0,53.8,71.8,
2026-01-06T07:15:17.426067,15.3,53.8,71.8,
2026-01-06T07:15:18.933721,0.2,53.8,71.8,
2026-01-06T07:15:24.888665,13.8,53.8,71.8,
2026-01-06T07:15:26.401891,0.0,53.8,71.8,
2026-01-06T07:15:32.340357,14.8,53.8,71.8,
2026-01-06T07:15:33.855695,0.6,53.8,71.8,
2026-01-06T07:15:39.668838,13.9,53.7,71.8,
2026-01-06T07:15:41.183586,0.0,53.7,71.8,
2026-01-06T07:15:47.039690,14.8,53.7,71.8,
2026-01-06T07:15:48.557653,0.0,53.7,71.8,
2026-01-06T07:15:54.394488,14.3,53.8,71.8,
2026-01-06T07:15:55.902390,0.0,53.8,71.8,
2026-01-06T07:16:01.763622,15.5,53.8,71.8,
2026-01-06T07:16:03.276162,0.2,53.8,71.8,
2026-01-06T07:16:09.126627,14.1,53.4,71.8,
2026-01-06T07:16:10.636927,0.0,53.4,71.8,
2026-01-06T07:16:16.524605,12.7,53.4,71.8,
2026-01-06T07:16:18.041771,0.0,53.4,71.8,
2026-01-06T07:16:23.885997,14.5,53.4,71.8,
2026-01-06T07:16:25.400193,0.2,53.4,71.8,
2026-01-06T07:16:31.235413,15.9,53.4,71.8,
2026-01-06T07:16:32.761647,0.0,53.4,71.8,
2026-01-06T07:16:38.637517,13.9,53.4,71.8,
2026-01-06T07:16:40.166394,0.0,53.4,71.8,
2026-01-06T07:16:46.049649,14.7,53.4,71.8,
2026-01-06T07:16:47.558694,0.2,53.4,71.8,
2026-01-06T07:16:53.406087,14.2,53.4,71.8,
2026-01-06T07:16:54.916474,0.2,53.4,71.8,
2026-01-06T07:17:00.776103,15.1,53.4,71.8,
2026-01-06T07:17:02.292537,0.0,53.4,71.8,
2026-01-06T07:17:08.149779,13.4,53.4,71.8,
2026-01-06T07:17:09.668082,0.2,53.4,71.8,
2026-01-06T07:17:15.524332,13.9,53.4,71.8,
2026-01-06T07:17:17.042250,0.0,53.4,71.8,
2026-01-06T07:17:22.888410,15.2,53.4,71.8,
2026-01-06T07:17:24.416456,0.2,53.4,71.8,
2026-01-06T07:17:30.260751,14.0,53.4,71.8,
2026-01-06T07:17:31.776870,0.6,53.4,71.8,
2026-01-06T07:17:37.649092,15.5,53.4,71.8,
2026-01-06T07:17:39.168683,0.0,53.4,71.8,
2026-01-06T07:17:45.001687,14.9,53.4,71.8,
2026-01-06T07:17:46.511183,0.0,53.4,71.8,
2026-01-06T07:17:52.375275,14.0,53.4,71.8,
2026-01-06T07:17:53.885441,0.2,53.4,71.8,
2026-01-06T07:17:59.744543,14.7,53.3,71.8,
2026-01-06T07:18:01.261789,0.8,53.3,71.8,
2026-01-06T07:18:07.091733,14.0,53.4,71.8,
2026-01-06T07:18:08.604652,0.0,53.3,71.8,
2026-01-06T07:18:14.444034,15.3,53.3,71.8,
2026-01-06T07:18:15.964013,0.2,53.3,71.8,
2026-01-06T07:18:21.855251,14.0,53.4,71.8,
2026-01-06T07:18:23.369355,0.0,53.4,71.8,
2026-01-06T07:18:29.279267,14.1,53.4,71.8,
2026-01-06T07:18:30.793166,0.2,53.4,71.8,
2026-01-06T07:18:36.685321,13.8,53.4,71.8,
2026-01-06T07:18:38.199078,0.2,53.4,71.8,
2026-01-06T07:18:44.028190,14.5,53.4,71.8,
2026-01-06T07:18:45.541294,0.0,53.4,71.8,
2026-01-06T07:18:51.448694,14.8,53.4,71.8,
2026-01-06T07:18:52.979886,0.2,53.4,71.8,
2026-01-06T07:18:58.841779,15.0,53.4,71.8,
2026-01-06T07:19:00.354682,1.6,53.4,71.8,
2026-01-06T07:19:06.234711,14.5,53.4,71.8,
2026-01-06T07:19:07.761366,0.0,53.5,71.8,
2026-01-06T07:19:13.645318,14.5,53.4,71.8,
2026-01-06T07:19:15.153187,0.2,53.4,71.8,
2026-01-06T07:19:21.030002,13.8,53.4,71.8,
2026-01-06T07:19:22.541349,0.2,53.4,71.8,
2026-01-06T07:19:28.433997,14.2,53.4,71.8,
2026-01-06T07:19:29.949664,0.0,53.4,71.8,
2026-01-06T07:19:35.873228,15.2,53.4,71.8,
2026-01-06T07:19:37.386475,0.0,53.4,71.8,
2026-01-06T07:19:43.277630,14.0,53.4,71.8,
2026-01-06T07:19:44.808199,0.2,53.4,71.8,
2026-01-06T07:19:50.657588,13.0,53.5,71.8,
2026-01-06T07:19:52.165663,0.0,53.4,71.8,
2026-01-06T07:19:58.067950,14.8,53.5,71.8,
2026-01-06T07:19:59.589761,0.2,53.5,71.8,
2026-01-06T07:20:05.420814,13.8,53.5,71.8,
2026-01-06T07:20:06.934261,0.4,53.6,71.8,
2026-01-06T07:20:12.744641,15.2,53.5,71.8,
2026-01-06T07:20:14.262142,0.0,53.5,71.8,
2026-01-06T07:20:20.146593,13.1,53.5,71.8,
2026-01-06T07:20:21.666811,0.8,53.5,71.8,
2026-01-06T07:20:27.533398,13.2,53.5,71.8,
2026-01-06T07:20:29.041984,0.0,53.5,71.8,
2026-01-06T07:20:34.901784,14.8,53.5,71.8,
2026-01-06T07:20:36.434790,0.4,53.6,71.8,
2026-01-06T07:20:42.287299,13.6,53.5,71.8,
2026-01-06T07:20:43.807747,0.6,53.5,71.8,
2026-01-06T07:20:49.687259,14.1,53.5,71.8,
2026-01-06T07:20:51.198551,1.0,53.5,71.8,
2026-01-06T07:20:57.058604,14.1,53.6,71.8,
2026-01-06T07:20:58.574314,0.2,53.6,71.8,
2026-01-06T07:21:04.469064,14.9,53.6,71.8,
2026-01-06T07:21:05.988794,1.4,53.6,71.8,
2026-01-06T07:21:11.827048,13.4,53.5,71.8,
2026-01-06T07:21:13.340054,0.0,53.5,71.8,
2026-01-06T07:21:19.231988,13.5,53.5,71.8,
2026-01-06T07:21:20.752177,0.0,53.5,71.8,
2026-01-06T07:21:26.655585,14.4,53.4,71.8,
2026-01-06T07:21:28.165975,0.0,53.4,71.8,
2026-01-06T07:21:34.054926,13.6,53.5,71.8,
2026-01-06T07:21:35.571786,0.2,53.5,71.8,
2026-01-06T07:21:41.487656,13.7,53.5,71.8,
2026-01-06T07:21:42.995583,0.0,53.5,71.8,
2026-01-06T07:21:48.828922,14.7,53.4,71.8,
2026-01-06T07:21:50.340453,0.0,53.4,71.8,
2026-01-06T07:21:56.172410,14.1,53.5,71.8,
2026-01-06T07:21:57.682999,0.0,53.5,71.8,
2026-01-06T07:22:03.548662,12.5,53.6,71.8,
2026-01-06T07:22:05.060878,0.0,53.6,71.8,
2026-01-06T07:22:10.965179,14.7,53.6,71.8,
2026-01-06T07:22:12.480237,0.0,53.6,71.8,
2026-01-06T07:22:18.324190,13.9,53.6,71.8,
2026-01-06T07:22:19.838902,0.2,53.6,71.8,
2026-01-06T07:22:25.700418,12.8,53.4,71.8,
2026-01-06T07:22:27.229234,0.2,53.4,71.8,
2026-01-06T07:22:33.077781,15.1,53.4,71.8,
2026-01-06T07:22:34.590703,0.4,53.4,71.8,
2026-01-06T07:22:40.494047,14.3,53.6,71.8,
2026-01-06T07:22:42.013287,0.6,53.6,71.8,
2026-01-06T07:22:47.850104,15.1,53.6,71.8,
2026-01-06T07:22:49.369979,0.8,53.8,71.8,
2026-01-06T07:22:55.230078,13.6,53.8,71.8,
2026-01-06T07:22:56.746243,0.0,53.8,71.8,
2026-01-06T07:23:02.617759,14.3,53.8,71.8,
2026-01-06T07:23:04.135808,0.2,53.8,71.8,
2026-01-06T07:23:09.995939,13.1,53.7,71.8,
2026-01-06T07:23:11.524864,0.0,53.7,71.8,
2026-01-06T07:23:17.416870,13.7,53.6,71.8,
2026-01-06T07:23:18.932755,0.0,53.6,71.8,
2026-01-06T07:23:24.816321,13.3,53.6,71.8,
2026-01-06T07:23:26.338809,0.0,53.6,71.8,
2026-01-06T07:23:32.229414,14.4,53.6,71.8,
2026-01-06T07:23:33.744866,0.6,53.6,71.8,
2026-01-06T07:23:39.711403,16.6,53.8,71.8,
2026-01-06T07:23:41.230197,0.0,53.7,71.8,
2026-01-06T07:23:47.088459,14.1,53.7,71.8,
2026-01-06T07:23:48.604527,0.2,53.7,71.8,
2026-01-06T07:23:54.444243,14.1,53.7,71.8,
2026-01-06T07:23:55.965597,0.0,53.7,71.8,
2026-01-06T07:24:01.846747,13.9,53.8,71.8,
2026-01-06T07:24:03.354492,0.0,53.8,71.8,
2026-01-06T07:24:09.228076,15.9,53.8,71.8,
2026-01-06T07:24:10.745516,0.0,53.8,71.8,
2026-01-06T07:24:16.575114,15.4,53.8,71.8,
2026-01-06T07:24:18.104279,0.0,53.8,71.8,
2026-01-06T07:24:23.959323,14.0,53.8,71.8,
2026-01-06T07:24:25.481432,0.0,53.8,71.8,
2026-01-06T07:24:31.322645,17.1,53.7,71.8,
2026-01-06T07:24:32.839767,0.4,53.7,71.8,
2026-01-06T07:24:38.772451,14.3,54.0,71.8,
2026-01-06T07:24:40.291069,0.0,54.0,71.8,
2026-01-06T07:24:46.148762,14.4,54.0,71.8,
2026-01-06T07:24:47.667497,0.0,54.0,71.8,
2026-01-06T07:24:53.506056,14.7,54.1,71.8,
2026-01-06T07:24:55.026901,0.0,54.1,71.8,
2026-01-06T07:25:00.874473,14.2,54.0,71.8,
2026-01-06T07:25:02.383767,0.0,54.1,71.8,
2026-01-06T07:25:08.238504,14.9,54.1,71.8,
2026-01-06T07:25:09.761369,0.0,53.9,71.8,
2026-01-06T07:25:15.609572,14.2,53.9,71.8,
2026-01-06T07:25:17.135463,0.4,53.9,71.8,
2026-01-06T07:25:22.997332,15.7,53.9,71.8,
2026-01-06T07:25:24.512816,0.2,53.9,71.8,
2026-01-06T07:25:30.396190,14.5,53.9,71.8,
2026-01-06T07:25:31.916604,0.6,53.9,71.8,
2026-01-06T07:25:37.844251,14.0,53.9,71.8,
2026-01-06T07:25:39.353977,0.6,53.9,71.8,
2026-01-06T07:25:45.238706,14.1,53.9,71.8,
2026-01-06T07:25:46.760834,0.0,53.9,71.8,
2026-01-06T07:25:52.660423,13.2,53.7,71.8,
2026-01-06T07:25:54.169091,0.2,53.7,71.8,
2026-01-06T07:26:00.121685,16.2,53.7,71.8,
2026-01-06T07:26:01.634737,0.0,53.7,71.8,
2026-01-06T07:26:07.506771,16.2,53.8,71.8,
2026-01-06T07:26:09.026742,0.2,53.7,71.8,
2026-01-06T07:26:14.916590,14.3,53.8,71.8,
2026-01-06T07:26:16.448132,0.0,53.8,71.8,
2026-01-06T07:26:22.312204,13.3,53.7,71.8,
2026-01-06T07:26:23.823784,0.0,53.7,71.8,
2026-01-06T07:26:29.695483,14.5,53.7,71.8,
2026-01-06T07:26:31.213827,0.2,53.7,71.8,
2026-01-06T07:26:37.120558,13.5,53.8,71.8,
2026-01-06T07:26:38.636446,0.0,53.7,71.8,
2026-01-06T07:26:44.509020,16.0,53.7,71.8,
2026-01-06T07:26:46.026585,0.4,53.7,71.8,
2026-01-06T07:26:51.905418,14.9,53.8,71.8,
2026-01-06T07:26:53.433395,0.2,53.8,71.8,
2026-01-06T07:26:59.280040,14.8,53.7,71.8,
2026-01-06T07:27:00.797096,0.0,53.7,71.8,
2026-01-06T07:27:06.666975,16.6,53.7,71.8,
2026-01-06T07:27:08.184330,0.0,53.7,71.8,
2026-01-06T07:27:14.071753,15.6,53.7,71.8,
2026-01-06T07:27:15.605231,0.0,53.7,71.8,
2026-01-06T07:27:21.494930,16.1,53.7,71.8,
2026-01-06T07:27:23.013640,0.0,53.7,71.8,
2026-01-06T07:27:28.877869,13.0,53.7,71.8,
2026-01-06T07:27:30.387417,0.0,53.7,71.8,
2026-01-06T07:27:36.292542,16.3,53.7,71.8,
2026-01-06T07:27:37.809946,0.0,53.7,71.8,
2026-01-06T07:27:43.707245,12.9,53.8,71.8,
2026-01-06T07:27:45.215162,0.2,53.8,71.8,
2026-01-06T07:27:51.058958,14.1,53.9,71.8,
2026-01-06T07:27:52.588533,0.0,53.9,71.8,
2026-01-06T07:27:58.466013,15.1,53.9,71.8,
2026-01-06T07:27:59.979354,0.0,53.9,71.8,
2026-01-06T07:28:05.850336,14.6,54.0,71.8,
2026-01-06T07:28:07.369499,3.5,54.1,71.8,
2026-01-06T07:28:13.277182,15.2,54.1,71.8,
2026-01-06T07:28:14.795289,0.0,54.1,71.8,
2026-01-06T07:28:20.643616,14.6,54.1,71.8,
2026-01-06T07:28:22.152978,0.0,54.1,71.8,
2026-01-06T07:28:28.039737,13.5,54.1,71.8,
2026-01-06T07:28:29.559437,0.0,54.1,71.8,
2026-01-06T07:28:35.398717,14.5,54.1,71.8,
2026-01-06T07:28:36.916977,0.2,54.1,71.8,
2026-01-06T07:28:42.778256,14.5,54.1,71.8,
2026-01-06T07:28:44.293343,0.0,54.1,71.8,
2026-01-06T07:28:50.166391,14.2,54.1,71.8,
2026-01-06T07:28:51.683255,0.4,54.0,71.8,
2026-01-06T07:28:57.581826,13.6,54.0,71.8,
2026-01-06T07:28:59.104589,0.0,54.0,71.8,
2026-01-06T07:29:04.979529,14.2,54.0,71.8,
2026-01-06T07:29:06.508387,5.9,54.4,71.8,
2026-01-06T07:29:12.366931,14.0,53.7,71.8,
2026-01-06T07:29:13.885870,0.2,53.7,71.8,
2026-01-06T07:29:19.769825,15.0,53.7,71.8,
2026-01-06T07:29:21.291553,0.2,53.7,71.8,
2026-01-06T07:29:27.183971,14.3,53.7,71.8,
2026-01-06T07:29:28.698656,0.0,53.7,71.8,
2026-01-06T07:29:34.598653,14.5,53.7,71.8,
2026-01-06T07:29:36.120546,0.4,53.7,71.8,
2026-01-06T07:29:41.997297,13.9,53.6,71.8,
2026-01-06T07:29:43.528955,0.2,53.6,71.8,
2026-01-06T07:29:49.345182,14.8,53.7,71.8,
2026-01-06T07:29:50.854795,0.0,53.7,71.8,
2026-01-06T07:29:56.731390,13.8,53.8,71.8,
2026-01-06T07:29:58.245070,0.0,53.8,71.8,
2026-01-06T07:30:04.108208,14.9,53.8,71.8,
2026-01-06T07:30:05.621912,0.2,53.8,71.8,
2026-01-06T07:30:11.489297,14.4,53.8,71.8,
2026-01-06T07:30:13.010927,0.0,53.8,71.8,
2026-01-06T07:30:18.842222,12.7,53.8,71.8,
2026-01-06T07:30:20.357418,0.0,53.8,71.8,
2026-01-06T07:30:26.291287,15.9,53.8,71.8,
2026-01-06T07:30:27.824185,0.0,53.8,71.8,
2026-01-06T07:30:33.655636,13.8,53.8,71.8,
2026-01-06T07:30:35.168234,0.2,53.8,71.8,
2026-01-06T07:30:41.044510,15.4,53.7,71.8,
2026-01-06T07:30:42.569467,0.0,53.7,71.8,
2026-01-06T07:30:48.434878,13.8,53.7,71.8,
2026-01-06T07:30:49.947850,0.0,53.7,71.8,
2026-01-06T07:30:55.811249,12.8,53.8,71.8,
2026-01-06T07:30:57.325615,0.6,53.8,71.8,
2026-01-06T07:31:03.197948,14.7,53.8,71.8,
2026-01-06T07:31:04.714360,0.2,53.8,71.8,
2026-01-06T07:31:10.609404,15.8,53.8,71.8,
2026-01-06T07:31:12.121246,0.0,53.8,71.8,
2026-01-06T07:31:17.989952,15.8,53.8,71.8,
2026-01-06T07:31:19.510504,0.0,53.8,71.8,
2026-01-06T07:31:25.387415,13.9,53.8,71.8,
2026-01-06T07:31:26.900473,0.0,53.8,71.8,
2026-01-06T07:31:32.820265,14.1,53.8,71.8,
2026-01-06T07:31:34.339952,0.4,53.8,71.8,
2026-01-06T07:31:40.212764,13.2,53.8,71.8,
2026-01-06T07:31:41.727607,0.6,53.8,71.8,
2026-01-06T07:31:47.647617,14.2,53.8,71.8,
2026-01-06T07:31:49.167960,0.6,53.8,71.8,
2026-01-06T07:31:55.028716,12.3,53.8,71.8,
2026-01-06T07:31:56.542299,0.0,53.8,71.8,
2026-01-06T07:32:02.394486,14.4,53.8,71.8,
2026-01-06T07:32:03.902453,0.2,53.8,71.8,
2026-01-06T07:32:09.774185,15.2,53.9,71.8,
2026-01-06T07:32:11.292407,0.2,53.8,71.8,
2026-01-06T07:32:17.141557,14.0,53.8,71.8,
2026-01-06T07:32:18.652431,0.4,53.8,71.8,
2026-01-06T07:32:24.513022,15.6,53.8,71.8,
2026-01-06T07:32:26.027692,0.2,53.8,71.8,
2026-01-06T07:32:31.915079,14.7,53.8,71.8,
2026-01-06T07:32:33.435129,0.2,53.8,71.8,
2026-01-06T07:32:39.261388,15.0,53.8,71.8,
2026-01-06T07:32:40.779939,0.0,53.8,71.8,
2026-01-06T07:32:46.591290,14.2,53.8,71.8,
2026-01-06T07:32:48.105181,0.0,53.8,71.8,
2026-01-06T07:32:53.986596,14.8,53.9,71.8,
2026-01-06T07:32:55.496107,0.0,53.9,71.8,
2026-01-06T07:33:01.345450,14.0,53.8,71.8,
2026-01-06T07:33:02.855359,0.0,53.8,71.8,
2026-01-06T07:33:08.714071,16.0,53.8,71.8,
2026-01-06T07:33:10.229796,0.0,53.8,71.8,
2026-01-06T07:33:16.101104,15.6,53.8,71.8,
2026-01-06T07:33:17.620466,0.2,53.8,71.8,
2026-01-06T07:33:23.484511,13.8,53.9,71.8,
2026-01-06T07:33:24.995455,0.0,53.9,71.8,
2026-01-06T07:33:30.836166,14.3,53.9,71.8,
2026-01-06T07:33:32.355428,0.0,53.9,71.8,
2026-01-06T07:33:38.186681,15.0,53.6,71.8,
2026-01-06T07:33:39.697922,0.0,53.6,71.8,
2026-01-06T07:33:45.575521,15.8,53.7,71.8,
2026-01-06T07:33:47.088832,0.0,53.7,71.8,
2026-01-06T07:33:52.995551,13.7,54.0,71.8,
2026-01-06T07:33:54.510244,0.0,54.0,71.8,
2026-01-06T07:34:00.338949,15.6,54.0,71.8,
2026-01-06T07:34:01.855336,0.2,54.0,71.8,
2026-01-06T07:34:07.736874,13.6,54.0,71.8,
2026-01-06T07:34:09.248501,0.0,54.0,71.8,
2026-01-06T07:34:15.098671,14.7,54.1,71.8,
2026-01-06T07:34:16.621777,0.0,54.0,71.8,
2026-01-06T07:34:22.498515,13.6,54.1,71.8,
2026-01-06T07:34:24.012237,0.0,54.1,71.8,
2026-01-06T07:34:29.896863,15.9,54.0,71.8,
2026-01-06T07:34:31.418627,0.0,54.0,71.8,
2026-01-06T07:34:37.292133,14.7,54.0,71.8,
2026-01-06T07:34:38.808023,0.2,54.0,71.8,
2026-01-06T07:34:44.699478,14.0,53.9,71.8,
2026-01-06T07:34:46.231356,0.0,53.9,71.8,
2026-01-06T07:34:52.089914,14.1,53.9,71.8,
2026-01-06T07:34:53.605428,0.0,53.9,71.8,
2026-01-06T07:34:59.504356,13.8,53.9,71.8,
2026-01-06T07:35:01.027066,0.6,53.9,71.8,
2026-01-06T07:35:06.879605,14.3,53.9,71.8,
2026-01-06T07:35:08.401540,0.0,53.9,71.8,
2026-01-06T07:35:14.261860,14.3,53.9,71.8,
2026-01-06T07:35:15.778712,0.0,53.9,71.8,
2026-01-06T07:35:21.653546,14.9,53.9,71.8,
2026-01-06T07:35:23.168355,0.4,53.9,71.8,
2026-01-06T07:35:29.020420,13.6,53.9,71.8,
2026-01-06T07:35:30.542706,0.2,53.9,71.8,
2026-01-06T07:35:36.378616,13.3,53.9,71.8,
2026-01-06T07:35:37.887549,0.0,53.9,71.8,
2026-01-06T07:35:43.805005,16.3,53.9,71.8,
2026-01-06T07:35:45.323179,0.0,53.9,71.8,
2026-01-06T07:35:51.138588,14.9,53.9,71.8,
2026-01-06T07:35:52.651914,0.8,53.9,71.8,
2026-01-06T07:35:58.559870,15.4,53.9,71.8,
2026-01-06T07:36:00.074219,0.2,53.9,71.8,
2026-01-06T07:36:05.937966,14.8,53.9,71.8,
2026-01-06T07:36:07.448167,0.0,54.0,71.8,
2026-01-06T07:36:13.292580,12.9,53.9,71.8,
2026-01-06T07:36:14.808617,0.2,53.9,71.8,
2026-01-06T07:36:20.654848,15.3,53.9,71.8,
2026-01-06T07:36:22.167361,0.0,54.0,71.8,
2026-01-06T07:36:28.021819,15.8,54.0,71.8,
2026-01-06T07:36:29.542767,0.0,54.0,71.8,
2026-01-06T07:36:35.361572,15.9,54.0,71.8,
2026-01-06T07:36:36.871114,0.0,53.9,71.8,
2026-01-06T07:36:42.731022,12.6,53.9,71.8,
2026-01-06T07:36:44.261920,0.4,53.9,71.8,
2026-01-06T07:36:50.127711,13.7,53.9,71.8,
2026-01-06T07:36:51.637383,0.2,53.9,71.8,
2026-01-06T07:36:57.513214,15.4,53.9,71.8,
2026-01-06T07:36:59.028724,0.2,53.9,71.8,
2026-01-06T07:37:04.930628,14.8,54.0,71.8,
2026-01-06T07:37:06.449088,1.4,53.9,71.8,
2026-01-06T07:37:12.276198,15.0,53.9,71.8,
2026-01-06T07:37:13.792889,0.4,53.9,71.8,
2026-01-06T07:37:19.632058,14.0,53.9,71.8,
2026-01-06T07:37:21.151523,0.4,53.9,71.8,
2026-01-06T07:37:26.980389,15.0,53.9,71.8,
2026-01-06T07:37:28.496055,0.0,53.9,71.8,
2026-01-06T07:37:34.329612,13.9,53.9,71.8,
2026-01-06T07:37:35.846614,0.2,53.9,71.8,
2026-01-06T07:37:41.674929,13.5,53.8,71.8,
2026-01-06T07:37:43.182755,0.0,53.8,71.8,
2026-01-06T07:37:49.106626,15.2,53.8,71.8,
2026-01-06T07:37:50.620395,0.0,53.8,71.8,
2026-01-06T07:37:56.501359,15.0,53.8,71.8,
2026-01-06T07:37:58.011084,0.0,53.8,71.8,
2026-01-06T07:38:03.859700,14.5,53.8,71.8,
2026-01-06T07:38:05.369556,0.4,53.8,71.8,
2026-01-06T07:38:11.260734,15.6,53.9,71.8,
2026-01-06T07:38:12.776974,0.0,53.9,71.8,
2026-01-06T07:38:18.655490,14.4,53.9,71.8,
2026-01-06T07:38:20.170097,0.2,53.8,71.8,
2026-01-06T07:38:26.031293,14.2,53.8,71.8,
2026-01-06T07:38:27.542344,0.0,53.8,71.8,
2026-01-06T07:38:33.457100,15.0,53.8,71.8,
2026-01-06T07:38:34.979656,0.0,53.8,71.8,
2026-01-06T07:38:40.793849,13.6,53.8,71.8,
2026-01-06T07:38:42.323743,0.4,53.8,71.8,
2026-01-06T07:38:48.174590,14.0,54.0,71.8,
2026-01-06T07:38:49.683034,0.0,54.0,71.8,
2026-01-06T07:38:55.593210,14.9,54.0,71.8,
2026-01-06T07:38:57.105462,0.4,54.0,71.8,
2026-01-06T07:39:02.999828,14.8,54.0,71.8,
2026-01-06T07:39:04.511795,0.4,54.0,71.8,
2026-01-06T07:39:10.347701,12.0,54.0,71.8,
2026-01-06T07:39:11.870849,0.0,54.0,71.8,
2026-01-06T07:39:17.725362,13.4,54.0,71.8,
2026-01-06T07:39:19.246015,0.0,54.0,71.8,
2026-01-06T07:39:25.116515,14.8,54.0,71.8,
2026-01-06T07:39:26.637036,0.0,54.0,71.8,
2026-01-06T07:39:32.482250,15.7,53.6,71.8,
2026-01-06T07:39:33.996065,0.2,53.6,71.8,
2026-01-06T07:39:39.886905,15.6,53.7,71.8,
2026-01-06T07:39:41.401763,0.2,53.7,71.8,
2026-01-06T07:39:47.214511,13.4,53.6,71.8,
2026-01-06T07:39:48.730691,0.2,53.6,71.8,
2026-01-06T07:39:54.610607,12.8,53.7,71.8,
2026-01-06T07:39:56.120167,0.2,53.6,71.8,
2026-01-06T07:40:01.980380,15.1,53.7,71.8,
2026-01-06T07:40:03.496657,0.2,53.7,71.8,
2026-01-06T07:40:09.369877,16.3,53.7,71.8,
2026-01-06T07:40:10.885801,0.0,53.7,71.8,
2026-01-06T07:40:16.787329,14.9,53.6,71.8,
2026-01-06T07:40:18.306793,0.0,53.6,71.8,
2026-01-06T07:40:24.137932,13.9,53.7,71.8,
2026-01-06T07:40:25.652235,0.6,53.6,71.8,
2026-01-06T07:40:31.462071,15.4,53.7,71.8,
2026-01-06T07:40:32.981094,0.0,53.6,71.8,
2026-01-06T07:40:38.840458,12.5,53.7,71.8,
2026-01-06T07:40:40.355801,3.3,53.7,71.8,
2026-01-06T07:40:46.276173,13.8,53.7,71.8,
2026-01-06T07:40:47.792528,0.0,53.7,71.8,
2026-01-06T07:40:53.654637,16.1,53.8,71.8,
2026-01-06T07:40:55.183746,0.0,53.7,71.8,
2026-01-06T07:41:01.047015,15.6,53.7,71.8,
2026-01-06T07:41:02.559530,0.2,53.7,71.8,
2026-01-06T07:41:08.407687,15.7,53.7,71.8,
2026-01-06T07:41:09.918335,0.0,53.7,71.8,
2026-01-06T07:41:15.759971,13.3,53.7,71.8,
2026-01-06T07:41:17.276108,0.0,53.7,71.8,
2026-01-06T07:41:23.166363,14.8,53.7,71.8,
2026-01-06T07:41:24.682473,0.6,53.7,71.8,
2026-01-06T07:41:30.495511,14.7,53.6,71.8,
2026-01-06T07:41:32.010283,0.0,53.6,71.8,
2026-01-06T07:41:37.869484,14.6,53.7,71.8,
2026-01-06T07:41:39.386067,0.0,53.7,71.8,
2026-01-06T07:41:45.275027,14.8,53.7,71.8,
2026-01-06T07:41:46.791173,0.4,53.7,71.8,
2026-01-06T07:41:52.654904,11.7,53.8,71.8,
2026-01-06T07:41:54.167478,0.0,53.7,71.8,
2026-01-06T07:42:00.010648,13.9,53.7,71.8,
2026-01-06T07:42:01.527180,0.2,53.8,71.8,
2026-01-06T07:42:07.439304,15.0,53.7,71.8,
2026-01-06T07:42:08.949569,0.6,53.7,71.8,
2026-01-06T07:42:14.834725,14.9,53.7,71.8,
2026-01-06T07:42:16.355162,0.0,53.7,71.8,
2026-01-06T07:42:22.215501,13.9,53.8,71.8,
2026-01-06T07:42:23.730045,0.2,53.7,71.8,
2026-01-06T07:42:29.605363,15.7,53.7,71.8,
2026-01-06T07:42:31.137177,0.6,53.7,71.8,
2026-01-06T07:42:37.012908,14.1,53.7,71.8,
2026-01-06T07:42:38.527584,0.2,53.7,71.8,
2026-01-06T07:42:44.416470,15.2,53.7,71.8,
2026-01-06T07:42:45.933627,0.0,53.7,71.8,
2026-01-06T07:42:51.836957,13.9,53.8,71.8,
2026-01-06T07:42:53.354525,0.0,53.8,71.8,
2026-01-06T07:42:59.225263,14.7,53.7,71.8,
2026-01-06T07:43:00.745917,0.0,53.7,71.8,
2026-01-06T07:43:06.610686,15.8,53.7,71.8,
2026-01-06T07:43:08.120503,0.0,53.7,71.8,
2026-01-06T07:43:13.986075,13.7,53.7,71.8,
2026-01-06T07:43:15.496482,0.0,53.7,71.8,
2026-01-06T07:43:21.406663,12.9,53.7,71.8,
2026-01-06T07:43:22.918091,0.2,53.7,71.8,
2026-01-06T07:43:28.786851,14.1,53.7,71.8,
2026-01-06T07:43:30.309606,0.4,53.7,71.8,
2026-01-06T07:43:36.116405,15.1,53.7,71.8,
2026-01-06T07:43:37.634976,0.0,53.7,71.8,
2026-01-06T07:43:43.490642,12.9,53.7,71.8,
2026-01-06T07:43:45.027124,0.0,53.7,71.8,
2026-01-06T07:43:50.856647,14.1,53.7,71.8,
2026-01-06T07:43:52.371270,0.4,53.8,71.8,
2026-01-06T07:43:58.179720,14.6,53.8,71.8,
2026-01-06T07:43:59.698654,0.0,53.8,71.8,
2026-01-06T07:44:05.582403,14.7,53.8,71.8,
2026-01-06T07:44:07.089677,0.2,53.8,71.8,
2026-01-06T07:44:12.997409,15.7,53.5,71.8,
2026-01-06T07:44:14.511454,0.0,53.5,71.8,
2026-01-06T07:44:20.401475,15.6,53.5,71.8,
2026-01-06T07:44:21.930490,0.0,53.5,71.8,
2026-01-06T07:44:27.782298,14.5,53.5,71.8,
2026-01-06T07:44:29.292984,0.0,53.5,71.8,
2026-01-06T07:44:35.165045,14.3,53.5,71.8,
2026-01-06T07:44:36.682839,0.4,53.5,71.8,
2026-01-06T07:44:42.576345,15.3,53.5,71.8,
2026-01-06T07:44:44.092491,0.0,53.5,71.8,
2026-01-06T07:44:49.976461,14.9,53.5,71.8,
2026-01-06T07:44:51.495857,0.2,53.5,71.8,
2026-01-06T07:44:57.403254,14.4,53.6,71.8,
2026-01-06T07:44:58.917444,0.0,53.5,71.8,
2026-01-06T07:45:04.844792,14.1,53.5,71.8,
2026-01-06T07:45:06.355306,0.6,53.5,71.8,
2026-01-06T07:45:12.194362,15.1,53.5,71.8,
2026-01-06T07:45:13.714225,0.2,53.5,71.8,
2026-01-06T07:45:19.555062,16.0,53.5,71.8,
2026-01-06T07:45:21.072976,0.4,53.5,71.8,
2026-01-06T07:45:26.962878,15.8,53.5,71.8,
2026-01-06T07:45:28.480186,0.0,53.5,71.8,
2026-01-06T07:45:34.333997,15.3,53.5,71.8,
2026-01-06T07:45:35.849913,0.0,53.5,71.8,
2026-01-06T07:45:41.711557,15.5,53.5,71.8,
2026-01-06T07:45:43.229792,0.2,53.5,71.8,
2026-01-06T07:45:49.117574,15.0,53.5,71.8,
2026-01-06T07:45:50.636853,0.0,53.5,71.8,
2026-01-06T07:45:56.492357,13.4,53.6,71.8,
2026-01-06T07:45:58.011847,0.2,53.6,71.8,
2026-01-06T07:46:03.900568,16.5,53.6,71.8,
2026-01-06T07:46:05.418346,0.4,53.6,71.8,
2026-01-06T07:46:11.280899,14.7,53.6,71.8,
2026-01-06T07:46:12.793738,0.0,53.6,71.8,
2026-01-06T07:46:18.668369,14.9,53.6,71.8,
2026-01-06T07:46:20.183790,0.0,53.5,71.8,
2026-01-06T07:46:26.105666,15.4,53.6,71.8,
2026-01-06T07:46:27.636863,0.2,53.6,71.8,
2026-01-06T07:46:33.462692,14.0,53.6,71.8,
2026-01-06T07:46:34.981071,0.0,53.6,71.8,
2026-01-06T07:46:40.804009,15.1,53.6,71.8,
2026-01-06T07:46:42.325378,0.0,53.6,71.8,
2026-01-06T07:46:48.195785,15.8,53.6,71.8,
2026-01-06T07:46:49.714783,0.2,53.6,71.8,
2026-01-06T07:46:55.545729,14.0,53.6,71.8,
2026-01-06T07:46:57.058582,1.9,53.6,71.8,
2026-01-06T07:47:02.963999,14.6,53.6,71.8,
2026-01-06T07:47:04.480185,0.4,53.6,71.8,
2026-01-06T07:47:10.331289,14.4,53.6,71.8,
2026-01-06T07:47:11.840393,0.2,53.6,71.8,
2026-01-06T07:47:17.737196,14.1,53.6,71.8,
2026-01-06T07:47:19.246379,0.0,53.5,71.8,
2026-01-06T07:47:25.146003,14.5,53.6,71.8,
2026-01-06T07:47:26.668848,0.2,53.6,71.8,
2026-01-06T07:47:32.515485,14.1,53.5,71.8,
2026-01-06T07:47:34.027010,0.2,53.5,71.8,
2026-01-06T07:47:39.885011,14.8,53.5,71.8,
2026-01-06T07:47:41.402958,0.0,53.5,71.8,
2026-01-06T07:47:47.268911,15.0,53.5,71.8,
2026-01-06T07:47:48.776735,0.0,53.5,71.8,
2026-01-06T07:47:54.629863,15.9,53.6,71.8,
2026-01-06T07:47:56.134705,0.2,53.6,71.8,
2026-01-06T07:48:02.032136,16.0,53.7,71.8,
2026-01-06T07:48:03.543890,0.2,53.7,71.8,
2026-01-06T07:48:09.444970,12.4,53.7,71.8,
2026-01-06T07:48:10.963979,0.4,53.7,71.8,
2026-01-06T07:48:16.834344,14.3,53.7,71.8,
2026-01-06T07:48:18.355296,0.2,53.7,71.8,
2026-01-06T07:48:24.209674,14.9,53.7,71.8,
2026-01-06T07:48:25.746583,0.0,53.7,71.8,
2026-01-06T07:48:31.603719,14.3,53.8,71.8,
2026-01-06T07:48:33.120289,0.2,53.8,71.8,
2026-01-06T07:48:38.995801,15.4,53.8,71.8,
2026-01-06T07:48:40.510385,0.0,53.7,71.8,
2026-01-06T07:48:46.444969,15.9,53.8,71.8,
2026-01-06T07:48:47.966286,0.0,53.8,71.8,
2026-01-06T07:48:53.818186,13.9,53.8,71.8,
2026-01-06T07:48:55.355059,0.2,53.7,71.8,
2026-01-06T07:49:01.222059,14.5,53.7,71.8,
2026-01-06T07:49:02.729180,0.0,53.7,71.8,
2026-01-06T07:49:08.571859,14.5,53.7,71.8,
2026-01-06T07:49:10.089641,0.0,53.7,71.8,
2026-01-06T07:49:15.945869,14.8,53.7,71.8,
2026-01-06T07:49:17.464046,0.4,53.7,71.8,
2026-01-06T07:49:23.298651,15.8,53.7,71.8,
2026-01-06T07:49:24.823615,0.2,53.7,71.8,
2026-01-06T07:49:30.653853,13.8,53.6,71.8,
2026-01-06T07:49:32.167715,0.0,53.6,71.8,
2026-01-06T07:49:38.043458,14.0,53.7,71.8,
2026-01-06T07:49:39.559900,0.0,53.7,71.8,
2026-01-06T07:49:45.418350,14.3,53.7,71.8,
2026-01-06T07:49:46.933648,0.4,53.7,71.8,
2026-01-06T07:49:52.812374,13.8,53.7,71.8,
2026-01-06T07:49:54.322964,0.2,53.7,71.8,
2026-01-06T07:50:00.190438,15.4,53.7,71.8,
2026-01-06T07:50:01.699871,0.2,53.8,71.8,
2026-01-06T07:50:07.555269,14.8,53.8,71.8,
2026-01-06T07:50:09.074440,0.0,53.7,71.8,
2026-01-06T07:50:14.904351,14.9,53.8,71.8,
2026-01-06T07:50:16.418087,0.2,53.8,71.8,
2026-01-06T07:50:22.272559,13.9,53.8,71.8,
2026-01-06T07:50:23.808428,0.0,53.8,71.8,
2026-01-06T07:50:29.649551,14.2,53.7,71.8,
2026-01-06T07:50:31.167727,0.0,53.7,71.8,
2026-01-06T07:50:37.055338,14.0,54.0,71.8,
2026-01-06T07:50:38.573278,0.0,54.0,71.8,
2026-01-06T07:50:44.459031,14.1,53.7,71.8,
2026-01-06T07:50:45.980291,0.0,53.7,71.8,
2026-01-06T07:50:51.783176,15.5,53.8,71.8,
2026-01-06T07:50:53.292562,0.2,53.8,71.8,
2026-01-06T07:50:59.237011,14.0,53.8,71.8,
2026-01-06T07:51:00.751859,0.4,53.8,71.8,
2026-01-06T07:51:06.668388,16.3,53.8,71.8,
2026-01-06T07:51:08.182997,0.0,53.8,71.8,
2026-01-06T07:51:14.010043,14.9,53.7,71.8,
2026-01-06T07:51:15.526957,0.2,53.7,71.8,
2026-01-06T07:51:21.353094,15.2,53.8,71.8,
2026-01-06T07:51:22.871336,0.2,53.7,71.8,
2026-01-06T07:51:28.734246,14.7,53.5,71.8,
2026-01-06T07:51:30.245624,0.0,53.5,71.8,
2026-01-06T07:51:36.156846,13.4,53.6,71.8,
2026-01-06T07:51:37.668100,0.2,53.7,71.8,
2026-01-06T07:51:43.520999,14.5,53.7,71.8,
2026-01-06T07:51:45.042419,0.0,53.7,71.8,
2026-01-06T07:51:50.926286,14.8,53.6,71.8,
2026-01-06T07:51:52.446444,0.4,53.6,71.8,
2026-01-06T07:51:58.307196,14.6,53.7,71.8,
2026-01-06T07:51:59.822380,0.2,53.7,71.8,
2026-01-06T07:52:05.709650,15.0,53.7,71.8,
2026-01-06T07:52:07.229854,0.0,53.7,71.8,
2026-01-06T07:52:13.168656,13.1,53.7,71.8,
2026-01-06T07:52:14.683437,0.0,53.7,71.8,
2026-01-06T07:52:20.535470,14.4,53.7,71.8,
2026-01-06T07:52:22.057470,0.4,53.7,71.8,
2026-01-06T07:52:27.965836,15.0,53.7,71.8,
2026-01-06T07:52:29.480437,0.0,53.7,71.8,
2026-01-06T07:52:35.366107,14.2,53.7,71.8,
2026-01-06T07:52:36.886782,0.0,53.8,71.8,
2026-01-06T07:52:42.750074,14.9,53.8,71.8,
2026-01-06T07:52:44.261088,0.0,53.7,71.8,
2026-01-06T07:52:50.111932,14.3,53.7,71.8,
2026-01-06T07:52:51.619031,0.2,53.7,71.8,
2026-01-06T07:52:57.458889,14.6,53.7,71.8,
2026-01-06T07:52:58.979420,0.6,53.7,71.8,
2026-01-06T07:53:04.832799,15.5,53.7,71.8,
2026-01-06T07:53:06.356196,0.2,53.7,71.8,
2026-01-06T07:53:12.221533,14.5,53.7,71.8,
2026-01-06T07:53:13.727541,0.2,53.7,71.8,
2026-01-06T07:53:19.563062,14.8,53.7,71.8,
2026-01-06T07:53:21.071415,0.2,53.7,71.8,
2026-01-06T07:53:26.940137,14.8,53.7,71.8,
2026-01-06T07:53:28.449054,0.2,53.6,71.8,
2026-01-06T07:53:34.395605,16.1,53.6,71.8,
2026-01-06T07:53:35.917744,0.0,53.6,71.8,
2026-01-06T07:53:41.733228,14.9,53.7,71.8,
2026-01-06T07:53:43.244727,0.4,53.6,71.8,
2026-01-06T07:53:49.161039,14.8,53.6,71.8,
2026-01-06T07:53:50.680705,0.4,53.6,71.8,
2026-01-06T07:53:56.536605,16.2,53.7,71.8,
2026-01-06T07:53:58.058537,0.6,53.8,71.8,
2026-01-06T07:54:03.963127,14.9,53.8,71.8,
2026-01-06T07:54:05.478235,0.6,53.8,71.8,
2026-01-06T07:54:11.361986,14.9,53.8,71.8,
2026-01-06T07:54:12.885310,0.4,53.8,71.8,
2026-01-06T07:54:18.727171,14.5,53.8,71.8,
2026-01-06T07:54:20.245155,0.2,53.8,71.8,
2026-01-06T07:54:26.109178,14.8,53.8,71.8,
2026-01-06T07:54:27.620493,0.2,53.8,71.8,
2026-01-06T07:54:33.481153,15.0,53.8,71.8,
2026-01-06T07:54:34.996300,0.4,53.8,71.8,
2026-01-06T07:54:40.894834,14.5,53.8,71.8,
2026-01-06T07:54:42.402293,0.0,53.8,71.8,
2026-01-06T07:54:48.303018,16.0,53.8,71.8,
2026-01-06T07:54:49.823557,0.2,53.8,71.8,
2026-01-06T07:54:55.637655,14.2,53.9,71.8,
2026-01-06T07:54:57.152213,0.4,53.9,71.8,
2026-01-06T07:55:03.057390,14.8,53.7,71.8,
2026-01-06T07:55:04.572985,0.0,53.7,71.8,
2026-01-06T07:55:10.450680,13.8,53.7,71.8,
2026-01-06T07:55:11.980699,0.0,53.7,71.8,
2026-01-06T07:55:17.795114,13.6,53.7,71.8,
2026-01-06T07:55:19.307212,0.4,53.7,71.8,
2026-01-06T07:55:25.151840,15.7,53.7,71.8,
2026-01-06T07:55:26.667122,0.0,53.7,71.8,
2026-01-06T07:55:32.600645,14.4,53.7,71.8,
2026-01-06T07:55:34.120944,0.0,53.7,71.8,
2026-01-06T07:55:40.026420,16.0,53.7,71.8,
2026-01-06T07:55:41.542446,0.2,53.7,71.8,
2026-01-06T07:55:47.355785,15.5,53.7,71.8,
2026-01-06T07:55:48.871006,0.0,53.7,71.8,
2026-01-06T07:55:54.730022,13.9,53.7,71.8,
2026-01-06T07:55:56.246494,0.2,53.7,71.8,
2026-01-06T07:56:02.082122,14.7,53.8,71.8,
2026-01-06T07:56:03.588908,0.6,53.8,71.8,
2026-01-06T07:56:09.441697,14.8,53.7,71.8,
2026-01-06T07:56:10.949639,0.0,53.7,71.8,
2026-01-06T07:56:16.833571,15.7,53.7,71.8,
2026-01-06T07:56:18.355972,0.2,53.7,71.8,
2026-01-06T07:56:24.188582,14.5,53.8,71.8,
2026-01-06T07:56:25.698731,0.4,53.7,71.8,
2026-01-06T07:56:31.593644,13.4,53.7,71.8,
2026-01-06T07:56:33.104939,0.2,53.7,71.8,
2026-01-06T07:56:39.026194,12.5,53.8,71.8,
2026-01-06T07:56:40.542835,0.2,53.8,71.8,
2026-01-06T07:56:46.413846,16.4,53.7,71.8,
2026-01-06T07:56:47.948776,0.2,53.7,71.8,
2026-01-06T07:56:53.820142,15.2,53.8,71.8,
2026-01-06T07:56:55.339294,0.0,53.8,71.8,
2026-01-06T07:57:01.210521,14.1,53.7,71.8,
2026-01-06T07:57:02.730104,0.0,53.8,71.8,
2026-01-06T07:57:08.621647,13.7,53.7,71.8,
2026-01-06T07:57:10.134627,0.0,53.7,71.8,
2026-01-06T07:57:15.998309,13.6,53.7,71.8,
2026-01-06T07:57:17.511588,0.0,53.7,71.8,
2026-01-06T07:57:23.423339,14.5,53.6,71.8,
2026-01-06T07:57:24.934701,0.0,53.6,71.8,
2026-01-06T07:57:30.800895,15.5,53.7,71.8,
2026-01-06T07:57:32.324000,0.0,53.7,71.8,
2026-01-06T07:57:38.217369,14.7,53.7,71.8,
2026-01-06T07:57:39.729069,0.0,53.7,71.8,
2026-01-06T07:57:45.634330,13.8,53.7,71.8,
2026-01-06T07:57:47.150718,0.0,53.7,71.8,
2026-01-06T07:57:53.007820,14.9,53.8,71.8,
2026-01-06T07:57:54.527000,0.0,53.8,71.8,
2026-01-06T07:58:00.345156,13.4,53.7,71.8,
2026-01-06T07:58:01.853856,0.0,53.7,71.8,
2026-01-06T07:58:07.698794,13.8,53.8,71.8,
2026-01-06T07:58:09.215443,0.2,53.8,71.8,
2026-01-06T07:58:15.120663,14.6,53.8,71.8,
2026-01-06T07:58:16.635679,0.0,53.8,71.8,
2026-01-06T07:58:22.511512,15.0,53.8,71.8,
2026-01-06T07:58:24.043165,0.0,53.8,71.8,
2026-01-06T07:58:29.917722,14.1,53.8,71.8,
2026-01-06T07:58:31.449732,0.0,53.8,71.8,
2026-01-06T07:58:37.263716,15.5,53.8,71.8,
2026-01-06T07:58:38.777830,0.2,53.8,71.8,
2026-01-06T07:58:44.644797,13.9,53.8,71.8,
2026-01-06T07:58:46.152738,0.0,53.8,71.8,
2026-01-06T07:58:52.034176,13.9,53.8,71.8,
2026-01-06T07:58:53.542245,0.2,53.8,71.8,
2026-01-06T07:58:59.426650,14.4,53.8,71.8,
2026-01-06T07:59:00.936377,0.0,53.8,71.8,
2026-01-06T07:59:06.820097,14.5,53.9,71.8,
2026-01-06T07:59:08.338476,0.0,53.9,71.8,
2026-01-06T07:59:14.235769,16.8,53.6,71.8,
2026-01-06T07:59:15.743527,0.0,53.6,71.8,
2026-01-06T07:59:21.605153,14.4,53.6,71.8,
2026-01-06T07:59:23.136835,0.2,53.6,71.8,
2026-01-06T07:59:28.979054,13.8,53.6,71.8,
2026-01-06T07:59:30.496225,0.0,53.6,71.8,
2026-01-06T07:59:36.370035,13.8,53.6,71.8,
2026-01-06T07:59:37.886581,0.2,53.7,71.8,
2026-01-06T07:59:43.742117,14.7,53.6,71.8,
2026-01-06T07:59:45.261736,0.0,53.6,71.8,
2026-01-06T07:59:51.115991,15.3,53.7,71.8,
2026-01-06T07:59:52.634392,0.0,53.7,71.8,
2026-01-06T07:59:58.465259,14.3,53.7,71.8,
2026-01-06T07:59:59.980994,0.0,53.7,71.8,
2026-01-06T08:00:05.862007,14.1,53.6,71.8,
2026-01-06T08:00:07.370549,0.0,53.6,71.8,
2026-01-06T08:00:13.229507,14.9,53.7,71.8,
2026-01-06T08:00:14.746625,0.0,53.7,71.8,
2026-01-06T08:00:20.576352,16.2,53.7,71.8,
2026-01-06T08:00:22.089229,0.8,53.7,71.8,
2026-01-06T08:00:27.920325,14.8,53.7,71.8,
2026-01-06T08:00:29.433954,0.0,53.7,71.8,
2026-01-06T08:00:35.305970,14.6,53.7,71.8,
2026-01-06T08:00:36.825109,0.0,53.6,71.8,
2026-01-06T08:00:42.702037,14.5,53.7,71.8,
2026-01-06T08:00:44.216741,0.6,53.7,71.8,
2026-01-06T08:00:50.035492,13.5,53.7,71.8,
2026-01-06T08:00:51.543158,0.2,53.7,71.8,
2026-01-06T08:00:57.358899,15.0,53.7,71.8,
2026-01-06T08:00:58.870204,0.0,53.7,71.8,
2026-01-06T08:01:04.713501,15.4,53.8,71.8,
2026-01-06T08:01:06.229469,0.2,53.7,71.8,
2026-01-06T08:01:12.068538,14.7,53.8,71.8,
2026-01-06T08:01:13.590106,0.2,53.8,71.8,
2026-01-06T08:01:19.400732,14.8,53.8,71.8,
2026-01-06T08:01:20.919143,0.0,53.8,71.8,
2026-01-06T08:01:26.768846,15.7,53.9,71.8,
2026-01-06T08:01:28.277169,0.2,53.9,71.8,
2026-01-06T08:01:34.111050,15.1,53.7,71.8,
2026-01-06T08:01:35.626684,0.0,53.7,71.8,
2026-01-06T08:01:41.454685,14.7,53.7,71.8,
2026-01-06T08:01:42.964041,0.0,53.7,71.8,
2026-01-06T08:01:48.823395,14.0,53.7,71.8,
2026-01-06T08:01:50.341140,0.6,53.7,71.8,
2026-01-06T08:01:56.221257,14.8,53.7,71.8,
2026-01-06T08:01:57.731246,0.2,53.8,71.8,
2026-01-06T08:02:03.622501,14.7,53.8,71.8,
2026-01-06T08:02:05.134625,0.0,53.8,71.8,
2026-01-06T08:02:11.033863,13.9,53.8,71.8,
2026-01-06T08:02:12.544375,0.6,53.8,71.8,
2026-01-06T08:02:18.419522,12.8,53.8,71.8,
2026-01-06T08:02:19.932472,0.0,53.8,71.8,
2026-01-06T08:02:25.819116,13.2,53.8,71.8,
2026-01-06T08:02:27.354881,0.0,53.8,71.8,
2026-01-06T08:02:33.241636,15.1,53.8,71.8,
2026-01-06T08:02:34.764000,0.2,53.8,71.8,
2026-01-06T08:02:40.623134,14.0,53.8,71.8,
2026-01-06T08:02:42.135482,0.8,53.8,71.8,
2026-01-06T08:02:48.013896,13.0,53.7,71.8,
2026-01-06T08:02:49.527657,0.0,53.7,71.8,
2026-01-06T08:02:55.471028,13.6,53.8,71.8,
2026-01-06T08:02:56.980143,2.8,53.9,71.8,
2026-01-06T08:03:02.896494,14.9,54.0,71.8,
2026-01-06T08:03:04.417657,0.0,54.1,71.8,
2026-01-06T08:03:10.228134,15.2,53.9,71.8,
2026-01-06T08:03:11.747291,0.0,53.9,71.8,
2026-01-06T08:03:17.612859,13.7,53.9,71.8,
2026-01-06T08:03:19.121196,0.2,53.9,71.8,
2026-01-06T08:03:24.945419,15.6,53.9,71.8,
2026-01-06T08:03:26.464339,0.2,53.9,71.8,
2026-01-06T08:03:32.336332,14.0,53.8,71.8,
2026-01-06T08:03:33.856600,0.0,53.8,71.8,
2026-01-06T08:03:39.690001,13.8,53.8,71.8,
2026-01-06T08:03:41.198998,0.8,53.8,71.8,
2026-01-06T08:03:47.122384,15.8,53.8,71.8,
2026-01-06T08:03:48.638135,0.4,53.8,71.8,
2026-01-06T08:03:54.513795,15.5,53.8,71.8,
2026-01-06T08:03:56.026602,0.2,53.8,71.8,
2026-01-06T08:04:01.926282,13.3,53.8,71.8,
2026-01-06T08:04:03.450109,0.2,53.8,71.8,
2026-01-06T08:04:09.315284,15.7,53.8,71.8,
2026-01-06T08:04:10.823509,0.0,53.8,71.8,
2026-01-06T08:04:16.667317,15.5,53.8,71.8,
2026-01-06T08:04:18.184216,0.0,53.8,71.8,
2026-01-06T08:04:24.063975,14.7,53.8,71.8,
2026-01-06T08:04:25.573954,0.6,53.8,71.8,
2026-01-06T08:04:31.496397,13.2,53.8,71.8,
2026-01-06T08:04:33.012810,0.0,53.8,71.8,
2026-01-06T08:04:38.834146,13.5,53.8,71.8,
2026-01-06T08:04:40.341917,0.2,53.8,71.8,
2026-01-06T08:04:46.268852,13.8,53.8,71.8,
2026-01-06T08:04:47.778278,0.0,53.8,71.8,
2026-01-06T08:04:53.647142,15.3,53.8,71.8,
2026-01-06T08:04:55.166212,0.0,53.8,71.8,
2026-01-06T08:05:01.005758,13.2,53.8,71.8,
2026-01-06T08:05:02.527749,0.0,53.9,71.8,
2026-01-06T08:05:08.397140,14.9,53.8,71.8,
2026-01-06T08:05:09.918918,0.4,53.8,71.8,
2026-01-06T08:05:15.805547,14.1,53.8,71.8,
2026-01-06T08:05:17.323918,0.0,53.8,71.8,
2026-01-06T08:05:23.180650,15.2,53.6,71.8,
2026-01-06T08:05:24.698358,0.2,53.6,71.8,
2026-01-06T08:05:30.546278,15.9,53.6,71.8,
2026-01-06T08:05:32.057705,0.4,53.6,71.8,
2026-01-06T08:05:37.957066,13.6,53.6,71.8,
2026-01-06T08:05:39.467142,0.2,53.6,71.8,
2026-01-06T08:05:45.331610,14.0,53.6,71.8,
2026-01-06T08:05:46.853836,0.6,53.6,71.8,
2026-01-06T08:05:52.720327,16.2,53.7,71.8,
2026-01-06T08:05:54.230754,0.2,53.6,71.8,
2026-01-06T08:06:00.074418,14.5,53.7,71.8,
2026-01-06T08:06:01.589693,0.0,53.6,71.8,
2026-01-06T08:06:07.416788,15.0,53.7,71.8,
2026-01-06T08:06:08.933647,0.0,53.6,71.8,
2026-01-06T08:06:14.791344,14.6,53.6,71.8,
2026-01-06T08:06:16.309250,0.0,53.8,71.8,
2026-01-06T08:06:22.184338,14.7,53.8,71.8,
2026-01-06T08:06:23.698582,0.4,53.8,71.8,
2026-01-06T08:06:29.595318,14.6,53.9,71.8,
2026-01-06T08:06:31.105147,0.4,53.8,71.8,
2026-01-06T08:06:36.994593,15.9,53.8,71.8,
2026-01-06T08:06:38.509542,0.0,53.8,71.8,
2026-01-06T08:06:44.324324,15.6,53.8,71.8,
2026-01-06T08:06:45.838994,0.6,53.8,71.8,
2026-01-06T08:06:51.727758,13.8,53.9,71.8,
2026-01-06T08:06:53.245906,0.2,53.8,71.8,
2026-01-06T08:06:59.126352,15.2,53.9,71.8,
2026-01-06T08:07:00.637829,0.4,53.9,71.8,
2026-01-06T08:07:06.556459,15.5,53.9,71.8,
2026-01-06T08:07:08.074974,0.0,53.9,71.8,
2026-01-06T08:07:13.931843,15.2,53.8,71.8,
2026-01-06T08:07:15.448192,0.0,53.8,71.8,
2026-01-06T08:07:21.275228,14.1,53.8,71.8,
2026-01-06T08:07:22.793355,0.0,53.8,71.8,
2026-01-06T08:07:28.656372,13.9,53.8,71.8,
2026-01-06T08:07:30.167648,0.2,53.8,71.8,
2026-01-06T08:07:36.057858,14.8,53.8,71.8,
2026-01-06T08:07:37.571114,0.0,53.8,71.8,
2026-01-06T08:07:43.476158,13.3,53.8,71.8,
2026-01-06T08:07:44.995738,0.0,53.8,71.8,
2026-01-06T08:07:50.817092,13.8,53.8,71.8,
2026-01-06T08:07:52.340103,0.0,53.8,71.8,
2026-01-06T08:07:58.187287,15.2,53.8,71.8,
2026-01-06T08:07:59.698919,0.0,53.8,71.8,
2026-01-06T08:08:05.599309,13.4,53.8,71.8,
2026-01-06T08:08:07.120416,0.0,53.8,71.8,
2026-01-06T08:08:12.989026,13.5,53.8,71.8,
2026-01-06T08:08:14.496384,0.2,53.8,71.8,
2026-01-06T08:08:20.374761,13.3,54.0,71.8,
2026-01-06T08:08:21.900660,0.8,54.0,71.8,
2026-01-06T08:08:27.700053,15.7,54.0,71.8,
2026-01-06T08:08:29.215103,0.4,54.0,71.8,
2026-01-06T08:08:35.105910,14.1,54.0,71.8,
2026-01-06T08:08:36.621508,0.2,53.8,71.8,
2026-01-06T08:08:42.415162,13.5,53.9,71.8,
2026-01-06T08:08:43.933374,0.6,53.9,71.8,
2026-01-06T08:08:49.721569,14.3,53.9,71.8,
2026-01-06T08:08:51.229774,0.8,53.9,71.8,
2026-01-06T08:08:57.127669,14.3,53.9,71.8,
2026-01-06T08:08:58.636321,0.0,53.9,71.8,
2026-01-06T08:09:04.494265,14.5,53.9,71.8,
2026-01-06T08:09:06.009966,0.0,53.9,71.8,
2026-01-06T08:09:11.809235,15.5,54.0,71.8,
2026-01-06T08:09:13.324203,0.0,54.1,71.8,
2026-01-06T08:09:19.230106,13.9,54.0,71.8,
2026-01-06T08:09:20.751727,0.0,54.0,71.8,
2026-01-06T08:09:26.603008,13.1,54.1,71.8,
2026-01-06T08:09:28.122615,0.0,54.1,71.8,
2026-01-06T08:09:33.963223,15.7,54.1,71.8,
2026-01-06T08:09:35.479882,0.2,54.1,71.8,
2026-01-06T08:09:41.314074,15.8,54.1,71.8,
2026-01-06T08:09:42.823966,0.0,54.1,71.8,
2026-01-06T08:09:48.683702,14.7,54.1,71.8,
2026-01-06T08:09:50.199218,0.0,54.1,71.8,
2026-01-06T08:09:56.103263,16.3,54.1,71.8,
2026-01-06T08:09:57.620654,0.2,54.1,71.8,
2026-01-06T08:10:03.496357,13.2,54.2,71.8,
2026-01-06T08:10:05.011190,0.0,54.2,71.8,
2026-01-06T08:10:10.883913,14.6,54.0,71.8,
2026-01-06T08:10:12.402890,0.2,54.0,71.8,
2026-01-06T08:10:18.242742,14.4,54.0,71.8,
2026-01-06T08:10:19.761644,0.2,54.0,71.8,
2026-01-06T08:10:25.660130,11.7,54.1,71.8,
2026-01-06T08:10:27.167933,0.0,54.1,71.8,
2026-01-06T08:10:33.072369,13.6,54.1,71.8,
2026-01-06T08:10:34.589187,0.0,54.0,71.8,
2026-01-06T08:10:40.463306,14.6,54.0,71.8,
2026-01-06T08:10:41.979742,0.0,54.0,71.8,
2026-01-06T08:10:47.773022,14.3,54.0,71.8,
2026-01-06T08:10:49.292722,0.4,54.0,71.8,
2026-01-06T08:10:55.093090,14.5,54.1,71.8,
2026-01-06T08:10:56.605026,0.2,54.0,71.8,
2026-01-06T08:11:02.467246,14.6,54.1,71.8,
2026-01-06T08:11:03.983115,0.0,54.1,71.8,
2026-01-06T08:11:09.820288,15.6,54.1,71.8,
2026-01-06T08:11:11.337704,0.4,54.1,71.8,
2026-01-06T08:11:17.191750,15.2,53.9,71.8,
2026-01-06T08:11:18.700333,0.2,53.9,71.8,
2026-01-06T08:11:24.615104,13.5,53.9,71.8,
2026-01-06T08:11:26.136519,0.0,53.9,71.8,
2026-01-06T08:11:32.013010,15.0,53.9,71.8,
2026-01-06T08:11:33.526477,0.0,53.9,71.8,
2026-01-06T08:11:39.401657,15.6,53.9,71.8,
2026-01-06T08:11:40.916641,0.0,53.9,71.8,
2026-01-06T08:11:46.757016,12.6,53.9,71.8,
2026-01-06T08:11:48.277786,0.0,53.9,71.8,
2026-01-06T08:11:54.127358,14.9,53.9,71.8,
2026-01-06T08:11:55.637183,0.0,53.9,71.8,
2026-01-06T08:12:01.562438,16.6,54.0,71.8,
2026-01-06T08:12:03.073593,0.0,54.0,71.8,
2026-01-06T08:12:08.953615,15.1,53.9,71.8,
2026-01-06T08:12:10.465746,0.2,53.9,71.8,
2026-01-06T08:12:16.345822,14.0,53.9,71.8,
2026-01-06T08:12:17.855818,0.2,53.9,71.8,
2026-01-06T08:12:23.693916,14.6,53.9,71.8,
2026-01-06T08:12:25.213756,0.2,53.9,71.8,
2026-01-06T08:12:31.140913,16.1,53.9,71.8,
2026-01-06T08:12:32.652451,0.0,53.9,71.8,
2026-01-06T08:12:38.541055,15.5,53.9,71.8,
2026-01-06T08:12:40.058481,0.0,53.9,71.8,
2026-01-06T08:12:45.947926,15.5,53.9,71.8,
2026-01-06T08:12:47.464648,0.0,53.9,71.8,
2026-01-06T08:12:53.353814,15.6,54.0,71.8,
2026-01-06T08:12:54.871455,0.6,54.0,71.8,
2026-01-06T08:13:00.783294,13.3,54.0,71.8,
2026-01-06T08:13:02.292604,0.0,54.0,71.8,
2026-01-06T08:13:08.162363,14.4,54.1,71.8,
2026-01-06T08:13:09.668645,0.0,54.1,71.8,
2026-01-06T08:13:15.544236,15.7,54.1,71.8,
2026-01-06T08:13:17.057927,0.0,54.1,71.8,
2026-01-06T08:13:22.908925,13.5,54.1,71.8,
2026-01-06T08:13:24.419302,0.2,54.1,71.8,
2026-01-06T08:13:30.299513,13.4,54.0,71.8,
2026-01-06T08:13:31.807607,0.0,54.0,71.8,
2026-01-06T08:13:37.705172,14.1,54.0,71.8,
2026-01-06T08:13:39.213976,0.4,54.0,71.8,
2026-01-06T08:13:45.122422,15.4,54.0,71.8,
2026-01-06T08:13:46.651381,0.0,54.0,71.8,
2026-01-06T08:13:52.495012,14.0,54.1,71.8,
2026-01-06T08:13:54.011302,0.4,54.1,71.8,
2026-01-06T08:13:59.939020,16.0,54.0,71.8,
2026-01-06T08:14:01.464841,0.6,54.1,71.8,
2026-01-06T08:14:07.319381,14.9,54.1,71.8,
2026-01-06T08:14:08.852685,0.0,54.1,71.8,
2026-01-06T08:14:14.705312,14.8,54.5,71.8,
2026-01-06T08:14:16.212510,5.8,54.5,71.8,
2026-01-06T08:14:22.085570,15.6,53.9,71.8,
2026-01-06T08:14:23.606773,0.0,53.9,71.8,
2026-01-06T08:14:29.445117,14.1,53.9,71.8,
2026-01-06T08:14:30.963950,0.0,53.9,71.8,
2026-01-06T08:14:36.861018,16.0,53.9,71.8,
2026-01-06T08:14:38.369749,0.2,53.9,71.8,
2026-01-06T08:14:44.231092,15.0,53.9,71.8,
2026-01-06T08:14:45.745709,0.2,53.9,71.8,
2026-01-06T08:14:51.613268,16.3,54.0,71.8,
2026-01-06T08:14:53.121394,0.0,54.0,71.8,
2026-01-06T08:14:58.982791,14.2,54.0,71.8,
2026-01-06T08:15:00.494986,0.8,53.9,71.8,
2026-01-06T08:15:06.362635,13.4,54.0,71.8,
2026-01-06T08:15:07.871146,0.0,54.0,71.8,
2026-01-06T08:15:13.768027,13.7,54.0,71.8,
2026-01-06T08:15:15.278017,0.0,54.0,71.8,
2026-01-06T08:15:21.183521,14.4,54.0,71.8,
2026-01-06T08:15:22.699601,0.0,54.0,71.8,
2026-01-06T08:15:28.574894,13.9,54.0,71.8,
2026-01-06T08:15:30.088635,0.0,54.0,71.8,
2026-01-06T08:15:35.990690,14.5,54.0,71.8,
2026-01-06T08:15:37.527112,0.0,54.0,71.8,
2026-01-06T08:15:43.388470,14.3,54.0,71.8,
2026-01-06T08:15:44.901767,0.2,54.0,71.8,
2026-01-06T08:15:50.771492,14.5,54.0,71.8,
2026-01-06T08:15:52.293754,0.2,54.1,71.8,
2026-01-06T08:15:58.153320,15.6,54.0,71.8,
2026-01-06T08:15:59.667784,0.0,54.0,71.8,
2026-01-06T08:16:05.535127,14.3,54.0,71.8,
2026-01-06T08:16:07.058736,0.2,54.0,71.8,
2026-01-06T08:16:12.923349,13.7,54.0,71.8,
2026-01-06T08:16:14.432922,0.0,54.0,71.8,
2026-01-06T08:16:20.355250,14.5,54.0,71.8,
2026-01-06T08:16:21.869989,0.2,54.0,71.8,
2026-01-06T08:16:27.757188,17.0,54.0,71.8,
2026-01-06T08:16:29.277311,0.0,54.0,71.8,
2026-01-06T08:16:35.163844,15.4,54.0,71.8,
2026-01-06T08:16:36.682455,0.2,54.0,71.8,
2026-01-06T08:16:42.547209,15.1,54.0,71.8,
2026-01-06T08:16:44.057920,0.0,54.0,71.8,
2026-01-06T08:16:49.951816,14.6,54.0,71.8,
2026-01-06T08:16:51.465038,0.4,54.0,71.8,
2026-01-06T08:16:57.360493,14.5,54.0,71.8,
2026-01-06T08:16:58.871833,0.0,54.0,71.8,
2026-01-06T08:17:04.732316,14.8,54.0,71.8,
2026-01-06T08:17:06.246340,0.2,54.0,71.8,
2026-01-06T08:17:12.122914,14.8,53.9,71.8,
2026-01-06T08:17:13.636292,0.4,53.9,71.8,
2026-01-06T08:17:19.528235,12.6,54.0,71.8,
2026-01-06T08:17:21.042767,0.2,54.0,71.8,
2026-01-06T08:17:26.913439,13.9,54.0,71.8,
2026-01-06T08:17:28.432572,0.2,54.0,71.8,
2026-01-06T08:17:34.280727,15.2,54.0,71.8,
2026-01-06T08:17:35.792412,0.2,54.0,71.8,
2026-01-06T08:17:41.675076,15.5,54.0,71.8,
2026-01-06T08:17:43.183502,0.0,54.0,71.8,
2026-01-06T08:17:49.040357,14.1,54.0,71.8,
2026-01-06T08:17:50.547609,0.0,54.0,71.8,
2026-01-06T08:17:56.384230,17.0,54.3,71.8,
2026-01-06T08:17:57.915440,5.1,54.4,71.8,
2026-01-06T08:18:03.790491,19.0,54.7,71.8,
2026-01-06T08:18:05.307979,2.0,54.7,71.8,
2026-01-06T08:18:11.214486,15.9,54.8,71.8,
2026-01-06T08:18:12.728080,4.9,54.8,71.8,
2026-01-06T08:18:18.607981,16.9,55.0,71.8,
2026-01-06T08:18:20.119377,3.5,55.0,71.8,
2026-01-06T08:18:26.052888,15.8,55.4,71.8,
2026-01-06T08:18:27.572430,2.7,55.3,71.8,
2026-01-06T08:18:33.450533,13.5,55.4,71.8,
2026-01-06T08:18:34.961173,2.6,55.4,71.8,
2026-01-06T08:18:40.810410,15.6,55.5,71.8,
2026-01-06T08:18:42.321617,4.5,55.5,71.8,
2026-01-06T08:18:48.197223,17.4,55.5,71.8,
2026-01-06T08:18:49.712811,4.7,55.5,71.8,
2026-01-06T08:18:55.643162,17.8,55.5,71.8,
2026-01-06T08:18:57.150379,1.2,55.4,71.8,
2026-01-06T08:19:03.109748,17.7,55.5,71.8,
2026-01-06T08:19:04.618215,5.3,55.5,71.8,
2026-01-06T08:19:10.518722,19.0,55.5,71.8,
2026-01-06T08:19:12.039655,3.5,55.5,71.8,
2026-01-06T08:19:17.928924,17.8,55.6,71.8,
2026-01-06T08:19:19.446938,2.8,55.5,71.8,
2026-01-06T08:19:25.346687,17.5,55.6,71.8,
2026-01-06T08:19:26.867250,2.8,55.6,71.8,
2026-01-06T08:19:32.718542,14.0,55.6,71.8,
2026-01-06T08:19:34.229949,0.0,55.6,71.8,
2026-01-06T08:19:40.072055,15.2,55.6,71.8,
2026-01-06T08:19:41.589598,0.0,55.6,71.8,
2026-01-06T08:19:47.442036,14.6,55.6,71.8,
2026-01-06T08:19:48.965112,0.2,55.6,71.8,
2026-01-06T08:19:54.784521,13.9,55.6,71.8,
2026-01-06T08:19:56.293473,0.0,55.6,71.8,
2026-01-06T08:20:02.167629,16.0,55.6,71.8,
2026-01-06T08:20:03.683181,0.0,55.6,71.8,
2026-01-06T08:20:09.535186,14.3,55.6,71.8,
2026-01-06T08:20:11.040872,0.4,55.6,71.8,
2026-01-06T08:20:16.958813,13.1,55.6,71.8,
2026-01-06T08:20:18.480490,0.0,55.6,71.8,
2026-01-06T08:20:24.332660,14.4,55.5,71.8,
2026-01-06T08:20:25.855620,0.2,55.5,71.8,
2026-01-06T08:20:31.688355,12.9,55.5,71.8,
2026-01-06T08:20:33.198927,0.0,55.5,71.8,
2026-01-06T08:20:39.074658,15.6,55.7,71.8,
2026-01-06T08:20:40.589887,0.2,55.7,71.8,
2026-01-06T08:20:46.469322,14.0,55.7,71.8,
2026-01-06T08:20:47.980631,0.0,55.7,71.8,
2026-01-06T08:20:53.850977,13.4,55.7,71.8,
2026-01-06T08:20:55.370651,0.2,55.6,71.8,
2026-01-06T08:21:01.264041,13.4,55.6,71.8,
2026-01-06T08:21:02.778937,0.0,55.6,71.8,
2026-01-06T08:21:08.690630,16.0,55.2,71.8,
2026-01-06T08:21:10.198440,0.0,55.2,71.8,
2026-01-06T08:21:16.124500,13.8,55.3,71.8,
2026-01-06T08:21:17.636519,0.6,55.3,71.8,
2026-01-06T08:21:23.485621,13.7,55.4,71.8,
2026-01-06T08:21:24.996399,0.0,55.4,71.8,
2026-01-06T08:21:30.882601,13.2,55.4,71.8,
2026-01-06T08:21:32.401864,0.0,55.4,71.8,
2026-01-06T08:21:38.232024,15.1,55.4,71.8,
2026-01-06T08:21:39.745617,0.2,55.4,71.8,
2026-01-06T08:21:45.660899,13.7,55.8,71.8,
2026-01-06T08:21:47.181556,0.2,55.8,71.8,
2026-01-06T08:21:53.043779,14.7,55.9,71.8,
2026-01-06T08:21:54.556847,0.2,55.9,71.8,
2026-01-06T08:22:00.382339,14.6,55.9,71.8,
2026-01-06T08:22:01.902406,0.0,55.9,71.8,
2026-01-06T08:22:07.782350,14.3,55.8,71.8,
2026-01-06T08:22:09.293040,0.0,55.8,71.8,
2026-01-06T08:22:15.138095,14.3,55.6,71.8,
2026-01-06T08:22:16.651964,0.0,55.6,71.8,
2026-01-06T08:22:22.537298,13.8,55.6,71.8,
2026-01-06T08:22:24.074850,0.0,55.6,71.8,
2026-01-06T08:22:29.965412,12.7,55.6,71.8,
2026-01-06T08:22:31.480700,0.0,55.6,71.8,
2026-01-06T08:22:37.349811,16.3,55.6,71.8,
2026-01-06T08:22:38.886215,0.0,55.6,71.8,
2026-01-06T08:22:44.759498,14.5,55.6,71.8,
2026-01-06T08:22:46.279407,0.2,55.6,71.8,
2026-01-06T08:22:52.135227,16.2,55.6,71.8,
2026-01-06T08:22:53.651759,0.0,55.6,71.8,
2026-01-06T08:22:59.495067,15.4,55.6,71.8,
2026-01-06T08:23:01.011717,0.0,55.6,71.8,
2026-01-06T08:23:06.890895,14.9,55.5,71.8,
2026-01-06T08:23:08.402821,0.6,55.5,71.8,
2026-01-06T08:23:14.271583,15.4,55.5,71.8,
2026-01-06T08:23:15.793274,0.6,55.5,71.8,
2026-01-06T08:23:21.641798,13.8,55.6,71.8,
2026-01-06T08:23:23.167543,0.2,55.6,71.8,
2026-01-06T08:23:29.039728,15.9,55.6,71.8,
2026-01-06T08:23:30.558460,0.2,55.6,71.8,
2026-01-06T08:23:36.417897,15.0,55.5,71.8,
2026-01-06T08:23:37.932799,0.2,55.6,71.8,
2026-01-06T08:23:43.803243,13.9,55.6,71.8,
2026-01-06T08:23:45.322910,0.0,55.7,71.8,
2026-01-06T08:23:51.163970,14.6,55.6,71.8,
2026-01-06T08:23:52.683297,0.2,55.7,71.8,
2026-01-06T08:23:58.543358,14.7,55.7,71.8,
2026-01-06T08:24:00.061378,0.2,55.7,71.8,
2026-01-06T08:24:05.954435,14.6,55.6,71.8,
2026-01-06T08:24:07.464370,0.0,55.6,71.8,
2026-01-06T08:24:13.347861,14.5,55.6,71.8,
2026-01-06T08:24:14.855127,0.4,55.6,71.8,
2026-01-06T08:24:20.735336,13.7,55.7,71.8,
2026-01-06T08:24:22.245558,0.0,55.7,71.8,
2026-01-06T08:24:28.120640,14.9,55.7,71.8,
2026-01-06T08:24:29.636892,0.4,55.7,71.8,
2026-01-06T08:24:35.511081,14.4,55.7,71.8,
2026-01-06T08:24:37.027565,0.0,55.7,71.8,
2026-01-06T08:24:42.875877,14.8,55.7,71.8,
2026-01-06T08:24:44.384693,0.4,55.7,71.8,
2026-01-06T08:24:50.279507,13.7,56.0,71.8,
2026-01-06T08:24:51.807188,0.2,56.0,71.8,
2026-01-06T08:24:57.684315,14.6,56.0,71.8,
2026-01-06T08:24:59.198863,0.0,56.0,71.8,
2026-01-06T08:25:05.045578,16.1,56.0,71.8,
2026-01-06T08:25:06.558410,0.0,55.9,71.8,
2026-01-06T08:25:12.426533,14.5,56.0,71.8,
2026-01-06T08:25:13.949689,0.0,56.0,71.8,
2026-01-06T08:25:19.816182,14.8,55.9,71.8,
2026-01-06T08:25:21.322027,0.0,55.8,71.8,
2026-01-06T08:25:27.202442,13.9,55.9,71.8,
2026-01-06T08:25:28.714597,0.0,55.9,71.8,
2026-01-06T08:25:34.623478,14.6,55.9,71.8,
2026-01-06T08:25:36.152591,0.6,55.8,71.8,
2026-01-06T08:25:42.028690,15.6,55.9,71.8,
2026-01-06T08:25:43.542744,0.0,55.9,71.8,
2026-01-06T08:25:49.441584,15.1,55.9,71.8,
2026-01-06T08:25:50.950140,0.0,55.9,71.8,
2026-01-06T08:25:56.806926,16.3,55.9,71.8,
2026-01-06T08:25:58.323827,0.6,55.9,71.8,
2026-01-06T08:26:04.192233,14.0,55.9,71.8,
2026-01-06T08:26:05.708764,0.0,55.9,71.8,
2026-01-06T08:26:11.569471,12.4,55.9,71.8,
2026-01-06T08:26:13.089486,0.2,55.9,71.8,
2026-01-06T08:26:18.948974,14.1,55.9,71.8,
2026-01-06T08:26:20.466282,0.4,55.9,71.8,
2026-01-06T08:26:26.351746,15.4,55.9,71.8,
2026-01-06T08:26:27.871001,1.2,55.8,71.8,
2026-01-06T08:26:33.751781,13.6,55.8,71.8,
2026-01-06T08:26:35.260756,0.6,55.8,71.8,
2026-01-06T08:26:41.126098,14.2,55.8,71.8,
2026-01-06T08:26:42.636837,0.0,55.8,71.8,
2026-01-06T08:26:48.528843,15.1,55.8,71.8,
2026-01-06T08:26:50.044897,0.2,55.8,71.8,
2026-01-06T08:26:55.942928,14.1,55.9,71.8,
2026-01-06T08:26:57.450158,0.2,55.9,71.8,
2026-01-06T08:27:03.283893,13.6,55.9,71.8,
2026-01-06T08:27:04.792713,0.0,55.9,71.8,
2026-01-06T08:27:10.649585,14.5,55.9,71.8,
2026-01-06T08:27:12.168905,0.2,55.9,71.8,
2026-01-06T08:27:18.042821,12.6,55.9,71.8,
2026-01-06T08:27:19.559112,0.4,55.9,71.8,
2026-01-06T08:27:25.474136,14.8,55.9,71.8,
2026-01-06T08:27:26.994544,0.0,55.9,71.8,
2026-01-06T08:27:32.836028,14.5,55.9,71.8,
2026-01-06T08:27:34.355173,0.2,55.9,71.8,
2026-01-06T08:27:40.209131,13.8,55.9,71.8,
2026-01-06T08:27:41.730062,0.2,55.9,71.8,
2026-01-06T08:27:47.540617,15.4,55.9,71.8,
2026-01-06T08:27:49.059077,0.2,55.8,71.8,
2026-01-06T08:27:54.911589,13.7,55.9,71.8,
2026-01-06T08:27:56.419323,0.2,55.9,71.8,
2026-01-06T08:28:02.305382,13.4,55.9,71.8,
2026-01-06T08:28:03.826290,0.0,55.9,71.8,
2026-01-06T08:28:09.672293,13.8,55.9,71.8,
2026-01-06T08:28:11.184958,0.0,55.9,71.8,
2026-01-06T08:28:17.055963,16.0,55.9,71.8,
2026-01-06T08:28:18.571097,0.6,55.9,71.8,
2026-01-06T08:28:24.401126,14.9,55.9,71.8,
2026-01-06T08:28:25.918293,0.0,55.9,71.8,
2026-01-06T08:28:31.805973,14.3,55.9,71.8,
2026-01-06T08:28:33.322885,0.2,55.9,71.8,
2026-01-06T08:28:39.223349,13.1,55.9,71.8,
2026-01-06T08:28:40.729372,0.0,55.9,71.8,
2026-01-06T08:28:46.576091,14.4,56.0,71.8,
2026-01-06T08:28:48.090617,0.2,56.0,71.8,
2026-01-06T08:28:53.944330,15.1,56.0,71.8,
2026-01-06T08:28:55.464752,0.0,56.0,71.8,
2026-01-06T08:29:01.322870,14.9,55.9,71.8,
2026-01-06T08:29:02.839593,0.6,56.0,71.8,
2026-01-06T08:29:08.719848,15.1,55.9,71.8,
2026-01-06T08:29:10.231985,0.0,55.9,71.8,
2026-01-06T08:29:16.085993,12.5,55.9,71.8,
2026-01-06T08:29:17.603208,4.5,56.1,71.8,
2026-01-06T08:29:23.448773,14.3,55.6,71.8,
2026-01-06T08:29:24.965291,0.0,55.6,71.8,
2026-01-06T08:29:30.857852,13.1,55.6,71.8,
2026-01-06T08:29:32.372177,0.0,55.6,71.8,
2026-01-06T08:29:38.244630,15.2,55.5,71.8,
2026-01-06T08:29:39.761739,0.0,55.5,71.8,
2026-01-06T08:29:45.604364,14.2,55.6,71.8,
2026-01-06T08:29:47.120559,0.0,55.6,71.8,
2026-01-06T08:29:52.987424,13.8,55.6,71.8,
2026-01-06T08:29:54.496566,0.0,55.6,71.8,
2026-01-06T08:30:00.367692,14.3,55.7,71.8,
2026-01-06T08:30:01.887233,0.0,55.7,71.8,
2026-01-06T08:30:07.709914,13.4,55.7,71.8,
2026-01-06T08:30:09.229778,0.2,55.7,71.8,
2026-01-06T08:30:15.026576,15.0,55.6,71.8,
2026-01-06T08:30:16.543074,0.2,55.6,71.8,
2026-01-06T08:30:22.419380,15.3,55.7,71.8,
2026-01-06T08:30:23.932564,0.0,55.6,71.8,
2026-01-06T08:30:29.860445,15.2,55.6,71.8,
2026-01-06T08:30:31.370762,0.0,55.6,71.8,
2026-01-06T08:30:37.268187,14.9,55.6,71.8,
2026-01-06T08:30:38.777307,0.2,55.6,71.8,
2026-01-06T08:30:44.626379,15.6,55.6,71.8,
2026-01-06T08:30:46.137646,0.0,55.6,71.8,
2026-01-06T08:30:52.026578,16.3,55.7,71.8,
2026-01-06T08:30:53.542462,0.2,55.7,71.8,
2026-01-06T08:30:59.420175,13.9,55.6,71.8,
2026-01-06T08:31:00.933321,0.2,55.6,71.8,
2026-01-06T08:31:06.797939,11.3,55.6,71.8,
2026-01-06T08:31:08.310125,0.4,55.6,71.8,
2026-01-06T08:31:14.105894,15.7,55.6,71.8,
2026-01-06T08:31:15.621728,0.0,55.6,71.8,
2026-01-06T08:31:21.463850,15.9,55.6,71.8,
2026-01-06T08:31:22.980547,0.2,55.6,71.8,
2026-01-06T08:31:28.823228,12.5,55.6,71.8,
2026-01-06T08:31:30.338649,0.0,55.6,71.8,
2026-01-06T08:31:36.155031,15.0,55.6,71.8,
2026-01-06T08:31:37.666922,0.0,55.6,71.8,
2026-01-06T08:31:43.555941,14.7,55.6,71.8,
2026-01-06T08:31:45.075265,0.4,55.6,71.8,
2026-01-06T08:31:50.951307,15.2,55.6,71.8,
2026-01-06T08:31:52.463514,0.4,55.6,71.8,
2026-01-06T08:31:58.336636,15.6,55.6,71.8,
2026-01-06T08:31:59.855349,0.0,55.6,71.8,
2026-01-06T08:32:05.761008,13.9,55.7,71.8,
2026-01-06T08:32:07.277852,0.0,55.8,71.8,
2026-01-06T08:32:13.140296,13.7,55.8,71.8,
2026-01-06T08:32:14.652834,0.0,55.8,71.8,
2026-01-06T08:32:20.524063,13.5,55.7,71.8,
2026-01-06T08:32:22.059309,0.4,55.7,71.8,
2026-01-06T08:32:27.878963,13.5,55.7,71.8,
2026-01-06T08:32:29.401908,0.0,55.7,71.8,
2026-01-06T08:32:35.213908,15.2,55.7,71.8,
2026-01-06T08:32:36.730545,0.2,55.7,71.8,
2026-01-06T08:32:42.605990,15.2,55.7,71.8,
2026-01-06T08:32:44.122446,0.4,55.7,71.8,
2026-01-06T08:32:49.935136,13.0,55.7,71.8,
2026-01-06T08:32:51.449498,0.4,55.7,71.8,
2026-01-06T08:32:57.309035,14.9,55.3,71.8,
2026-01-06T08:32:58.823175,0.0,55.3,71.8,
2026-01-06T08:33:04.712720,14.5,55.3,71.8,
2026-01-06T08:33:06.231062,0.2,55.3,71.8,
2026-01-06T08:33:12.090782,14.0,55.3,71.8,
2026-01-06T08:33:13.605866,0.0,55.3,71.8,
2026-01-06T08:33:19.516389,13.9,55.3,71.8,
2026-01-06T08:33:21.028251,0.0,55.3,71.8,
2026-01-06T08:33:26.903702,14.3,55.3,71.8,
2026-01-06T08:33:28.418363,0.0,55.3,71.8,
2026-01-06T08:33:34.305332,15.3,55.3,71.8,
2026-01-06T08:33:35.816074,0.2,55.3,71.8,
2026-01-06T08:33:41.682158,15.2,55.3,71.8,
2026-01-06T08:33:43.199165,0.0,55.3,71.8,
2026-01-06T08:33:49.071273,14.6,55.3,71.8,
2026-01-06T08:33:50.588636,0.8,55.4,71.8,
2026-01-06T08:33:56.495073,16.6,55.4,71.8,
2026-01-06T08:33:58.012710,0.2,55.4,71.8,
2026-01-06T08:34:03.872068,14.4,55.4,71.8,
2026-01-06T08:34:05.386785,0.0,55.4,71.8,
2026-01-06T08:34:11.227499,15.3,55.3,71.8,
2026-01-06T08:34:12.746843,0.0,55.3,71.8,
2026-01-06T08:34:18.589784,14.7,55.3,71.8,
2026-01-06T08:34:20.106793,0.0,55.3,71.8,
2026-01-06T08:34:25.967353,14.3,55.3,71.8,
2026-01-06T08:34:27.495584,0.0,55.3,71.8,
2026-01-06T08:34:33.367983,13.4,55.3,71.8,
2026-01-06T08:34:34.887131,0.4,55.2,71.8,
2026-01-06T08:34:40.731530,15.0,55.3,71.8,
2026-01-06T08:34:42.244999,0.2,55.3,71.8,
2026-01-06T08:34:48.104188,15.3,55.3,71.8,
2026-01-06T08:34:49.622278,0.0,55.2,71.8,
2026-01-06T08:34:55.484370,14.8,55.3,71.8,
2026-01-06T08:34:56.995441,0.2,55.3,71.8,
2026-01-06T08:35:02.834076,14.4,55.3,71.8,
2026-01-06T08:35:04.354754,0.4,55.3,71.8,
2026-01-06T08:35:10.214841,13.8,55.3,71.8,
2026-01-06T08:35:11.730939,0.4,55.3,71.8,
2026-01-06T08:35:17.591897,12.6,55.3,71.8,
2026-01-06T08:35:19.105233,0.4,55.3,71.8,
2026-01-06T08:35:24.937799,14.1,55.2,71.8,
2026-01-06T08:35:26.448402,0.0,55.2,71.8,
2026-01-06T08:35:32.350958,15.5,55.2,71.8,
2026-01-06T08:35:33.871449,0.2,55.2,71.8,
2026-01-06T08:35:39.737643,13.4,55.2,71.8,
2026-01-06T08:35:41.246594,0.2,55.2,71.8,
2026-01-06T08:35:47.076367,15.3,55.2,71.8,
2026-01-06T08:35:48.604552,0.0,55.2,71.8,
2026-01-06T08:35:54.489106,14.9,55.3,71.8,
2026-01-06T08:35:56.011670,0.0,55.2,71.8,
2026-01-06T08:36:01.844767,14.0,55.3,71.8,
2026-01-06T08:36:03.355011,0.0,55.3,71.8,
2026-01-06T08:36:09.232975,13.9,55.3,71.8,
2026-01-06T08:36:10.746471,0.4,55.3,71.8,
2026-01-06T08:36:16.638475,16.2,55.2,71.8,
2026-01-06T08:36:18.152392,0.0,55.2,71.8,
2026-01-06T08:36:24.060580,15.2,55.3,71.8,
2026-01-06T08:36:25.574074,0.2,55.2,71.8,
2026-01-06T08:36:31.434914,15.2,55.2,71.8,
2026-01-06T08:36:32.949880,0.0,55.2,71.8,
2026-01-06T08:36:38.778374,15.3,55.2,71.8,
2026-01-06T08:36:40.292893,0.0,55.2,71.8,
2026-01-06T08:36:46.159520,13.7,55.2,71.8,
2026-01-06T08:36:47.667158,0.0,55.2,71.8,
2026-01-06T08:36:53.580601,12.4,55.2,71.8,
2026-01-06T08:36:55.089264,0.4,55.3,71.8,
2026-01-06T08:37:00.961013,15.6,55.4,71.8,
2026-01-06T08:37:02.480976,0.0,55.4,71.8,
2026-01-06T08:37:08.324210,15.0,55.3,71.8,
2026-01-06T08:37:09.838992,0.4,55.3,71.8,
2026-01-06T08:37:15.752395,15.0,55.3,71.8,
2026-01-06T08:37:17.261677,0.0,55.3,71.8,
2026-01-06T08:37:23.165297,13.5,55.4,71.8,
2026-01-06T08:37:24.685259,0.2,55.4,71.8,
2026-01-06T08:37:30.512153,15.0,55.4,71.8,
2026-01-06T08:37:32.028140,0.0,55.4,71.8,
2026-01-06T08:37:37.918583,11.6,55.4,71.8,
2026-01-06T08:37:39.435051,0.0,55.4,71.8,
2026-01-06T08:37:45.336031,13.1,55.4,71.8,
2026-01-06T08:37:46.855567,0.2,55.4,71.8,
2026-01-06T08:37:52.702693,14.1,55.5,71.8,
2026-01-06T08:37:54.215779,0.6,55.5,71.8,
2026-01-06T08:38:00.080411,14.1,55.4,71.8,
2026-01-06T08:38:01.590566,0.2,55.4,71.8,
2026-01-06T08:38:07.494006,12.8,55.5,71.8,
2026-01-06T08:38:09.011428,0.0,55.5,71.8,
2026-01-06T08:38:14.827160,14.5,55.5,71.8,
2026-01-06T08:38:16.339814,0.0,55.5,71.8,
2026-01-06T08:38:22.222580,15.1,55.5,71.8,
2026-01-06T08:38:23.745755,0.2,55.5,71.8,
2026-01-06T08:38:29.606318,13.3,55.4,71.8,
2026-01-06T08:38:31.121440,0.0,55.5,71.8,
2026-01-06T08:38:36.979589,14.7,55.4,71.8,
2026-01-06T08:38:38.496067,0.2,55.4,71.8,
2026-01-06T08:38:44.390257,14.7,55.4,71.8,
2026-01-06T08:38:45.902566,0.0,55.4,71.8,
2026-01-06T08:38:51.772272,15.6,55.5,71.8,
2026-01-06T08:38:53.294678,0.0,55.5,71.8,
2026-01-06T08:38:59.154133,14.1,55.5,71.8,
2026-01-06T08:39:00.665178,0.0,55.4,71.8,
2026-01-06T08:39:06.569302,15.6,55.4,71.8,
2026-01-06T08:39:08.076806,0.0,55.4,71.8,
2026-01-06T08:39:13.945084,16.1,55.5,71.8,
2026-01-06T08:39:15.465686,0.2,55.4,71.8,
2026-01-06T08:39:21.290947,15.4,55.4,71.8,
2026-01-06T08:39:22.824169,0.2,55.5,71.8,
2026-01-06T08:39:28.670532,14.1,55.6,71.8,
2026-01-06T08:39:30.183296,0.2,55.6,71.8,
2026-01-06T08:39:36.073166,15.7,55.7,71.8,
2026-01-06T08:39:37.589626,0.2,55.7,71.8,
2026-01-06T08:39:43.495511,15.7,55.7,71.8,
2026-01-06T08:39:45.011005,0.0,55.7,71.8,
2026-01-06T08:39:50.933980,16.8,55.7,71.8,
2026-01-06T08:39:52.450078,0.2,55.7,71.8,
2026-01-06T08:39:58.326634,14.6,55.7,71.8,
2026-01-06T08:39:59.839479,0.0,55.7,71.8,
2026-01-06T08:40:05.737151,14.1,55.7,71.8,
2026-01-06T08:40:07.245683,0.4,55.7,71.8,
2026-01-06T08:40:13.183695,14.5,55.7,71.8,
2026-01-06T08:40:14.699195,0.0,55.7,71.8,
2026-01-06T08:40:20.532209,14.5,55.6,71.8,
2026-01-06T08:40:22.042999,0.2,55.6,71.8,
2026-01-06T08:40:27.932895,15.1,55.5,71.8,
2026-01-06T08:40:29.465467,0.4,55.5,71.8,
2026-01-06T08:40:35.312414,15.7,55.5,71.8,
2026-01-06T08:40:36.823986,0.0,55.4,71.8,
2026-01-06T08:40:42.673110,14.3,55.5,71.8,
2026-01-06T08:40:44.183904,0.4,55.5,71.8,
2026-01-06T08:40:50.062182,15.5,55.5,71.8,
2026-01-06T08:40:51.574008,0.0,55.5,71.8,
2026-01-06T08:40:57.414049,14.8,55.5,71.8,
2026-01-06T08:40:58.934699,0.2,55.5,71.8,
2026-01-06T08:41:04.830184,15.6,55.5,71.8,
2026-01-06T08:41:06.338316,0.8,55.5,71.8,
2026-01-06T08:41:12.244438,15.4,55.5,71.8,
2026-01-06T08:41:13.762886,0.4,55.6,71.8,
2026-01-06T08:41:19.637335,14.3,55.6,71.8,
2026-01-06T08:41:21.151953,0.6,55.5,71.8,
2026-01-06T08:41:27.048877,14.4,55.5,71.8,
2026-01-06T08:41:28.558262,0.2,55.5,71.8,
2026-01-06T08:41:34.453671,13.7,55.5,71.8,
2026-01-06T08:41:35.965360,0.2,55.5,71.8,
2026-01-06T08:41:41.834715,15.1,55.5,71.8,
2026-01-06T08:41:43.356956,0.2,55.5,71.8,
2026-01-06T08:41:49.219160,14.1,55.5,71.8,
2026-01-06T08:41:50.730324,0.2,55.5,71.8,
2026-01-06T08:41:56.582831,13.8,55.4,71.8,
2026-01-06T08:41:58.104949,0.2,55.4,71.8,
2026-01-06T08:42:03.994436,15.4,55.4,71.8,
2026-01-06T08:42:05.510764,0.4,55.4,71.8,
2026-01-06T08:42:11.326524,14.9,55.4,71.8,
2026-01-06T08:42:12.840004,0.4,55.4,71.8,
2026-01-06T08:42:18.750228,13.0,55.4,71.8,
2026-01-06T08:42:20.263486,0.0,55.4,71.8,
2026-01-06T08:42:26.113482,14.8,55.4,71.8,
2026-01-06T08:42:27.623812,0.0,55.4,71.8,
2026-01-06T08:42:33.509707,16.1,55.4,71.8,
2026-01-06T08:42:35.026559,0.2,55.4,71.8,
2026-01-06T08:42:40.924777,14.7,55.3,71.8,
2026-01-06T08:42:42.433103,0.0,55.3,71.8,
2026-01-06T08:42:48.335520,14.3,55.5,71.8,
2026-01-06T08:42:49.855644,0.0,55.5,71.8,
2026-01-06T08:42:55.754241,14.2,57.1,71.8,
2026-01-06T08:42:57.276147,0.6,57.2,71.8,
2026-01-06T08:43:03.154106,15.0,57.6,71.8,
2026-01-06T08:43:04.666948,0.2,57.6,71.8,
2026-01-06T08:43:10.519217,15.1,57.6,71.8,
2026-01-06T08:43:12.027344,0.0,57.6,71.8,
2026-01-06T08:43:17.921954,14.8,57.6,71.8,
2026-01-06T08:43:19.429460,2.4,57.6,71.8,
2026-01-06T08:43:25.356261,15.6,57.6,71.8,
2026-01-06T08:43:26.869060,0.6,57.6,71.8,
2026-01-06T08:43:32.810617,16.9,57.6,71.8,
2026-01-06T08:43:34.327302,3.0,57.6,71.8,
2026-01-06T08:43:40.251784,15.1,57.8,71.8,
2026-01-06T08:43:41.761135,3.9,57.7,71.8,
2026-01-06T08:43:47.667965,13.5,59.1,71.8,
2026-01-06T08:43:49.188608,1.8,59.1,71.8,
2026-01-06T08:43:55.007150,13.7,58.9,71.8,
2026-01-06T08:43:56.523686,2.3,59.5,71.8,
2026-01-06T08:44:02.375839,14.5,59.6,71.8,
2026-01-06T08:44:03.888415,0.2,59.6,71.8,
2026-01-06T08:44:09.796171,14.6,59.8,71.8,
2026-01-06T08:44:11.306455,2.0,59.8,71.8,
2026-01-06T08:44:17.143506,15.8,59.8,71.8,
2026-01-06T08:44:18.653341,2.1,60.0,71.8,
2026-01-06T08:44:24.570008,14.0,60.2,71.8,
2026-01-06T08:44:26.087297,1.2,60.2,71.8,
2026-01-06T08:44:31.964717,18.2,60.5,71.8,
2026-01-06T08:44:33.471761,6.0,60.5,71.8,
2026-01-06T08:44:39.361398,15.3,60.6,71.8,
2026-01-06T08:44:40.869736,2.8,60.6,71.8,
2026-01-06T08:44:46.792792,18.4,60.9,71.8,
2026-01-06T08:44:48.302608,4.8,61.0,71.8,
2026-01-06T08:44:54.171732,15.3,61.4,71.8,
2026-01-06T08:44:55.683854,0.2,61.4,71.8,
2026-01-06T08:45:01.534368,14.5,60.6,71.8,
2026-01-06T08:45:03.044764,1.0,60.6,71.8,
2026-01-06T08:45:08.914607,16.5,60.5,71.8,
2026-01-06T08:45:10.433673,0.2,60.5,71.8,
2026-01-06T08:45:16.354204,16.1,60.5,71.8,
2026-01-06T08:45:17.868952,0.6,60.5,71.8,
2026-01-06T08:45:23.730835,14.3,60.5,71.8,
2026-01-06T08:45:25.245878,0.0,60.5,71.8,
2026-01-06T08:45:31.095690,13.5,60.5,71.8,
2026-01-06T08:45:32.602585,0.6,60.5,71.8,
2026-01-06T08:45:38.490570,15.0,60.5,71.8,
2026-01-06T08:45:40.013419,1.0,60.5,71.8,
2026-01-06T08:45:45.912782,15.4,60.1,71.8,
2026-01-06T08:45:47.420075,0.8,60.1,71.8,
2026-01-06T08:45:53.309486,14.1,60.2,71.8,
2026-01-06T08:45:54.817499,4.7,60.1,71.8,
2026-01-06T08:46:00.756280,18.7,60.1,71.8,
2026-01-06T08:46:02.274715,1.4,60.1,71.8,
2026-01-06T08:46:08.172614,14.9,60.1,71.8,
2026-01-06T08:46:09.684932,0.4,60.1,71.8,
2026-01-06T08:46:15.499091,19.3,60.4,71.8,
2026-01-06T08:46:17.007436,3.1,60.4,71.8,
2026-01-06T08:46:22.879060,18.9,60.6,71.8,
2026-01-06T08:46:24.393335,2.7,60.6,71.8,
2026-01-06T08:46:30.257654,16.8,60.8,71.8,
2026-01-06T08:46:31.775326,2.8,60.8,71.8,
2026-01-06T08:46:37.648271,15.0,60.8,71.8,
2026-01-06T08:46:39.159537,1.0,60.8,71.8,
2026-01-06T08:46:45.081187,10.3,60.8,71.8,
2026-01-06T08:46:46.593168,3.4,60.8,71.8,
2026-01-06T08:46:52.522231,16.1,60.8,71.8,
2026-01-06T08:46:54.034262,1.4,60.6,71.8,
2026-01-06T08:46:59.951778,13.4,60.5,71.8,
2026-01-06T08:47:01.469349,1.2,60.5,71.8,
2026-01-06T08:47:07.389451,17.6,60.6,71.8,
2026-01-06T08:47:08.902152,2.5,60.6,71.8,
2026-01-06T08:47:14.801502,17.0,61.0,71.8,
2026-01-06T08:47:16.319576,1.2,61.0,71.8,
2026-01-06T08:47:22.188923,14.9,60.8,71.8,
2026-01-06T08:47:23.697066,6.9,60.6,71.8,
2026-01-06T08:47:29.699887,24.8,62.7,71.8,
2026-01-06T08:47:31.218468,5.9,62.8,71.8,
2026-01-06T08:47:37.131889,9.9,67.0,72.6,
2026-01-06T08:47:38.650420,5.5,67.4,72.6,
2026-01-06T08:47:44.522885,21.2,67.8,72.6,
2026-01-06T08:47:46.034243,1.2,68.2,72.6,
2026-01-06T08:47:51.950569,15.1,68.2,72.6,
2026-01-06T08:47:53.458166,1.0,67.9,72.6,
2026-01-06T08:47:59.337055,14.4,68.7,72.6,
2026-01-06T08:48:00.846714,0.4,68.7,72.6,
2026-01-06T08:48:06.738960,14.7,67.5,72.5,
2026-01-06T08:48:08.258407,1.0,67.4,72.5,
2026-01-06T08:48:14.110532,14.9,67.3,72.5,
2026-01-06T08:48:15.622150,0.6,67.3,72.5,
2026-01-06T08:48:21.459771,15.0,67.1,72.5,
2026-01-06T08:48:22.969419,0.0,67.1,72.5,
2026-01-06T08:48:28.834632,14.7,66.7,72.5,
2026-01-06T08:48:30.348629,0.0,66.7,72.5,
2026-01-06T08:48:36.236852,15.6,66.7,72.5,
2026-01-06T08:48:37.745527,3.6,66.8,72.5,
2026-01-06T08:48:43.659114,15.0,66.5,72.5,
2026-01-06T08:48:45.178620,1.2,66.5,72.5,
2026-01-06T08:48:51.079278,15.9,66.0,72.5,
2026-01-06T08:48:52.596625,1.0,66.0,72.5,
2026-01-06T08:48:58.496461,17.5,66.5,72.5,
2026-01-06T08:49:00.009518,3.5,66.3,72.5,
2026-01-06T08:49:05.882556,19.2,66.3,72.5,
2026-01-06T08:49:07.390928,3.9,66.4,72.5,
2026-01-06T08:49:13.259011,15.9,66.6,72.6,
2026-01-06T08:49:14.777945,0.2,66.5,72.6,
2026-01-06T08:49:20.667896,13.1,65.6,72.6,
2026-01-06T08:49:22.183011,0.2,65.6,72.6,
2026-01-06T08:49:28.059456,14.9,65.5,72.6,
2026-01-06T08:49:29.567414,2.3,65.5,72.6,
2026-01-06T08:49:35.414698,17.1,64.9,72.6,
2026-01-06T08:49:36.922418,1.6,64.9,72.6,
2026-01-06T08:49:42.814904,13.1,65.0,72.6,
2026-01-06T08:49:44.322735,1.4,65.0,72.6,
2026-01-06T08:49:50.220379,12.6,65.6,72.6,
2026-01-06T08:49:51.735946,0.4,65.6,72.6,
2026-01-06T08:49:57.638870,15.3,65.5,72.6,
2026-01-06T08:49:59.155365,0.4,65.6,72.6,
2026-01-06T08:50:14.287984,14.4,71.1,72.2,
2026-01-06T08:50:15.803675,1.6,71.4,72.2,
2026-01-06T08:50:21.797012,18.5,72.6,72.8,
2026-01-06T08:50:23.306599,1.0,72.4,72.8,
2026-01-06T08:50:29.165999,13.7,72.2,72.8,
2026-01-06T08:50:30.684683,5.7,72.0,72.8,
2026-01-06T08:50:36.580187,17.2,72.1,72.8,
2026-01-06T08:50:38.099573,3.1,72.2,72.8,
2026-01-06T08:50:43.972929,17.1,72.0,72.8,
2026-01-06T08:50:45.484132,0.8,71.9,72.8,
2026-01-06T08:50:51.333420,15.3,71.4,72.8,
2026-01-06T08:50:52.849293,1.0,71.3,72.8,
2026-01-06T08:50:58.699981,13.7,70.9,72.8,
2026-01-06T08:51:00.217692,3.5,71.0,72.8,
2026-01-06T08:51:06.094559,14.6,67.6,72.8,
2026-01-06T08:51:07.612963,2.5,67.3,72.8,
2026-01-06T08:51:13.520314,14.4,67.4,72.8,
2026-01-06T08:51:15.028829,2.7,67.3,72.8,
2026-01-06T08:51:20.906295,15.7,67.2,72.8,
2026-01-06T08:51:22.427676,0.4,67.3,72.8,
2026-01-06T08:51:28.278801,14.9,66.7,72.8,
2026-01-06T08:51:29.793766,1.2,66.7,72.8,
2026-01-06T08:51:35.653516,14.9,66.0,72.8,
2026-01-06T08:51:37.162405,0.4,66.0,72.8,
2026-01-06T08:51:43.036315,15.7,65.8,72.8,
2026-01-06T08:51:44.557799,1.4,66.2,72.8,
2026-01-06T08:51:50.511819,15.4,65.8,72.8,
2026-01-06T08:51:52.026109,2.5,65.7,72.8,
2026-01-06T08:51:57.859925,14.4,64.9,72.8,
2026-01-06T08:51:59.373851,1.6,64.9,72.6,
2026-01-06T08:52:05.272764,13.6,65.1,72.6,
2026-01-06T08:52:06.790485,2.0,65.0,72.6,
2026-01-06T08:52:12.743367,16.4,65.3,72.6,
2026-01-06T08:52:14.256556,1.6,65.3,72.6,
2026-01-06T08:52:20.122676,13.6,65.1,72.6,
2026-01-06T08:52:21.640751,1.9,65.0,72.6,
2026-01-06T08:52:27.526827,14.8,64.9,72.6,
2026-01-06T08:52:29.038537,2.9,65.0,72.5,
2026-01-06T08:52:34.948666,16.8,65.2,72.5,
2026-01-06T08:52:36.459209,1.6,65.2,72.5,
2026-01-06T08:52:42.408754,13.5,65.2,72.5,
2026-01-06T08:52:43.918305,2.1,65.2,72.5,
2026-01-06T08:52:49.786028,14.2,65.1,72.5,
2026-01-06T08:52:51.302714,1.6,65.1,72.5,
2026-01-06T08:52:57.186787,15.9,65.1,72.5,
2026-01-06T08:52:58.702540,3.2,65.1,72.5,
2026-01-06T08:53:04.603703,13.0,65.1,72.5,
2026-01-06T08:53:06.119498,2.2,65.1,72.5,
2026-01-06T08:53:12.042717,15.7,65.1,72.5,
2026-01-06T08:53:13.550818,4.7,65.1,72.5,
2026-01-06T08:53:19.456873,16.0,64.2,72.5,
2026-01-06T08:53:20.975859,1.8,64.5,72.4,
2026-01-06T08:53:26.854958,17.2,64.3,72.4,
2026-01-06T08:53:28.365884,1.9,64.3,72.4,
2026-01-06T08:53:34.275395,13.1,64.3,72.4,
2026-01-06T08:53:35.792997,0.6,64.3,72.4,
2026-01-06T08:53:41.699787,17.0,64.6,72.4,
2026-01-06T08:53:43.209518,2.2,64.5,72.4,
2026-01-06T08:53:49.124226,14.9,64.5,72.4,
2026-01-06T08:53:50.643077,1.2,64.7,72.4,
2026-01-06T08:53:56.550902,18.9,64.8,72.4,
2026-01-06T08:53:58.063371,1.2,64.8,72.4,
2026-01-06T08:54:03.998848,15.2,64.8,72.4,
2026-01-06T08:54:05.511264,1.8,64.7,72.4,
2026-01-06T08:54:11.418435,15.1,64.9,72.4,
2026-01-06T08:54:12.930381,1.6,64.9,72.4,
2026-01-06T08:54:18.835896,14.0,64.8,72.4,
2026-01-06T08:54:20.354044,1.6,64.7,72.4,
2026-01-06T08:54:26.246057,14.1,64.7,72.4,
2026-01-06T08:54:27.761383,2.7,64.6,72.4,
2026-01-06T08:54:33.656379,14.0,64.6,72.4,
2026-01-06T08:54:35.176830,0.8,64.6,72.4,
2026-01-06T08:54:41.124880,13.4,65.2,72.4,
2026-01-06T08:54:42.636163,0.8,65.3,72.4,
2026-01-06T08:54:48.538456,14.4,65.1,72.4,
2026-01-06T08:54:50.056922,1.4,65.0,72.4,
2026-01-06T08:54:55.966002,14.1,64.8,72.4,
2026-01-06T08:54:57.494103,2.1,64.8,72.4,
2026-01-06T08:55:03.362494,16.3,61.3,72.2,
2026-01-06T08:55:04.871883,2.9,61.3,72.2,
2026-01-06T08:55:10.761042,15.2,60.5,72.2,
2026-01-06T08:55:12.268690,0.6,60.5,72.2,
2026-01-06T08:55:18.154990,14.6,60.4,72.2,
2026-01-06T08:55:19.672006,1.4,60.4,72.2,
2026-01-06T08:55:25.554948,11.5,60.5,72.2,
2026-01-06T08:55:27.070971,0.8,60.5,72.2,
2026-01-06T08:55:32.959290,15.2,60.5,72.2,
2026-01-06T08:55:34.469128,1.2,60.5,72.2,
2026-01-06T08:55:40.325342,14.7,60.4,72.1,
2026-01-06T08:55:41.836540,1.8,60.5,72.1,
2026-01-06T08:55:47.679263,13.4,60.5,72.1,
2026-01-06T08:55:49.201069,0.6,60.5,72.1,
2026-01-06T08:55:55.040355,14.8,60.2,72.1,
2026-01-06T08:55:56.552583,1.0,60.1,72.1,
2026-01-06T08:56:02.426960,14.3,60.2,72.1,
2026-01-06T08:56:03.949810,1.6,60.2,72.1,
2026-01-06T08:56:09.836703,15.0,60.1,72.1,
2026-01-06T08:56:11.347991,1.0,60.1,72.1,
2026-01-06T08:56:17.247642,14.3,60.0,72.1,
2026-01-06T08:56:18.763472,1.2,60.0,72.1,
2026-01-06T08:56:24.632194,16.0,60.0,72.1,
2026-01-06T08:56:26.141361,0.4,60.0,72.1,
2026-01-06T08:56:32.000641,15.9,60.0,72.1,
2026-01-06T08:56:33.513010,1.2,60.0,72.1,
2026-01-06T08:56:39.402432,15.1,59.9,72.1,
2026-01-06T08:56:40.911882,0.8,59.9,72.1,
2026-01-06T08:56:46.792820,14.7,59.9,72.1,
2026-01-06T08:56:48.312058,2.4,59.9,72.1,
2026-01-06T08:56:54.191123,13.5,60.0,72.1,
2026-01-06T08:56:55.707639,1.0,59.9,72.1,
2026-01-06T08:57:01.592973,16.4,59.9,72.1,
2026-01-06T08:57:03.114453,0.0,59.8,72.1,
2026-01-06T08:57:08.976427,14.3,59.8,72.1,
2026-01-06T08:57:10.496735,0.6,59.8,72.1,
2026-01-06T08:57:16.280448,14.9,59.8,72.1,
2026-01-06T08:57:17.796462,0.2,59.8,72.1,
2026-01-06T08:57:23.601375,16.1,59.8,72.1,
2026-01-06T08:57:25.120131,0.0,59.8,72.1,
2026-01-06T08:57:30.985598,13.3,59.7,72.1,
2026-01-06T08:57:32.502905,0.2,59.7,72.1,
2026-01-06T08:57:38.400762,16.0,59.7,72.1,
2026-01-06T08:57:39.918866,0.6,59.7,72.1,
2026-01-06T08:57:45.778027,16.3,59.8,72.1,
2026-01-06T08:57:47.288325,0.0,59.7,72.1,
2026-01-06T08:57:53.126606,14.7,59.8,72.1,
2026-01-06T08:57:54.639604,0.2,59.8,72.1,
2026-01-06T08:58:00.478973,12.7,59.8,72.1,
2026-01-06T08:58:01.986809,1.4,59.8,72.1,
2026-01-06T08:58:07.849008,15.3,59.8,72.1,
2026-01-06T08:58:09.364342,0.2,59.8,72.1,
2026-01-06T08:58:15.194166,16.1,59.7,72.1,
2026-01-06T08:58:16.702769,0.2,59.7,72.1,
2026-01-06T08:58:22.555955,14.3,59.7,72.1,
2026-01-06T08:58:24.072025,0.4,59.7,72.1,
2026-01-06T08:58:29.955295,12.7,59.6,72.1,
2026-01-06T08:58:31.473518,0.4,59.6,72.1,
2026-01-06T08:58:37.308445,18.0,59.7,72.1,
2026-01-06T08:58:38.828928,0.0,59.7,72.1,
2026-01-06T08:58:44.666190,14.8,59.6,72.1,
2026-01-06T08:58:46.179894,0.6,59.6,72.1,
2026-01-06T08:58:52.022777,15.4,59.7,72.1,
2026-01-06T08:58:53.531308,0.4,59.7,72.1,
2026-01-06T08:58:59.408203,16.2,59.7,72.1,
2026-01-06T08:59:00.917227,0.2,59.7,72.1,
2026-01-06T08:59:06.758680,15.7,59.7,72.1,
2026-01-06T08:59:08.263191,0.2,59.7,72.1,
2026-01-06T08:59:14.095280,13.9,59.8,72.1,
2026-01-06T08:59:15.609083,0.8,59.8,72.1,
2026-01-06T08:59:21.419470,15.7,59.7,72.0,
2026-01-06T08:59:22.931271,0.2,59.7,72.0,
2026-01-06T08:59:28.740835,13.5,59.7,72.0,
2026-01-06T08:59:30.255454,0.0,59.7,72.0,
2026-01-06T08:59:36.071342,11.2,59.9,72.0,
2026-01-06T08:59:37.592250,1.1,59.9,72.0,
2026-01-06T08:59:43.489517,17.1,59.7,72.0,
2026-01-06T08:59:45.005844,0.6,59.7,72.0,
2026-01-06T08:59:50.805290,14.6,59.8,72.0,
2026-01-06T08:59:52.326088,3.4,59.9,72.0,
2026-01-06T08:59:58.219399,17.2,59.7,72.0,
2026-01-06T09:00:11.681482,14.8,63.0,71.9,
2026-01-06T09:00:13.190353,4.4,63.1,71.9,
2026-01-06T09:00:19.033199,13.6,63.0,71.9,
2026-01-06T09:00:20.550262,0.4,63.0,71.9,
2026-01-06T09:00:26.421645,13.7,63.0,71.9,
2026-01-06T09:00:27.934001,0.2,63.0,71.9,
2026-01-06T09:00:33.797661,14.4,62.8,71.9,
2026-01-06T09:00:35.306386,0.2,62.8,71.9,
2026-01-06T09:00:41.203910,12.9,62.8,71.9,
2026-01-06T09:00:42.715382,0.2,62.8,71.9,
2026-01-06T09:00:48.646282,17.3,63.3,71.9,
2026-01-06T09:00:50.152542,0.6,63.3,71.9,
2026-01-06T09:00:56.075244,12.7,63.3,71.9,
2026-01-06T09:00:57.586099,1.6,63.6,71.9,
2026-01-06T09:01:03.450913,16.7,59.6,71.9,
2026-01-06T09:01:04.961204,10.1,60.0,71.9,
2026-01-06T09:01:10.803992,14.9,60.0,71.9,
2026-01-06T09:01:12.322561,0.8,59.9,71.9,
2026-01-06T09:01:18.238099,13.8,59.2,71.9,
2026-01-06T09:01:19.748619,3.2,59.2,71.9,
2026-01-06T09:01:25.669728,21.7,59.2,71.9,
2026-01-06T09:01:27.183240,6.8,59.1,71.9,
2026-01-06T09:01:33.030184,14.5,59.2,71.9,
2026-01-06T09:01:34.543103,0.4,59.2,71.9,
2026-01-06T09:01:40.446404,15.6,59.4,71.9,
2026-01-06T09:01:41.961367,2.3,59.4,71.9,
2026-01-06T09:01:47.837595,18.1,59.6,71.9,
2026-01-06T09:01:49.345738,2.2,59.6,71.9,
2026-01-06T09:01:55.251831,18.9,61.4,71.9,
2026-01-06T09:01:56.759617,4.3,63.4,71.9,
2026-01-06T09:02:02.656799,19.4,64.3,71.9,
2026-01-06T09:02:04.163342,3.5,64.3,71.9,
2026-01-06T09:02:10.118612,15.8,64.4,71.9,
2026-01-06T09:02:11.627504,0.2,64.2,71.9,
2026-01-06T09:02:17.531994,15.2,64.1,71.9,
2026-01-06T09:02:19.045215,0.0,64.1,71.9,
2026-01-06T09:02:24.914541,14.5,63.7,71.9,
2026-01-06T09:02:26.433113,0.4,63.7,71.9,
2026-01-06T09:02:32.351372,16.2,63.6,71.9,
2026-01-06T09:02:33.871818,0.2,63.6,71.9,
2026-01-06T09:02:39.729102,13.5,63.6,71.9,
2026-01-06T09:02:41.240045,0.2,63.6,71.9,
2026-01-06T09:02:47.123147,13.8,63.6,71.9,
2026-01-06T09:02:48.636316,0.0,63.6,71.9,
2026-01-06T09:02:54.523573,13.8,63.7,71.9,
2026-01-06T09:02:56.043077,1.6,60.6,71.9,
2026-01-06T09:03:01.882959,17.0,59.7,71.9,
2026-01-06T09:03:03.405982,0.4,59.6,71.9,
2026-01-06T09:03:09.272721,15.6,59.7,71.9,
2026-01-06T09:03:10.791592,2.9,59.7,71.9,
2026-01-06T09:03:16.706000,15.0,59.7,71.9,
2026-01-06T09:03:18.220069,0.4,59.7,71.9,
2026-01-06T09:03:30.021629,15.9,63.8,71.9,
2026-01-06T09:03:31.531198,1.0,63.8,71.9,
2026-01-06T09:03:37.375983,15.8,63.9,71.9,
2026-01-06T09:03:38.885254,0.0,63.9,71.9,
2026-01-06T09:03:44.777759,15.6,63.9,71.9,
2026-01-06T09:03:46.284195,0.0,63.9,71.9,
2026-01-06T09:03:52.130685,14.6,63.7,71.9,
2026-01-06T09:03:53.641072,1.2,63.6,71.9,
2026-01-06T09:03:59.463369,15.2,63.6,71.9,
2026-01-06T09:04:00.985131,0.4,63.6,71.9,
2026-01-06T09:04:06.802767,13.0,63.7,71.9,
2026-01-06T09:04:08.315068,0.4,63.6,71.9,
2026-01-06T09:04:14.214540,15.1,63.5,71.9,
2026-01-06T09:04:15.734978,0.0,63.6,71.9,
2026-01-06T09:04:21.676931,13.0,59.8,71.9,
2026-01-06T09:04:23.184842,2.5,59.6,71.9,
2026-01-06T09:04:29.014945,14.0,59.7,71.9,
2026-01-06T09:04:30.529388,2.5,59.7,71.9,
2026-01-06T09:04:36.436664,16.4,59.6,71.9,
2026-01-06T09:04:37.945232,4.2,59.7,71.9,
2026-01-06T09:04:43.817139,13.7,59.6,71.9,
2026-01-06T09:04:45.326457,1.2,59.6,71.9,
2026-01-06T09:04:51.217959,14.5,59.7,71.9,
2026-01-06T09:04:52.727141,1.4,59.8,71.9,
2026-01-06T09:04:58.608470,13.7,59.7,71.9,
2026-01-06T09:05:00.125181,3.3,59.7,71.9,
2026-01-06T09:05:06.041659,15.0,59.6,71.9,
2026-01-06T09:05:07.547638,4.1,59.6,71.9,
2026-01-06T09:05:13.401359,16.3,59.7,71.9,
2026-01-06T09:05:14.907367,1.0,59.7,71.9,
2026-01-06T09:05:20.849083,16.2,59.6,71.9,
2026-01-06T09:05:22.357286,1.4,59.6,71.9,
2026-01-06T09:05:28.250384,16.9,59.7,71.9,
2026-01-06T09:05:29.756071,0.8,59.7,71.9,
2026-01-06T09:05:35.695414,17.5,59.7,71.9,
2026-01-06T09:05:37.204845,2.9,59.7,71.9,
2026-01-06T09:05:43.124032,14.7,59.7,71.9,
2026-01-06T09:05:44.634414,2.9,59.8,71.9,
2026-01-06T09:05:50.542057,14.4,59.8,71.9,
2026-01-06T09:05:52.051941,8.4,60.0,71.9,
2026-01-06T09:05:57.928207,16.1,60.0,71.9,
2026-01-06T09:05:59.439734,2.1,60.0,71.9,
2026-01-06T09:06:05.381393,14.1,60.0,71.9,
2026-01-06T09:06:06.901658,1.0,60.0,71.9,
2026-01-06T09:06:12.782085,15.3,59.9,71.9,
2026-01-06T09:06:14.302524,1.9,59.9,71.9,
2026-01-06T09:06:20.199049,14.9,59.9,71.9,
2026-01-06T09:06:21.717057,1.2,60.0,71.9,
2026-01-06T09:06:27.599802,14.2,60.0,71.9,
2026-01-06T09:06:29.116794,2.8,59.9,71.9,
2026-01-06T09:06:35.001264,10.7,59.8,71.9,
2026-01-06T09:06:36.510965,1.8,59.9,71.9,
2026-01-06T09:06:42.401664,14.0,59.9,71.9,
2026-01-06T09:06:43.914753,2.9,59.8,71.9,
2026-01-06T09:06:49.775885,14.9,59.8,71.9,
2026-01-06T09:06:51.298826,1.9,59.9,71.9,
2026-01-06T09:06:57.225450,14.0,59.9,71.9,
2026-01-06T09:06:58.759368,2.2,60.0,71.9,
2026-01-06T09:07:04.635382,14.0,59.9,71.9,
2026-01-06T09:07:06.143000,3.5,59.8,71.9,
2026-01-06T09:07:12.032291,14.3,60.0,71.9,
2026-01-06T09:07:13.540111,0.8,60.1,71.9,
2026-01-06T09:07:19.405208,15.6,59.9,71.9,
2026-01-06T09:07:20.928867,1.2,59.9,71.9,
2026-01-06T09:07:26.826187,15.9,59.9,71.9,
2026-01-06T09:07:28.332910,2.0,60.0,71.9,
2026-01-06T09:07:34.234712,16.3,59.9,71.9,
2026-01-06T09:07:35.742742,2.7,59.9,71.9,
2026-01-06T09:07:41.646822,13.2,59.9,71.9,
2026-01-06T09:07:43.158906,5.4,59.9,71.9,
2026-01-06T09:07:49.120329,14.3,60.1,71.9,
2026-01-06T09:07:50.630085,1.4,60.0,71.9,
2026-01-06T09:07:56.543160,12.7,59.9,71.9,
2026-01-06T09:07:58.056556,1.7,59.9,71.9,
2026-01-06T09:08:03.971020,16.0,59.9,71.9,
2026-01-06T09:08:05.488775,2.1,59.8,71.9,
2026-01-06T09:08:11.339774,18.8,59.9,71.9,
2026-01-06T09:08:12.855122,1.0,59.9,71.9,
2026-01-06T09:08:18.760691,17.2,59.9,71.9,
2026-01-06T09:08:20.273285,3.9,59.9,71.9,
2026-01-06T09:08:26.159016,16.7,60.1,71.9,
2026-01-06T09:08:27.671751,5.1,60.2,71.9,
2026-01-06T09:08:33.551752,12.5,60.2,71.9,
2026-01-06T09:08:35.063192,1.2,60.2,71.9,
2026-01-06T09:08:40.984295,14.4,59.7,71.9,
2026-01-06T09:08:42.502420,3.1,59.7,71.9,
2026-01-06T09:08:48.403230,15.6,59.6,71.9,
2026-01-06T09:08:49.923707,1.2,59.5,71.9,
2026-01-06T09:08:55.801123,12.2,59.7,71.9,
2026-01-06T09:08:57.310939,2.4,59.5,71.9,
2026-01-06T09:09:03.101588,14.1,59.5,71.9,
2026-01-06T09:09:04.616195,0.6,59.5,71.9,
2026-01-06T09:09:10.502310,12.5,59.4,71.9,
2026-01-06T09:09:12.011528,1.0,59.5,71.9,
2026-01-06T09:09:17.895490,17.3,59.3,71.9,
2026-01-06T09:09:19.416415,1.2,59.3,71.9,
2026-01-06T09:09:25.257469,13.1,59.5,71.9,
2026-01-06T09:09:26.764106,4.7,59.5,71.9,
2026-01-06T09:09:32.668755,16.3,59.4,71.9,
2026-01-06T09:09:34.183261,1.2,59.4,71.9,
2026-01-06T09:09:40.023145,14.2,59.4,71.9,
2026-01-06T09:09:41.547317,1.0,59.4,71.9,
2026-01-06T09:09:47.415705,15.3,59.4,71.9,
2026-01-06T09:09:48.925622,0.2,59.4,71.9,
2026-01-06T09:09:54.787947,14.8,59.5,71.9,
2026-01-06T09:09:56.295249,1.0,59.5,71.9,
2026-01-06T09:10:02.172869,17.4,59.4,71.9,
2026-01-06T09:10:03.693532,1.4,59.4,71.9,
2026-01-06T09:10:09.593057,14.6,59.4,71.9,
2026-01-06T09:10:11.109742,2.9,59.4,71.9,
2026-01-06T09:10:16.964268,14.3,59.4,71.9,
2026-01-06T09:10:18.475615,1.9,59.5,71.9,
2026-01-06T09:10:24.320938,16.1,59.6,71.9,
2026-01-06T09:10:25.833037,1.0,59.5,71.9,
2026-01-06T09:10:31.747752,13.3,59.5,71.9,
2026-01-06T09:10:33.258517,0.6,59.5,71.9,
2026-01-06T09:10:39.133453,13.9,59.5,71.9,
2026-01-06T09:10:40.640387,1.4,59.5,71.9,
2026-01-06T09:10:46.510162,15.9,59.5,71.9,
2026-01-06T09:10:48.023351,1.6,59.5,71.9,
2026-01-06T09:10:53.884673,15.8,59.5,71.9,
2026-01-06T09:10:55.404536,0.8,59.4,71.9,
2026-01-06T09:11:01.242712,13.9,59.4,71.9,
2026-01-06T09:11:02.753650,0.8,59.4,71.9,
2026-01-06T09:11:08.593307,13.3,59.4,71.9,
2026-01-06T09:11:10.103287,1.6,59.3,71.9,
2026-01-06T09:11:15.952464,14.7,59.3,71.9,
2026-01-06T09:11:17.469630,1.0,59.3,71.9,
2026-01-06T09:11:23.365188,15.9,59.4,71.9,
2026-01-06T09:11:24.885019,1.2,59.3,71.9,
2026-01-06T09:11:30.711818,15.2,59.3,71.9,
2026-01-06T09:11:32.233306,0.8,59.3,71.9,
2026-01-06T09:11:38.086694,15.4,59.3,71.9,
2026-01-06T09:11:39.601676,1.2,59.3,71.9,
2026-01-06T09:11:45.460148,14.9,59.3,71.9,
2026-01-06T09:11:46.965988,2.4,59.2,71.9,
2026-01-06T09:11:52.828867,14.3,59.3,71.9,
2026-01-06T09:11:54.348556,2.8,59.3,71.9,
2026-01-06T09:12:00.196452,15.6,59.5,71.9,
2026-01-06T09:12:01.715638,0.2,59.4,71.9,
2026-01-06T09:12:07.619818,11.6,59.4,71.9,
2026-01-06T09:12:09.137053,0.0,59.3,71.9,
2026-01-06T09:12:14.955374,15.4,59.3,71.9,
2026-01-06T09:12:16.474981,0.0,59.3,71.9,
2026-01-06T09:12:22.332746,12.7,59.4,71.9,
2026-01-06T09:12:23.845466,0.0,59.3,71.9,
2026-01-06T09:12:29.668059,14.5,59.3,71.9,
2026-01-06T09:12:31.199776,0.6,59.3,71.9,
2026-01-06T09:12:37.048251,14.6,59.3,71.9,
2026-01-06T09:12:38.562646,0.2,59.3,71.9,
2026-01-06T09:12:44.454068,16.4,59.2,71.9,
2026-01-06T09:12:45.977569,1.0,59.2,71.9,
2026-01-06T09:12:51.839808,14.0,59.3,71.9,
2026-01-06T09:12:53.360239,1.9,59.3,71.9,
2026-01-06T09:12:59.221530,17.3,59.3,71.9,
2026-01-06T09:13:00.739391,1.4,59.3,71.9,
2026-01-06T09:13:06.701094,9.1,59.3,71.9,
2026-01-06T09:13:08.206648,3.1,59.3,71.9,
2026-01-06T09:13:14.127546,15.4,59.3,71.9,
2026-01-06T09:13:15.640291,2.1,59.7,71.9,
2026-01-06T09:13:21.527832,14.6,59.7,71.9,
2026-01-06T09:13:23.037943,1.0,59.7,71.9,
2026-01-06T09:13:28.928947,14.4,59.7,71.9,
2026-01-06T09:13:30.438522,1.8,59.9,71.9,
2026-01-06T09:13:36.313382,17.4,60.2,71.9,
2026-01-06T09:13:37.825786,0.6,60.3,71.9,
2026-01-06T09:13:43.740904,16.3,60.3,71.9,
2026-01-06T09:13:45.255220,2.0,60.3,71.9,
2026-01-06T09:13:51.128983,17.8,60.3,71.9,
2026-01-06T09:13:52.636814,3.9,60.4,71.9,
2026-01-06T09:13:58.548770,13.9,60.3,71.9,
2026-01-06T09:14:00.067415,2.0,60.3,71.9,
2026-01-06T09:14:05.979817,14.1,60.4,71.9,
2026-01-06T09:14:07.495145,0.0,60.4,71.9,
2026-01-06T09:14:13.323018,16.2,60.2,71.9,
2026-01-06T09:14:14.835201,1.0,60.2,71.9,
2026-01-06T09:14:20.748453,14.5,60.2,71.9,
2026-01-06T09:14:22.266851,3.3,60.2,71.9,
2026-01-06T09:14:28.076475,14.5,60.3,71.9,
2026-01-06T09:14:29.582545,3.7,60.4,71.9,
2026-01-06T09:14:35.496643,15.8,60.3,71.9,
2026-01-06T09:14:37.014167,2.0,60.4,71.9,
2026-01-06T09:14:42.939287,15.2,60.4,71.9,
2026-01-06T09:14:44.447869,1.2,60.4,71.9,
2026-01-06T09:14:50.311394,13.3,60.4,71.9,
2026-01-06T09:14:51.830743,1.2,60.4,71.9,
2026-01-06T09:14:57.706042,12.2,60.6,71.9,
2026-01-06T09:14:59.211950,1.6,60.6,71.9,
2026-01-06T09:15:05.090303,16.0,60.6,71.9,
2026-01-06T09:15:06.595596,2.0,60.6,71.9,
2026-01-06T09:15:12.491131,14.4,60.6,71.9,
2026-01-06T09:15:14.010602,2.0,60.6,71.9,
2026-01-06T09:15:19.894349,14.1,60.6,71.9,
2026-01-06T09:15:21.410421,1.2,60.6,71.9,
2026-01-06T09:15:27.273587,15.2,60.6,71.9,
2026-01-06T09:15:28.793730,0.4,60.6,71.9,
2026-01-06T09:15:34.638033,15.6,60.6,71.9,
2026-01-06T09:15:36.159568,1.6,60.5,71.9,
2026-01-06T09:15:42.293221,16.0,60.6,71.9,
2026-01-06T09:15:43.807469,0.2,60.6,71.9,
2026-01-06T09:15:49.709175,15.7,60.6,71.9,
2026-01-06T09:15:51.221711,1.4,60.5,71.9,
2026-01-06T09:15:57.110323,15.1,60.6,71.9,
2026-01-06T09:15:58.623571,0.8,60.6,71.9,
2026-01-06T09:16:04.547707,15.3,60.6,71.9,
2026-01-06T09:16:06.054960,1.0,60.6,71.9,
2026-01-06T09:16:11.973861,13.9,60.6,71.9,
2026-01-06T09:16:13.488876,0.4,60.6,71.9,
2026-01-06T09:16:19.340625,16.2,60.6,71.9,
2026-01-06T09:16:20.852075,1.3,60.6,71.9,
2026-01-06T09:16:26.754826,16.0,60.6,71.9,
2026-01-06T09:16:28.270230,1.2,60.6,71.9,
2026-01-06T09:16:34.190229,15.1,60.6,71.9,
2026-01-06T09:16:35.703112,1.0,60.6,71.9,
2026-01-06T09:16:41.590608,15.5,60.6,71.9,
2026-01-06T09:16:43.102500,0.6,60.6,71.9,
2026-01-06T09:16:48.981423,13.2,60.6,71.9,
2026-01-06T09:16:50.501556,2.1,60.6,71.9,
2026-01-06T09:16:56.388595,13.7,60.6,71.9,
2026-01-06T09:16:57.903762,0.8,60.6,71.9,
2026-01-06T09:17:03.783812,15.7,60.6,71.9,
2026-01-06T09:17:05.300143,1.0,60.6,71.9,
2026-01-06T09:17:11.143795,15.5,60.6,71.9,
2026-01-06T09:17:12.666560,1.4,60.6,71.9,
2026-01-06T09:17:18.526230,13.1,60.6,71.9,
2026-01-06T09:17:20.031792,1.0,60.6,71.9,
2026-01-06T09:17:25.932098,12.5,60.6,71.9,
2026-01-06T09:17:27.446878,0.8,60.6,71.9,
2026-01-06T09:17:33.340103,14.4,60.6,71.9,
2026-01-06T09:17:34.848831,2.1,60.6,71.9,
2026-01-06T09:17:40.773093,14.4,64.0,71.9,
2026-01-06T09:17:42.294633,1.8,63.6,71.9,
2026-01-06T09:17:48.222343,14.0,63.6,71.9,
2026-01-06T09:17:49.731282,0.4,58.9,71.9,
2026-01-06T09:17:55.663451,19.5,60.3,71.9,
2026-01-06T09:17:57.177803,4.7,61.2,71.9,
2026-01-06T09:18:03.101987,15.7,59.8,71.9,
2026-01-06T09:18:04.627417,3.9,59.8,71.9,
2026-01-06T09:18:10.524525,16.0,59.3,71.9,
2026-01-06T09:18:12.043726,1.8,59.3,71.9,
2026-01-06T09:18:17.945641,15.0,59.3,71.9,
2026-01-06T09:18:19.457732,1.2,59.2,71.9,
2026-01-06T09:18:25.338159,15.7,59.3,71.9,
2026-01-06T09:18:26.858532,0.8,59.3,71.9,
2026-01-06T09:18:32.881107,13.5,60.8,71.9,
2026-01-06T09:18:34.391101,1.2,60.8,71.9,
2026-01-06T09:18:40.256482,17.2,57.7,71.8,
2026-01-06T09:18:41.771241,5.5,57.2,71.8,
2026-01-06T09:18:47.715428,14.1,57.4,71.8,
2026-01-06T09:18:49.222318,3.2,57.4,71.8,
2026-01-06T09:18:55.126146,17.5,57.7,71.8,
2026-01-06T09:18:56.638003,1.6,57.9,71.8,
2026-01-06T09:19:02.550780,13.5,57.1,71.8,
2026-01-06T09:19:04.070990,1.6,57.1,71.8,
2026-01-06T09:19:09.930089,13.2,56.9,71.8,
2026-01-06T09:19:11.436699,0.8,56.9,71.8,
2026-01-06T09:19:17.345435,21.3,57.7,71.8,
2026-01-06T09:19:18.851797,2.1,57.3,71.8,
2026-01-06T09:19:24.778178,14.6,57.7,71.8,
2026-01-06T09:19:26.285290,1.2,57.7,71.8,
2026-01-06T09:19:32.189669,14.8,57.5,71.8,
2026-01-06T09:19:33.704975,1.7,57.5,71.8,
2026-01-06T09:19:39.589973,15.1,57.5,71.9,
2026-01-06T09:19:41.099222,1.0,57.4,71.9,
2026-01-06T09:19:47.003065,15.7,57.2,71.9,
2026-01-06T09:19:48.517399,3.3,57.6,71.9,
2026-01-06T09:19:54.396484,16.4,57.5,71.9,
2026-01-06T09:19:55.917231,1.6,57.5,71.9,
2026-01-06T09:20:01.759097,15.1,57.5,71.9,
2026-01-06T09:20:03.279805,2.4,57.5,71.9,
2026-01-06T09:20:09.212932,14.8,57.4,71.9,
2026-01-06T09:20:10.729522,1.6,57.4,71.9,
2026-01-06T09:20:16.574224,14.9,57.4,71.9,
2026-01-06T09:20:18.094609,3.8,57.9,71.9,
2026-01-06T09:20:23.911472,14.2,57.9,71.9,
2026-01-06T09:20:25.426783,1.2,57.9,71.9,
2026-01-06T09:20:31.355436,14.6,57.8,71.9,
2026-01-06T09:20:32.876209,2.7,57.8,71.9,
2026-01-06T09:20:38.837440,14.9,57.7,71.9,
2026-01-06T09:20:40.344092,6.6,56.8,71.9,
2026-01-06T09:20:46.280743,15.9,53.0,71.8,
2026-01-06T09:20:47.790998,1.2,53.0,71.8,
2026-01-06T09:20:53.669064,16.0,50.7,71.8,
2026-01-06T09:20:55.177120,1.6,50.7,71.8,
2026-01-06T09:21:01.075232,14.5,47.8,71.8,
2026-01-06T09:21:02.590055,1.5,44.1,71.8,
2026-01-06T09:21:08.467702,16.1,44.1,71.8,
2026-01-06T09:21:09.975113,1.0,44.1,71.8,
2026-01-06T22:25:27.209182,13.3,54.5,71.3,
2026-01-06T22:25:28.759912,2.6,54.8,71.3,
2026-01-06T22:25:34.788208,15.2,54.6,71.3,
2026-01-06T22:25:36.312345,7.0,55.3,71.3,
2026-01-06T22:25:42.160003,15.6,55.6,71.3,
2026-01-06T22:25:43.669200,0.4,55.6,71.3,
2026-01-06T22:25:49.603918,13.2,55.7,71.3,
2026-01-06T22:25:51.130151,5.8,55.7,71.3,
2026-01-06T22:25:57.112805,16.1,50.6,71.3,
2026-01-06T22:25:58.625806,3.3,50.7,71.3,
2026-01-06T22:26:04.549144,14.3,50.8,71.3,
2026-01-06T22:26:06.076234,1.6,50.9,71.3,
2026-01-06T22:26:11.996196,16.4,50.8,71.3,
2026-01-06T22:26:13.524894,2.6,50.8,71.3,
2026-01-06T22:26:19.446239,13.8,51.1,71.3,
2026-01-06T22:26:20.956611,5.9,51.4,71.3,
2026-01-06T22:26:26.861874,12.8,51.5,71.3,
2026-01-06T22:26:28.387014,0.4,51.4,71.3,
2026-01-06T22:26:34.302379,8.9,51.3,71.3,
2026-01-06T22:26:35.816521,0.0,51.3,71.3,
2026-01-06T22:26:41.746632,13.0,51.3,71.3,
2026-01-06T22:26:43.256128,0.4,51.3,71.3,
2026-01-06T22:26:49.168658,14.6,51.3,71.3,
2026-01-06T22:26:50.677365,2.1,51.4,71.3,
2026-01-06T22:26:56.595421,14.2,51.4,71.3,
2026-01-06T22:26:58.119836,0.4,51.4,71.3,
2026-01-06T22:27:04.051030,15.5,51.6,71.3,
2026-01-06T22:27:05.568993,2.3,51.6,71.3,
2026-01-06T22:27:11.457929,17.3,51.7,71.3,
2026-01-06T22:27:24.775889,17.4,54.7,71.3,
2026-01-06T22:27:26.298250,1.6,54.7,71.3,
2026-01-06T22:27:32.274084,16.0,55.2,71.3,
2026-01-06T22:27:33.785075,5.3,55.7,71.3,
2026-01-06T22:27:39.789127,16.4,56.9,71.3,
2026-01-06T22:27:41.308103,0.2,56.9,71.3,
2026-01-06T22:27:47.229465,13.9,56.6,71.3,
2026-01-06T22:27:48.742336,1.4,56.6,71.3,
2026-01-06T22:27:54.625726,14.7,56.4,71.3,
2026-01-06T22:27:56.145298,1.4,56.4,71.3,
2026-01-06T22:28:02.075474,13.6,56.5,71.3,
2026-01-06T22:28:03.597966,1.0,56.4,71.3,
2026-01-06T22:28:09.506366,14.1,56.1,71.3,
2026-01-06T22:28:11.018584,1.4,56.0,71.3,
2026-01-06T22:28:16.943152,14.3,55.9,71.3,
2026-01-06T22:28:18.463503,1.4,55.9,71.3,
2026-01-06T22:28:24.383120,14.3,56.0,71.3,
2026-01-06T22:28:25.895963,0.8,56.2,71.3,
2026-01-06T22:28:31.881108,15.8,56.0,71.3,
2026-01-06T22:28:33.393235,1.2,52.0,71.3,
2026-01-06T22:28:39.302466,15.2,52.1,71.3,
2026-01-06T22:28:40.822380,1.4,52.1,71.3,
2026-01-06T22:28:46.753781,17.1,52.3,71.3,
2026-01-06T22:28:48.276358,4.5,52.2,71.3,
2026-01-06T22:28:54.208989,16.0,52.4,71.3,
2026-01-06T22:28:55.720519,4.3,52.5,71.3,
2026-01-06T22:29:01.590912,18.2,55.7,71.3,
2026-01-06T22:29:03.100340,3.0,54.4,71.4,
2026-01-06T22:29:09.046926,17.1,51.5,71.3,
2026-01-06T22:29:10.558448,0.4,51.6,71.3,
2026-01-06T22:29:16.509005,14.2,51.1,71.3,
2026-01-06T22:29:18.023318,2.2,51.2,71.3,
2026-01-06T22:29:23.944923,16.3,51.2,71.3,
2026-01-06T22:29:25.467758,2.7,51.1,71.3,
2026-01-06T22:29:31.400845,13.7,51.1,71.3,
2026-01-06T22:29:32.917283,1.6,51.2,71.3,
2026-01-06T22:29:38.832048,15.1,51.2,71.3,
2026-01-06T22:29:40.349301,1.8,51.2,71.3,
2026-01-06T22:29:46.277507,18.2,51.3,71.3,
2026-01-06T22:29:47.783708,4.7,51.3,71.3,
2026-01-06T22:29:53.640613,15.0,51.3,71.3,
2026-01-06T22:29:55.149719,3.3,51.4,71.3,
2026-01-06T22:30:01.088259,14.6,51.3,71.3,
2026-01-06T22:30:02.601291,2.7,51.3,71.3,
2026-01-06T22:30:10.346892,0.6,51.3,71.3,
2026-01-06T22:30:11.868125,1.0,51.3,71.3,
2026-01-06T22:30:21.545913,1.0,51.2,71.3,
2026-01-06T22:30:23.059218,1.4,51.3,71.3,
2026-01-06T22:30:32.650562,0.8,51.4,71.3,
2026-01-07T10:31:10.477017,0.4,60.7,71.5,
2026-01-07T10:31:11.989997,2.4,60.9,71.5,
2026-01-07T10:31:21.652811,1.0,60.9,71.5,
2026-01-07T10:31:23.165046,2.1,60.9,71.5,
2026-01-07T10:31:32.795587,0.6,61.1,71.5,
2026-01-07T10:31:34.314863,1.3,61.1,71.5,
2026-01-07T10:31:43.938810,1.2,61.0,71.5,
2026-01-07T10:31:45.461682,2.9,61.0,71.5,
2026-01-07T10:31:51.420434,16.0,61.5,71.5,
2026-01-07T10:31:52.937186,0.2,61.6,71.5,
2026-01-07T10:31:58.803985,13.8,61.5,71.5,
2026-01-07T10:32:00.315368,0.8,61.5,71.5,
2026-01-07T10:32:06.166904,12.5,61.5,71.5,
2026-01-07T10:32:07.675241,2.6,61.5,71.5,
2026-01-07T10:32:13.553380,13.2,61.6,71.5,
